url,tienda,ean,nombre,marca,mpn,color,material_montura,forma,tipo_montura,genero,ancho_montura,ancho_puente,ancho_lente,largo_varilla,modelo,precio_actual,precio_anterior,pvp,en_oferta,descuento_pct,outlet,precio_solo_montura,disponible,venta_online,ts_captura
https://www.optica2000.com/gafas-graduadas/armani-exchange-ax1019-6093/7895653290969,optica2000,7895653290969,Armani Exchange AX1019 6093,Armani Exchange,,Gris,Metal,Cuadrado,Aro Completo,Hombre,125.0,17.0,54.0,140.0,AX1019 6093,81.2,116.0,116.0,True,30.0,True,True,True,False,2026-08-02T09:07:36+00:00
https://www.optica2000.com/gafas-graduadas/armani-exchange-ax1061-6084/8056262663691,optica2000,8056262663691,Armani Exchange AX1061 6084,Armani Exchange,,Gris,Metal,Cuadrado,Aro Completo,Hombre,131.0,17.0,57.0,140.0,AX1061 6084,105.0,,105.0,False,,False,True,True,True,2026-08-02T09:07:38+00:00
https://www.optica2000.com/gafas-graduadas/armani-exchange-ax1061-6084/8056597911627,optica2000,8056597911627,Armani Exchange AX1061 6099,Armani Exchange,,Azul,Metal,Cuadrado,Semi Al Aire,Hombre,131.0,17.0,57.0,140.0,AX1061 6099,105.0,,105.0,False,,False,True,True,True,2026-08-02T09:07:39+00:00
https://www.optica2000.com/gafas-graduadas/armani-exchange-ax1069-6003/8056262220245,optica2000,8056262220245,Armani Exchange AX1069 6003,Armani Exchange,,Gris,Metal,Rectángulo,Aro Completo,Hombre,129.0,17.0,56.0,145.0,AX1069 6003,100.0,,100.0,False,,False,True,True,True,2026-08-02T09:07:41+00:00
https://www.optica2000.com/gafas-graduadas/armani-exchange-ax1072-6045/8056262349281,optica2000,8056262349281,Armani Exchange AX1072 6045,Armani Exchange,,Plata,Metal,Cuadrado,Aro Completo,Mujer,123.0,17.0,53.0,140.0,AX1072 6045,100.0,,100.0,False,,False,True,True,True,2026-08-02T09:07:42+00:00
https://www.optica2000.com/gafas-graduadas/armani-exchange-ax1072-6103/8056262349298,optica2000,8056262349298,Armani Exchange AX1072 6103,Armani Exchange,,Oro,Metal,Cuadrado,Aro Completo,Mujer,123.0,17.0,53.0,140.0,AX1072 6103,100.0,,100.0,False,,False,True,True,True,2026-08-02T09:07:44+00:00
https://www.optica2000.com/gafas-graduadas/armani-exchange-ax1072-6110/8056262349304,optica2000,8056262349304,Armani Exchange AX1072 6110,Armani Exchange,,Oro,Metal,Cuadrado,Aro Completo,Mujer,123.0,17.0,53.0,140.0,AX1072 6110,100.0,,100.0,False,,False,True,True,True,2026-08-02T09:07:45+00:00
https://www.optica2000.com/gafas-graduadas/armani-exchange-ax1075-6000/8056262814437,optica2000,8056262814437,Armani Exchange AX1075 6000,Armani Exchange,,Negro,Metal,Rectángulo,Semi Al Aire,Hombre,128.0,18.0,55.0,145.0,AX1075 6000,100.0,,100.0,False,,False,True,True,True,2026-08-02T09:07:47+00:00
https://www.optica2000.com/gafas-graduadas/armani-exchange-ax1075-6000/8056262814451,optica2000,8056262814451,Armani Exchange AX1075 6130,Armani Exchange,,Azul,Metal,Rectángulo,Semi Al Aire,Hombre,128.0,18.0,55.0,145.0,AX1075 6130,100.0,,100.0,False,,False,True,True,False,2026-08-02T09:07:48+00:00
https://www.optica2000.com/gafas-graduadas/armani-exchange-ax1075-6000/8056262814468,optica2000,8056262814468,Armani Exchange AX1075 6131,Armani Exchange,,Marrón,Metal,Rectángulo,Semi Al Aire,Hombre,128.0,18.0,55.0,145.0,AX1075 6131,100.0,,100.0,False,,False,True,True,True,2026-08-02T09:07:50+00:00
https://www.optica2000.com/gafas-graduadas/armani-exchange-ax1077-6020/8056262814802,optica2000,8056262814802,Armani Exchange AX1077 6020,Armani Exchange,,Plata,Metal,Aviador,Aro Completo,"Unisex, Hombre, Mujer",128.0,14.0,57.0,145.0,AX1077 6020,110.0,,110.0,False,,False,True,True,True,2026-08-02T09:07:51+00:00
https://www.optica2000.com/gafas-graduadas/armani-exchange-ax1077-6020/8056262814819,optica2000,8056262814819,Armani Exchange AX1077 6106,Armani Exchange,,Bronce,Metal,Aviador,Aro Completo,"Unisex, Hombre, Mujer",128.0,14.0,57.0,145.0,AX1077 6106,110.0,,110.0,False,,False,True,True,True,2026-08-02T09:07:53+00:00
https://www.optica2000.com/gafas-graduadas/armani-exchange-ax3016-8078/8053672283303,optica2000,8053672283303,Armani Exchange AX3016 8078,Armani Exchange,,Negro,Inyectado,Cuadrado,Aro Completo,Hombre,123.0,17.0,53.0,145.0,AX3016 8078,100.0,,100.0,False,,False,True,True,True,2026-08-02T09:07:54+00:00
https://www.optica2000.com/gafas-graduadas/armani-exchange-ax3037-8037/7895653352551,optica2000,7895653352551,Armani Exchange AX3037 8410,Armani Exchange,,Azul,Inyectado,Ojo de gato,Aro Completo,Mujer,123.0,17.0,53.0,140.0,AX3037 8410,105.0,,105.0,False,,False,True,True,True,2026-08-02T09:07:55+00:00
https://www.optica2000.com/gafas-graduadas/armani-exchange-ax3037-8037/8053672627022,optica2000,8053672627022,Armani Exchange AX3037 8037,Armani Exchange,,Havana,Inyectado,Ojo de gato,Aro Completo,Mujer,123.0,17.0,53.0,140.0,AX3037 8037,105.0,,105.0,False,,False,True,True,True,2026-08-02T09:07:57+00:00
https://www.optica2000.com/gafas-graduadas/armani-exchange-ax3077-8001/8056262856161,optica2000,8056262856161,Armani Exchange AX3077 8001,Armani Exchange,,Negro,Inyectado,Rectángulo,Aro Completo,Hombre,125.0,17.0,54.0,145.0,AX3077 8001,105.0,,105.0,False,,False,True,True,True,2026-08-02T09:07:58+00:00
https://www.optica2000.com/gafas-graduadas/armani-exchange-ax3103-8239/7895653257573,optica2000,7895653257573,Armani Exchange AX3103 8078,Armani Exchange,,Negro,Inyectado,Rectángulo,Aro Completo,Hombre,126.0,16.0,55.0,145.0,AX3103 8078,105.0,,105.0,False,,False,True,True,True,2026-08-02T09:08:00+00:00
https://www.optica2000.com/gafas-graduadas/armani-exchange-ax3103-8239/7895653257580,optica2000,7895653257580,Armani Exchange AX3103 8181,Armani Exchange,,Azul,Inyectado,Rectángulo,Aro Completo,Hombre,126.0,16.0,55.0,145.0,AX3103 8181,105.0,,105.0,False,,False,True,True,False,2026-08-02T09:08:01+00:00
https://www.optica2000.com/gafas-graduadas/armani-exchange-ax3103-8239/7895653352568,optica2000,7895653352568,Armani Exchange AX3103 8239,Armani Exchange,,Gris,Inyectado,Rectángulo,Aro Completo,Hombre,126.0,16.0,55.0,145.0,AX3103 8239,105.0,,105.0,False,,False,True,True,True,2026-08-02T09:08:03+00:00
https://www.optica2000.com/gafas-graduadas/armani-exchange-ax3115/7895653287150,optica2000,7895653287150,Armani Exchange AX3115 8158,Armani Exchange,,Negro,Inyectado,Rectángulo,Aro Completo,Hombre,128.0,18.0,55.0,145.0,AX3115 8158,100.0,,100.0,False,,False,True,True,True,2026-08-02T09:08:04+00:00
https://www.optica2000.com/gafas-graduadas/armani-exchange-ax3115/7895653287167,optica2000,7895653287167,Armani Exchange AX3115 8344,Armani Exchange,,Marrón,Inyectado,Rectángulo,Aro Completo,Hombre,128.0,18.0,55.0,145.0,AX3115 8344,70.0,100.0,100.0,True,30.0,True,True,True,False,2026-08-02T09:25:59+00:00
https://www.optica2000.com/gafas-graduadas/armani-exchange-ax3116-8235/7895653318489,optica2000,7895653318489,Armani Exchange AX3116 8235,Armani Exchange,,Transparente,Inyectado,Rectángulo,Aro Completo,Hombre,127.0,17.0,55.0,145.0,AX3116 8235,95.0,,95.0,False,,False,True,True,True,2026-08-02T09:26:01+00:00
https://www.optica2000.com/gafas-graduadas/armani-exchange-ax3117u-8357/7895653318373,optica2000,7895653318373,Armani Exchange AX3117U 8357,Armani Exchange,,Marrón,Inyectado,Redondo,Aro Completo,Mujer,124.0,16.0,54.0,140.0,AX3117U 8357,66.5,95.0,95.0,True,30.0,True,True,True,False,2026-08-02T09:26:03+00:00
https://www.optica2000.com/gafas-graduadas/armani-exchange-ax3118u-6105/7895653319837,optica2000,7895653319837,Armani Exchange AX3118U 6105,Armani Exchange,,Azul,Inyectado,Rectángulo,Aro Completo,Hombre,127.0,17.0,55.0,145.0,AX3118U 6105,95.0,,95.0,False,,False,True,True,True,2026-08-02T09:26:11+00:00
https://www.optica2000.com/gafas-graduadas/armani-exchange-ax3118u-8058/7895653318694,optica2000,7895653318694,Armani Exchange AX3118U 8058,Armani Exchange,,Negro,Inyectado,Rectángulo,Aro Completo,Hombre,127.0,17.0,55.0,145.0,AX3118U 8058,95.0,,95.0,False,,False,True,True,True,2026-08-02T09:26:13+00:00
https://www.optica2000.com/gafas-graduadas/armani-exchange-ax3118u-8363/7895653318724,optica2000,7895653318724,Armani Exchange AX3118U 8363,Armani Exchange,,Gris,Inyectado,Rectángulo,Aro Completo,Hombre,127.0,17.0,55.0,145.0,AX3118U 8363,95.0,,95.0,False,,False,True,True,True,2026-08-02T09:26:14+00:00
https://www.optica2000.com/gafas-graduadas/armani-exchange-ax3119-8058/7895653319066,optica2000,7895653319066,Armani Exchange AX3119 8058,Armani Exchange,,Negro,Inyectado,Cuadrado,Aro Completo,Hombre,127.0,17.0,55.0,145.0,AX3119 8058,100.0,,100.0,False,,False,True,True,True,2026-08-02T09:26:15+00:00
https://www.optica2000.com/gafas-graduadas/armani-exchange-ax3119-8181/7895653319073,optica2000,7895653319073,Armani Exchange AX3119 8181,Armani Exchange,,Azul,Inyectado,Cuadrado,Aro Completo,Hombre,127.0,17.0,55.0,145.0,AX3119 8181,100.0,,100.0,False,,False,True,True,True,2026-08-02T09:26:17+00:00
https://www.optica2000.com/gafas-graduadas/armani-exchange-ax3119-8363/7895653319097,optica2000,7895653319097,Armani Exchange AX3119 8363,Armani Exchange,,Gris,Inyectado,Cuadrado,Aro Completo,Hombre,127.0,17.0,55.0,145.0,AX3119 8363,100.0,,100.0,False,,False,True,True,True,2026-08-02T09:26:19+00:00
https://www.optica2000.com/gafas-graduadas/armani-exchange-ax3120-8213/7895653320529,optica2000,7895653320529,Armani Exchange AX3120 8213,Armani Exchange,,Havana,Inyectado,Ojo de gato,Aro Completo,Mujer,123.0,17.0,53.0,140.0,AX3120 8213,70.0,100.0,100.0,True,30.0,True,True,True,False,2026-08-02T09:26:20+00:00
https://www.optica2000.com/gafas-graduadas/armani-exchange-ax3120-8364/7895653319127,optica2000,7895653319127,Armani Exchange AX3120 8364,Armani Exchange,,Violeta,Inyectado,Ojo de gato,Aro Completo,Mujer,123.0,17.0,53.0,140.0,AX3120 8364,70.0,100.0,100.0,True,30.0,True,True,True,False,2026-08-02T09:26:22+00:00
https://www.optica2000.com/gafas-graduadas/armani-exchange-ax3120-8366/7895653319141,optica2000,7895653319141,Armani Exchange AX3120 8366,Armani Exchange,,Marrón,Inyectado,Ojo de gato,Aro Completo,Mujer,123.0,17.0,53.0,140.0,AX3120 8366,70.0,100.0,100.0,True,30.0,True,True,True,False,2026-08-02T09:26:23+00:00
https://www.optica2000.com/gafas-graduadas/armani-exchange-ax3121u-8367/7895653319202,optica2000,7895653319202,Armani Exchange AX3121U 8367,Armani Exchange,,Negro,Inyectado,Ojo de gato,Aro Completo,Mujer,125.0,17.0,54.0,140.0,AX3121U 8367,100.0,,100.0,False,,False,True,True,True,2026-08-02T09:26:25+00:00
https://www.optica2000.com/gafas-graduadas/armani-exchange-ax3124u-8158/7895653327948,optica2000,7895653327948,Armani Exchange AX3124U 8158,Armani Exchange,,Negro,Inyectado,Cuadrado,Aro Completo,Mujer,123.0,17.0,53.0,140.0,AX3124U 8158,85.0,,85.0,False,,False,True,True,True,2026-08-02T09:26:26+00:00
https://www.optica2000.com/gafas-graduadas/armani-exchange-ax3124u-8373/7895653327955,optica2000,7895653327955,Armani Exchange AX3124U 8373,Armani Exchange,,Marrón,Inyectado,Cuadrado,Aro Completo,Mujer,123.0,17.0,53.0,140.0,AX3124U 8373,85.0,,85.0,False,,False,True,True,True,2026-08-02T09:26:28+00:00
https://www.optica2000.com/gafas-graduadas/armani-exchange-ax3125u-8078/7895653327986,optica2000,7895653327986,Armani Exchange AX3125U 8078,Armani Exchange,,Negro,Inyectado,Rectángulo,Aro Completo,Hombre,129.0,19.0,55.0,145.0,AX3125U 8078,95.0,,95.0,False,,False,True,True,True,2026-08-02T09:26:29+00:00
https://www.optica2000.com/gafas-graduadas/armani-exchange-ax3125u-8376/7895653327993,optica2000,7895653327993,Armani Exchange AX3125U 8376,Armani Exchange,,Azul,Inyectado,Rectángulo,Aro Completo,Hombre,129.0,19.0,55.0,145.0,AX3125U 8376,95.0,,95.0,False,,False,True,True,True,2026-08-02T09:26:31+00:00
https://www.optica2000.com/gafas-graduadas/armani-exchange-ax3125u-8378/7895653328013,optica2000,7895653328013,Armani Exchange AX3125U 8378,Armani Exchange,,Gris,Inyectado,,,Hombre,129.0,19.0,55.0,145.0,AX3125U 8378,95.0,,95.0,False,,False,True,True,True,2026-08-02T09:26:32+00:00
https://www.optica2000.com/gafas-graduadas/armani-exchange-ax3126-8078/7895653328167,optica2000,7895653328167,Armani Exchange AX3126 8078,Armani Exchange,,Negro,Inyectado,,,Hombre,126.0,18.0,54.0,145.0,AX3126 8078,100.0,,100.0,False,,False,True,True,True,2026-08-02T09:26:34+00:00
https://www.optica2000.com/gafas-graduadas/armani-exchange-ax3126-8158/7895653328174,optica2000,7895653328174,Armani Exchange AX3126 8158,Armani Exchange,,Negro,Inyectado,Rectángulo,Aro Completo,Hombre,126.0,18.0,54.0,145.0,AX3126 8158,100.0,,100.0,False,,False,True,True,True,2026-08-02T09:26:35+00:00
https://www.optica2000.com/gafas-graduadas/armani-exchange-ax3126-8379/7895653328181,optica2000,7895653328181,Armani Exchange AX3126 8379,Armani Exchange,,Verde,Inyectado,Rectángulo,Aro Completo,Hombre,126.0,18.0,54.0,145.0,AX3126 8379,100.0,,100.0,False,,False,True,True,True,2026-08-02T09:26:37+00:00
https://www.optica2000.com/gafas-graduadas/armani-exchange-ax3126-8380/7895653328198,optica2000,7895653328198,Armani Exchange AX3126 8380,Armani Exchange,,Azul,Inyectado,Rectángulo,Aro Completo,Hombre,126.0,18.0,54.0,145.0,AX3126 8380,100.0,,100.0,False,,False,True,True,True,2026-08-02T09:26:38+00:00
https://www.optica2000.com/gafas-graduadas/armani-exchange-ax3127-8078/7895653328204,optica2000,7895653328204,Armani Exchange AX3127 8078,Armani Exchange,,Negro,Inyectado,,,Hombre,124.0,20.0,52.0,145.0,AX3127 8078,100.0,,100.0,False,,False,True,True,True,2026-08-02T09:26:40+00:00
https://www.optica2000.com/gafas-graduadas/armani-exchange-ax3127-8380/7895653328228,optica2000,7895653328228,Armani Exchange AX3127 8380,Armani Exchange,,Azul,Inyectado,,,Hombre,124.0,20.0,52.0,145.0,AX3127 8380,100.0,,100.0,False,,False,True,True,True,2026-08-02T09:26:41+00:00
https://www.optica2000.com/gafas-graduadas/armani-exchange-ax3128-8158/7895653328297,optica2000,7895653328297,Armani Exchange AX3128 8158,Armani Exchange,,Negro,Inyectado,Ojo de gato,Aro Completo,Mujer,124.0,16.0,54.0,140.0,AX3128 8158,100.0,,100.0,False,,False,True,True,True,2026-08-02T09:26:42+00:00
https://www.optica2000.com/gafas-graduadas/armani-exchange-ax3128-8213/7895653328303,optica2000,7895653328303,Armani Exchange AX3128 8213,Armani Exchange,,Havana,Inyectado,Ojo de gato,Aro Completo,Mujer,124.0,16.0,54.0,140.0,AX3128 8213,100.0,,100.0,False,,False,True,True,True,2026-08-02T09:26:44+00:00
https://www.optica2000.com/gafas-graduadas/armani-exchange-ax3128-8382/7895653328310,optica2000,7895653328310,Armani Exchange AX3128 8382,Armani Exchange,,Verde,Inyectado,Ojo de gato,Aro Completo,Mujer,124.0,16.0,54.0,140.0,AX3128 8382,100.0,,100.0,False,,False,True,True,True,2026-08-02T09:26:45+00:00
https://www.optica2000.com/gafas-graduadas/armani-exchange-ax3128-8383/7895653328327,optica2000,7895653328327,Armani Exchange AX3128 8383,Armani Exchange,,Rojo,Inyectado,Ojo de gato,Aro Completo,Mujer,124.0,16.0,54.0,140.0,AX3128 8383,100.0,,100.0,False,,False,True,True,False,2026-08-02T09:26:48+00:00
https://www.optica2000.com/gafas-graduadas/armani-exchange-ax3129u-8388/7895653341333,optica2000,7895653341333,Armani Exchange AX3129U 8388,Armani Exchange,,Gris,Inyectado,Cuadrado,Aro Completo,Hombre,126.0,18.0,54.0,140.0,AX3129U 8388,90.0,,90.0,False,,False,True,True,True,2026-08-02T09:26:49+00:00
https://www.optica2000.com/gafas-graduadas/armani-exchange-ax3129u-8388/7895653341340,optica2000,7895653341340,Armani Exchange AX3129U 8389,Armani Exchange,,Verde,Inyectado,Cuadrado,Aro Completo,Hombre,126.0,18.0,54.0,140.0,AX3129U 8389,90.0,,90.0,False,,False,True,True,True,2026-08-02T09:26:51+00:00
https://www.optica2000.com/gafas-graduadas/armani-exchange-ax3131-8397/8056262536773,optica2000,8056262536773,Armani Exchange AX3131 8397,Armani Exchange,,Gris,Inyectado,Irregular,Aro Completo,Hombre,125.0,17.0,54.0,145.0,AX3131 8397,95.0,,95.0,False,,False,True,True,True,2026-08-02T09:26:52+00:00
https://www.optica2000.com/gafas-graduadas/armani-exchange-ax3134u-8395/7895653341623,optica2000,7895653341623,Armani Exchange AX3134U 8393,Armani Exchange,,Violeta,Inyectado,Ojo de gato,Aro Completo,Mujer,124.0,18.0,53.0,140.0,AX3134U 8393,80.0,,80.0,False,,False,True,True,False,2026-08-02T09:26:54+00:00
https://www.optica2000.com/gafas-graduadas/armani-exchange-ax3134u-8395/7895653341647,optica2000,7895653341647,Armani Exchange AX3134U 8395,Armani Exchange,,Rosa,Inyectado,Ojo de gato,Aro Completo,Mujer,124.0,18.0,53.0,140.0,AX3134U 8395,80.0,,80.0,False,,False,True,True,True,2026-08-02T09:26:55+00:00
https://www.optica2000.com/gafas-graduadas/armani-exchange-ax3137u-8078/8056262757529,optica2000,8056262757529,Armani Exchange AX3137U 8078,Armani Exchange,,Negro,Inyectado,Cuadrado,Aro Completo,Hombre,125.0,17.0,54.0,145.0,AX3137U 8078,80.0,,80.0,False,,False,True,True,True,2026-08-02T09:26:57+00:00
https://www.optica2000.com/gafas-graduadas/armani-exchange-ax3137u-8078/8056262757536,optica2000,8056262757536,Armani Exchange AX3137U 8399,Armani Exchange,,Azul,Inyectado,Cuadrado,Aro Completo,Hombre,125.0,17.0,54.0,145.0,AX3137U 8399,80.0,,80.0,False,,False,True,True,True,2026-08-02T09:26:59+00:00
https://www.optica2000.com/gafas-graduadas/armani-exchange-ax3137u-8078/8056262757543,optica2000,8056262757543,Armani Exchange AX3137U 8301,Armani Exchange,,Verde,Inyectado,Cuadrado,Aro Completo,Hombre,125.0,17.0,54.0,145.0,AX3137U 8301,80.0,,80.0,False,,False,True,True,True,2026-08-02T09:27:00+00:00
https://www.optica2000.com/gafas-graduadas/armani-exchange-ax3138u-8387/7895653349803,optica2000,7895653349803,Armani Exchange AX3138U 8401,Armani Exchange,,Marrón,Inyectado,Ojo de gato,Aro completo,Mujer,124.0,16.0,54.0,140.0,AX3138U 8401,80.0,,80.0,False,,False,True,True,True,2026-08-02T09:27:01+00:00
https://www.optica2000.com/gafas-graduadas/armani-exchange-ax3138u-8387/7895653349810,optica2000,7895653349810,Armani Exchange AX3138U 8402,Armani Exchange,,Marrón,Inyectado,Ojo de gato,Aro completo,Mujer,124.0,16.0,54.0,140.0,AX3138U 8402,80.0,,80.0,False,,False,True,True,True,2026-08-02T09:27:03+00:00
https://www.optica2000.com/gafas-graduadas/armani-exchange-ax3138u-8387/7895653349827,optica2000,7895653349827,Armani Exchange AX3138U 8387,Armani Exchange,,,,,,,,,,,AX3138U 8387,,,,False,,False,False,False,False,2026-08-02T09:27:04+00:00
https://www.optica2000.com/gafas-graduadas/armani-exchange-ax3140u-8404/7895653352742,optica2000,7895653352742,Armani Exchange AX3140U 8404,Armani Exchange,,Azul,Inyectado,Rectángulo,Aro Completo,Hombre,125.0,17.0,54.0,145.0,AX3140U 8404,90.0,,90.0,False,,False,True,True,True,2026-08-02T09:27:06+00:00
https://www.optica2000.com/gafas-graduadas/armani-exchange-ax3140u-8404/7895653352759,optica2000,7895653352759,Armani Exchange AX3140U 8405,Armani Exchange,,Marrón,Inyectado,Rectángulo,Aro Completo,Hombre,125.0,17.0,54.0,145.0,AX3140U 8405,90.0,,90.0,False,,False,True,True,True,2026-08-02T09:27:07+00:00
https://www.optica2000.com/gafas-graduadas/armani-exchange-ax3141u-8406/8056262823446,optica2000,8056262823446,Armani Exchange AX3141U 8406,Armani Exchange,,Azul,Inyectado,Cuadrado,Aro Completo,Hombre,125.0,17.0,54.0,145.0,AX3141U 8406,95.0,,95.0,False,,False,True,True,True,2026-08-02T09:27:09+00:00
https://www.optica2000.com/gafas-graduadas/armani-exchange-ax3141u-8406/8056262823460,optica2000,8056262823460,Armani Exchange AX3141U 8408,Armani Exchange,,Marrón,Inyectado,Cuadrado,Aro Completo,Hombre,125.0,17.0,54.0,145.0,AX3141U 8408,95.0,,95.0,False,,False,True,True,True,2026-08-02T09:27:10+00:00
https://www.optica2000.com/gafas-graduadas/armani-exchange-ax3142u-8158/8056262823477,optica2000,8056262823477,Armani Exchange AX3142U 8158,Armani Exchange,,Negro,Inyectado,Irregular,Aro Completo,Mujer,123.0,17.0,53.0,140.0,AX3142U 8158,95.0,,95.0,False,,False,True,True,True,2026-08-02T09:27:12+00:00
https://www.optica2000.com/gafas-graduadas/armani-exchange-ax3142u-8158/8056262823484,optica2000,8056262823484,Armani Exchange AX3142U 8213,Armani Exchange,,Havana,Inyectado,Irregular,Aro Completo,Mujer,123.0,17.0,53.0,140.0,AX3142U 8213,95.0,,95.0,False,,False,True,True,True,2026-08-02T09:27:14+00:00
https://www.optica2000.com/gafas-graduadas/armaniexchange-0ax1017-6083-54-17/8053672463309,optica2000,8053672463309,Armani Exchange AX1017 6083,Armani Exchange,,Marrón,Metal,Rectángulo,Aro Completo,Hombre,125.0,17.0,54.0,140.0,AX1017 6083,105.0,,105.0,False,,False,True,True,True,2026-08-02T09:27:15+00:00
https://www.optica2000.com/gafas-graduadas/armaniexchange-0ax1017-6083-54-17/8053672463316,optica2000,8053672463316,Armani Exchange AX1017 6084,Armani Exchange,,Gris,Metal,Rectángulo,Aro Completo,Hombre,125.0,17.0,54.0,140.0,AX1017 6084,105.0,,105.0,False,,False,True,True,True,2026-08-02T09:27:17+00:00
https://www.optica2000.com/gafas-graduadas/armaniexchange-0ax1034-6000-52-16/8053672115949,optica2000,8053672115949,Armani Exchange 0AX1034 6000,Armani Exchange,,Negro,Metal,Ojo de gato,Aro Completo,Mujer,120.0,16.0,52.0,140.0,0AX1034 6000,116.0,,116.0,False,,False,True,True,True,2026-08-02T09:27:18+00:00
https://www.optica2000.com/gafas-graduadas/armaniexchange-0ax1034-6103-52-16/8053672115970,optica2000,8053672115970,Armani Exchange 0AX1034 6103,Armani Exchange,,Rosa,Metal,Ojo de gato,Aro Completo,Mujer,120.0,16.0,52.0,140.0,0AX1034 6103,116.0,,116.0,False,,False,True,True,True,2026-08-02T09:27:20+00:00
https://www.optica2000.com/gafas-graduadas/armaniexchange-0ax1045-6103-53-18/8056597293822,optica2000,8056597293822,Armani Exchange 0AX1045 6103,Armani Exchange,,Rosa,Metal,Ojo de gato,Semi al aire,Mujer,124.0,18.0,53.0,140.0,0AX1045 6103,55.0,110.0,110.0,True,50.0,True,True,True,False,2026-08-02T09:27:21+00:00
https://www.optica2000.com/gafas-graduadas/armaniexchange-0ax1046-6000-55-18/8056597419130,optica2000,8056597419130,Armani Exchange 0AX1046 6000,Armani Exchange,,Negro,Metal,Rectángulo,Semi Al Aire,Hombre,128.0,18.0,55.0,145.0,0AX1046 6000,50.0,100.0,100.0,True,50.0,True,True,True,False,2026-08-02T09:27:22+00:00
https://www.optica2000.com/gafas-graduadas/armaniexchange-0ax1048-6103-50-19/8056597513845,optica2000,8056597513845,Armani Exchange 0AX1048 6103,Armani Exchange,,Rosa,Metal,Redondo,Aro Completo,Mujer,119.0,19.0,50.0,140.0,0AX1048 6103,52.5,105.0,105.0,True,50.0,True,True,True,False,2026-08-02T09:27:24+00:00
https://www.optica2000.com/gafas-graduadas/armaniexchange-0ax1050-6000-56-17/8056597585507,optica2000,8056597585507,Armani Exchange 0AX1050 6000,Armani Exchange,,Negro,Metal,Rectángulo,Aro Completo,Hombre,129.0,17.0,56.0,145.0,0AX1050 6000,50.0,100.0,100.0,True,50.0,True,True,True,False,2026-08-02T09:27:25+00:00
https://www.optica2000.com/gafas-graduadas/armaniexchange-0ax1060-6000-55-18/7895653257535,optica2000,7895653257535,Armani Exchange 0AX1060 6000,Armani Exchange,,Negro,Metal,Rectángulo,Semi Al Aire,Hombre,128.0,18.0,55.0,145.0,0AX1060 6000,116.0,,116.0,False,,False,True,True,True,2026-08-02T09:27:27+00:00
https://www.optica2000.com/gafas-graduadas/armaniexchange-0ax1063-6103-53-16/8056597917230,optica2000,8056597917230,Armani Exchange 0AX1063 6103,Armani Exchange,,Oro,Metal,Ojo de gato,Aro Completo,Mujer,122.0,16.0,53.0,145.0,0AX1063 6103,105.0,,105.0,False,,False,True,True,True,2026-08-02T09:27:28+00:00
https://www.optica2000.com/gafas-graduadas/armaniexchange-0ax1064-6003-56-17/8056262856185,optica2000,8056262856185,Armani Exchange AX1064 6001,Armani Exchange,,Negro,Metal,Rectángulo,Al Aire,Hombre,129.0,17.0,56.0,145.0,AX1064 6001,116.0,,116.0,False,,False,True,True,True,2026-08-02T09:27:30+00:00
https://www.optica2000.com/gafas-graduadas/armaniexchange-0ax1064-6003-56-17/8056597919869,optica2000,8056597919869,Armani Exchange AX1064 6003,Armani Exchange,,Gris,Metal,Rectángulo,Al aire,Hombre,129.0,17.0,56.0,145.0,AX1064 6003,116.0,,116.0,False,,False,True,True,True,2026-08-02T09:27:31+00:00
https://www.optica2000.com/gafas-graduadas/armaniexchange-0ax3029-8182-54-17/8053672539219,optica2000,8053672539219,Armani Exchange 0AX3029 8182,Armani Exchange,,Negro,Inyectado,Cuadrado,Aro Completo,Hombre,125.0,17.0,54.0,140.0,0AX3029 8182,100.0,,100.0,False,,False,True,True,True,2026-08-02T09:27:33+00:00
https://www.optica2000.com/gafas-graduadas/armaniexchange-0ax3029-8183-54-17/8053672539226,optica2000,8053672539226,Armani Exchange 0AX3029 8183,Armani Exchange,,Azul,Inyectado,Cuadrado,Aro Completo,Hombre,125.0,17.0,54.0,140.0,0AX3029 8183,70.0,100.0,100.0,True,30.0,True,True,True,False,2026-08-02T09:27:34+00:00
https://www.optica2000.com/gafas-graduadas/armaniexchange-0ax3047-8237-53-15/8053672798326,optica2000,8053672798326,Armani Exchange 0AX3047 8237,Armani Exchange,,Transparente,Inyectado,Ojo de gato,Aro Completo,Mujer,121.0,15.0,53.0,140.0,0AX3047 8237,70.0,100.0,100.0,True,30.0,True,True,True,False,2026-08-02T09:27:36+00:00
https://www.optica2000.com/gafas-graduadas/armaniexchange-0ax3048-8238-54-17/8053672798395,optica2000,8053672798395,Armani Exchange 0AX3048 8238,Armani Exchange,,Azul,Inyectado,Rectángulo,Aro Completo,Hombre,123.0,17.0,53.0,140.0,0AX3048 8238,70.0,100.0,100.0,True,30.0,True,True,True,False,2026-08-02T09:55:52+00:00
https://www.optica2000.com/gafas-graduadas/armaniexchange-0ax3053-8257-53-16/8053672885002,optica2000,8053672885002,Armani Exchange 0AX3053 8257,Armani Exchange,,Transparente,Inyectado,Rectángulo,Aro Completo,Mujer,122.0,16.0,53.0,140.0,0AX3053 8257,100.0,,100.0,False,,False,True,True,True,2026-08-02T10:06:08+00:00
https://www.optica2000.com/gafas-graduadas/armaniexchange-0ax3078-8298-53-17/8056597418911,optica2000,8056597418911,Armani Exchange 0AX3078 8298,Armani Exchange,,Burdeos,Inyectado,Ojo de gato,Aro Completo,Mujer,123.0,17.0,53.0,140.0,0AX3078 8298,100.0,,100.0,False,,False,True,True,False,2026-08-02T10:03:11+00:00
https://www.optica2000.com/gafas-graduadas/armaniexchange-0ax3082u-8254-53-16/7895653228399,optica2000,7895653228399,Armani Exchange 0AX3082U 8254,Armani Exchange,,Rosa,Inyectado,Ojo de gato,Aro Completo,Mujer,122.0,16.0,53.0,140.0,0AX3082U 8254,47.5,95.0,95.0,True,50.0,True,True,True,False,2026-08-02T09:59:35+00:00
https://www.optica2000.com/gafas-graduadas/armaniexchange-0ax3083u-8078-54-17/7895653228290,optica2000,7895653228290,Armani Exchange 0AX3083U 8078,Armani Exchange,,Negro,Inyectado,Rectángulo,Aro Completo,Hombre,125.0,17.0,54.0,145.0,0AX3083U 8078,100.0,,100.0,False,,False,True,True,True,2026-08-02T09:40:32+00:00
https://www.optica2000.com/gafas-graduadas/armaniexchange-0ax3089u-8078-55-17/7895653235892,optica2000,7895653235892,Armani Exchange 0AX3089U 8078,Armani Exchange,,Negro,Inyectado,Rectángulo,Aro Completo,Hombre,127.0,17.0,55.0,145.0,0AX3089U 8078,70.0,100.0,100.0,True,30.0,True,True,True,False,2026-08-02T09:54:46+00:00
https://www.optica2000.com/gafas-graduadas/armaniexchange-0ax3091-8181-56-17/7895653234833,optica2000,7895653234833,Armani Exchange 0AX3091 8181,Armani Exchange,,Azul,Inyectado,Rectángulo,Aro Completo,Hombre,129.0,17.0,56.0,145.0,0AX3091 8181,95.0,,95.0,False,,False,True,True,False,2026-08-02T10:06:26+00:00
https://www.optica2000.com/gafas-graduadas/armaniexchange-0ax3099u-8240-53-18/7895653257337,optica2000,7895653257337,Armani Exchange 0AX3099U 8240,Armani Exchange,,Transparente,Inyectado,Rectángulo,Aro Completo,Mujer,124.0,18.0,53.0,140.0,0AX3099U 8240,70.0,100.0,100.0,True,30.0,True,True,True,False,2026-08-02T09:47:06+00:00
https://www.optica2000.com/gafas-graduadas/armaniexchange-0ax3104-8160-53-19/7895653261358,optica2000,7895653261358,Armani Exchange 0AX3104 8160,Armani Exchange,,Azul,Inyectado,Ojo de gato,Aro Completo,Mujer,125.0,19.0,53.0,140.0,0AX3104 8160,73.5,105.0,105.0,True,30.0,True,True,True,False,2026-08-02T10:00:26+00:00
https://www.optica2000.com/gafas-graduadas/armaniexchange-0ax3107u-8211-54-16/7895653273597,optica2000,7895653273597,Armani Exchange 0AX3107U 8211,Armani Exchange,,Negro,Inyectado,Rectángulo,Aro Completo,Mujer,124.0,16.0,54.0,140.0,0AX3107U 8211,70.0,100.0,100.0,True,30.0,True,True,True,False,2026-08-02T10:01:05+00:00
https://www.optica2000.com/gafas-graduadas/armaniexchange-0ax3108u-8180-56-16/7895653272897,optica2000,7895653272897,Armani Exchange 0AX3108U 8180,Armani Exchange,,Gris,Inyectado,Rectángulo,Aro Completo,Hombre,128.0,16.0,56.0,145.0,0AX3108U 8180,70.0,100.0,100.0,True,30.0,True,True,True,False,2026-08-02T09:44:30+00:00
https://www.optica2000.com/gafas-graduadas/armaniexchange-0ax3109-8158-54-17/7895653273757,optica2000,7895653273757,Armani Exchange 0AX3109 8158,Armani Exchange,,Negro,Inyectado,Ojo de gato,Aro Completo,Mujer,125.0,17.0,54.0,140.0,0AX3109 8158,105.0,,105.0,False,,False,True,True,False,2026-08-02T09:38:31+00:00
https://www.optica2000.com/gafas-graduadas/armaniexchange-0ax3109-8236-54-17/7895653273764,optica2000,7895653273764,Armani Exchange 0AX3109 8236,Armani Exchange,,Transparente,Inyectado,Ojo de gato,Aro Completo,Mujer,125.0,17.0,54.0,140.0,0AX3109 8236,52.5,105.0,105.0,True,50.0,True,True,True,False,2026-08-02T09:40:24+00:00
https://www.optica2000.com/gafas-graduadas/arnette-0an4333-27581w-55-18/888392616081,optica2000,888392616081,Arnette 0AN4333 27581W,Arnette,,Negro,Inyectado,Rectángulo,Aro Completo,Hombre,128.0,18.0,55.0,145.0,0AN4333 27581W,104.0,,104.0,False,,False,True,True,False,2026-08-02T10:08:55+00:00
https://www.optica2000.com/gafas-graduadas/arnette-0an4333-29301w-55-18/888392616128,optica2000,888392616128,Arnette 0AN4333 29301W,Arnette,,Gris,Inyectado,Rectángulo,Aro Completo,Hombre,128.0,18.0,55.0,145.0,0AN4333 29301W,62.0,124.0,124.0,True,50.0,True,True,True,False,2026-08-02T10:05:16+00:00
https://www.optica2000.com/gafas-graduadas/arnette-0an6121-501-53-17/888392409539,optica2000,888392409539,Arnette 0AN6121 501,Arnette,,Negro,Metal,Rectángulo,Aro Completo,"Unisex, Hombre, Mujer",123.0,17.0,53.0,140.0,0AN6121 501,104.0,,104.0,False,,False,True,True,False,2026-08-02T10:03:37+00:00
https://www.optica2000.com/gafas-graduadas/arnette-0an6131-737-54-16/888392584816,optica2000,888392584816,Arnette 0AN6131 737,Arnette,,Negro,Metal,Rectángulo,Aro Completo,"Unisex, Hombre, Mujer",124.0,16.0,54.0,140.0,0AN6131 737,93.0,,93.0,False,,False,True,True,True,2026-08-02T09:45:27+00:00
https://www.optica2000.com/gafas-graduadas/arnette-0an7125-2506-50-17/888392356420,optica2000,888392356420,Arnette 0AN7125 2506,Arnette,,Negro,Inyectado,Rectángulo,Aro Completo,"Unisex, Hombre, Mujer",117.0,17.0,50.0,140.0,0AN7125 2506,84.0,,84.0,False,,False,True,True,False,2026-08-02T09:41:39+00:00
https://www.optica2000.com/gafas-graduadas/arnette-0an7175-2520-51-17/888392464323,optica2000,888392464323,Arnette 0AN7175 2520,Arnette,,Azul,Inyectado,Rectángulo,Aro Completo,"Unisex, Hombre, Mujer",119.0,17.0,51.0,145.0,0AN7175 2520,78.0,,78.0,False,,False,True,True,False,2026-08-02T09:40:15+00:00
https://www.optica2000.com/gafas-graduadas/arnette-0an7179-2658-54-16/888392472496,optica2000,888392472496,Arnette 0AN7179 2658,Arnette,,Azul,Inyectado,Rectángulo,Aro Completo,"Unisex, Hombre, Mujer",124.0,16.0,54.0,145.0,0AN7179 2658,89.0,,89.0,False,,False,True,True,True,2026-08-02T09:52:09+00:00
https://www.optica2000.com/gafas-graduadas/arnette-0an7183-2718-51-17/888392516725,optica2000,888392516725,Arnette 0AN7183 2718,Arnette,,Gris,Inyectado,Cuadrado,Aro Completo,"Unisex, Hombre, Mujer",119.0,17.0,51.0,140.0,0AN7183 2718,37.0,74.0,74.0,True,50.0,True,True,True,False,2026-08-02T09:53:18+00:00
https://www.optica2000.com/gafas-graduadas/arnette-0an7197-2780-53-16/888392570352,optica2000,888392570352,Arnette 0AN7197 2780,Arnette,,Negro,Inyectado,Rectángulo,Aro Completo,"Unisex, Hombre, Mujer",122.0,16.0,53.0,145.0,0AN7197 2780,83.0,,83.0,False,,False,True,True,True,2026-08-02T09:50:47+00:00
https://www.optica2000.com/gafas-graduadas/arnette-0an7201-2755-54-16/888392570147,optica2000,888392570147,Arnette 0AN7201 2755,Arnette,,Naranja,Inyectado,Cuadrado,Aro Completo,Hombre,124.0,16.0,54.0,140.0,0AN7201 2755,36.0,72.0,72.0,True,50.0,True,True,True,False,2026-08-02T09:43:07+00:00
https://www.optica2000.com/gafas-graduadas/arnette-0an7208-2803-50-16/888392584717,optica2000,888392584717,Arnette Nakki AN7208 2803,Arnette,,Azul,Inyectado,Rectángulo,Aro Completo,Hombre,116.0,16.0,50.0,135.0,Nakki AN7208 2803,36.0,72.0,72.0,True,50.0,True,True,True,False,2026-08-02T10:06:40+00:00
https://www.optica2000.com/gafas-graduadas/arnette-0an7208-2803-50-16/888392607072,optica2000,888392607072,Arnette Nakki AN7208 2755,Arnette,,Transparente,Inyectado,Rectángulo,Aro Completo,Hombre,125.0,17.0,54.0,140.0,Nakki AN7208 2755,72.0,,72.0,False,,False,True,True,False,2026-08-02T09:57:43+00:00
https://www.optica2000.com/gafas-graduadas/arnette-0an7239-2758-54-18/7895653271210,optica2000,7895653271210,Arnette Wobani AN7239 2758,Arnette,,Negro,Inyectado,Cuadrado,Aro completo,Hombre,126.0,18.0,54.0,140.0,Wobani AN7239 2758,72.0,,72.0,False,,False,True,True,False,2026-08-02T09:58:17+00:00
https://www.optica2000.com/gafas-graduadas/arnette-0an7239-2758-54-18/7895653271227,optica2000,7895653271227,Arnette Wobani AN7239 2758,Arnette,,Negro,Inyectado,Cuadrado,Aro completo,Hombre,130.0,18.0,56.0,140.0,Wobani AN7239 2758,72.0,,72.0,False,,False,True,True,True,2026-08-02T09:46:35+00:00
https://www.optica2000.com/gafas-graduadas/arnette-0an7239-2758-54-18/7895653271234,optica2000,7895653271234,Arnette Wobani AN7239 2782,Arnette,,Azul,Inyectado,Cuadrado,Aro completo,Hombre,126.0,18.0,54.0,140.0,Wobani AN7239 2782,72.0,,72.0,False,,False,True,True,True,2026-08-02T09:52:42+00:00
https://www.optica2000.com/gafas-graduadas/arnette-0an7240u-2762-53-18/888392612106,optica2000,888392612106,Arnette 0AN7240U 2762,Arnette,,Azul,Inyectado,Cuadrado,Aro Completo,Hombre,124.0,18.0,53.0,142.0,0AN7240U 2762,93.0,,93.0,False,,False,True,True,True,2026-08-02T09:57:21+00:00
https://www.optica2000.com/gafas-graduadas/arnette-0an7241u-2900-54-18/7895653271852,optica2000,7895653271852,Arnette 0AN7241U 2900,Arnette,,Negro,Inyectado,Cuadrado,Aro Completo,Hombre,126.0,18.0,54.0,145.0,0AN7241U 2900,83.0,,83.0,False,,False,True,True,True,2026-08-02T09:52:54+00:00
https://www.optica2000.com/gafas-graduadas/arnette-an6152-737/888392683823,optica2000,888392683823,Arnette AN6152 741,Arnette,,Gris,Metal,Rectángulo,Semi Al Aire,Hombre,126.0,18.0,54.0,140.0,AN6152 741,93.0,,93.0,False,,False,True,True,True,2026-08-02T09:45:53+00:00
https://www.optica2000.com/gafas-graduadas/arnette-an6152-737/888392683830,optica2000,888392683830,Arnette AN6152 741,Arnette,,Gris,Metal,Rectángulo,Semi Al Aire,Hombre,130.0,18.0,56.0,140.0,AN6152 741,93.0,,93.0,False,,False,True,True,True,2026-08-02T09:52:00+00:00
https://www.optica2000.com/gafas-graduadas/arnette-an6152-737/888392683847,optica2000,888392683847,Arnette AN6152 737,Arnette,,Negro,Metal,Rectángulo,Semi Al Aire,Hombre,126.0,18.0,54.0,140.0,AN6152 737,93.0,,93.0,False,,False,True,True,True,2026-08-02T09:32:03+00:00
https://www.optica2000.com/gafas-graduadas/arnette-an6152-737/888392683854,optica2000,888392683854,Arnette AN6152 737,Arnette,,Negro,Metal,Rectángulo,Semi Al Aire,Hombre,130.0,18.0,56.0,140.0,AN6152 737,93.0,,93.0,False,,False,True,True,True,2026-08-02T09:38:49+00:00
https://www.optica2000.com/gafas-graduadas/arnette-an7252/7895653284500,optica2000,7895653284500,Arnette AN7252 Kamaya AN7252 2900,Arnette,,Negro,Inyectado,Rectángulo Cuadrado,,Hombre,121.0,17.0,52.0,140.0,AN7252 Kamaya AN7252 2900,72.0,,72.0,False,,False,True,True,True,2026-08-02T09:46:29+00:00
https://www.optica2000.com/gafas-graduadas/arnette-an7289u-2755/7895653345850,optica2000,7895653345850,Arnette AN7289U 2755,Arnette,,Transparente,Inyectado,Rectángulo,Aro Completo,Hombre,126.0,18.0,54.0,145.0,AN7289U 2755,72.0,,72.0,False,,False,True,True,True,2026-08-02T09:32:29+00:00
https://www.optica2000.com/gafas-graduadas/arnette-an7289u-2755/7895653347083,optica2000,7895653347083,Arnette AN7289U 2900,Arnette,,Negro,Inyectado,Rectángulo,Aro Completo,Hombre,134.0,18.0,58.0,145.0,AN7289U 2900,72.0,,72.0,False,,False,True,True,True,2026-08-02T09:41:41+00:00
https://www.optica2000.com/gafas-graduadas/arnette-an7289u-2755/7895653347113,optica2000,7895653347113,Arnette AN7289U 2858,Arnette,,Gris,Inyectado,Rectángulo,Aro Completo,Hombre,134.0,18.0,58.0,145.0,AN7289U 2858,72.0,,72.0,False,,False,True,True,True,2026-08-02T09:50:38+00:00
https://www.optica2000.com/gafas-graduadas/arnette-an7291-2762/7895653346550,optica2000,7895653346550,Arnette AN7291 2762,Arnette,,Azul,Inyectado,Cuadrado,Aro Completo,Hombre,126.0,16.0,55.0,145.0,AN7291 2762,59.0,,59.0,False,,False,True,True,True,2026-08-02T09:59:07+00:00
https://www.optica2000.com/gafas-graduadas/arnette-an7291-2762/7895653346604,optica2000,7895653346604,Arnette AN7291 2900,Arnette,,Negro,Inyectado,Cuadrado,Aro Completo,Hombre,130.0,16.0,57.0,145.0,AN7291 2900,59.0,,59.0,False,,False,True,True,True,2026-08-02T09:46:24+00:00
https://www.optica2000.com/gafas-graduadas/arnette-an7291-2762/7895653346611,optica2000,7895653346611,Arnette AN7291 3027,Arnette,,Marrón,Inyectado,Cuadrado,Aro Completo,Hombre,126.0,16.0,55.0,145.0,AN7291 3027,59.0,,59.0,False,,False,True,True,True,2026-08-02T09:51:14+00:00
https://www.optica2000.com/gafas-graduadas/arnette-an7292-2762/7895653346482,optica2000,7895653346482,Arnette AN7292 2900,Arnette,,Negro,Inyectado,Rectángulo,Aro Completo,Hombre,126.0,16.0,55.0,145.0,AN7292 2900,59.0,,59.0,False,,False,True,True,True,2026-08-02T10:06:04+00:00
https://www.optica2000.com/gafas-graduadas/arnette-an7292-2762/7895653346499,optica2000,7895653346499,Arnette AN7292 2762,Arnette,,Azul,Inyectado,Rectángulo,Aro Completo,Hombre,122.0,16.0,53.0,145.0,AN7292 2762,59.0,,59.0,False,,False,True,True,True,2026-08-02T10:01:43+00:00
https://www.optica2000.com/gafas-graduadas/arnette-derail-an7276u-2761/7895653327825,optica2000,7895653327825,Arnette AN7276U 2761,Arnette,,Transparente,Inyectado,Cuadrado,Aro Completo,Hombre,127.0,17.0,55.0,145.0,AN7276U 2761,83.0,,83.0,False,,False,True,True,True,2026-08-02T09:52:02+00:00
https://www.optica2000.com/gafas-graduadas/arnette-derail-an7276u-2762/7895653327832,optica2000,7895653327832,Arnette AN7276U 2762,Arnette,,Azul,Inyectado,Cuadrado,Aro Completo,Hombre,127.0,17.0,55.0,145.0,AN7276U 2762,58.1,83.0,83.0,True,30.0,True,True,True,True,2026-08-02T09:58:56+00:00
https://www.optica2000.com/gafas-graduadas/arnette-eyeke-an7197-2900/7895653285545,optica2000,7895653285545,Arnette AN7197 2900,Arnette,,Negro,Inyectado,Rectángulo,Aro Completo,Hombre,122.0,16.0,53.0,145.0,AN7197 2900,83.0,,83.0,False,,False,True,True,True,2026-08-02T10:05:20+00:00
https://www.optica2000.com/gafas-graduadas/arnette-jecko-an7252-2665/7895653341944,optica2000,7895653341944,Arnette Jecko AN7252 2665,Arnette,,Gris,Inyectado,Cuadrado,Aro Completo,Hombre,125.0,17.0,54.0,140.0,Jecko AN7252 2665,72.0,,72.0,False,,False,True,True,True,2026-08-02T09:49:38+00:00
https://www.optica2000.com/gafas-graduadas/arnette-kamaya-an7252-2754/7895653284432,optica2000,7895653284432,Arnette AN7252 2754,Arnette,,Azul,Inyectado,Rectángulo,Aro Completo,Hombre,125.0,17.0,54.0,140.0,AN7252 2754,72.0,,72.0,False,,False,True,True,False,2026-08-02T09:59:37+00:00
https://www.optica2000.com/gafas-graduadas/arnette-leonardo-an7179-2754/7895653341975,optica2000,7895653341975,Arnette Leonardo AN7179 2754,Arnette,,Azul,Inyectado,Rectángulo,Aro Completo,Hombre,124.0,16.0,54.0,145.0,Leonardo AN7179 2754,89.0,,89.0,False,,False,True,True,True,2026-08-02T09:43:44+00:00
https://www.optica2000.com/gafas-graduadas/arnette-miez-an6147-737/888392648211,optica2000,888392648211,Arnette AN6147 737,Arnette,,Negro,Metal,Rectángulo,Semi Al Aire,Hombre,125.0,17.0,54.0,140.0,AN6147 737,72.8,104.0,104.0,True,30.0,True,True,True,False,2026-08-02T09:32:41+00:00
https://www.optica2000.com/gafas-graduadas/arnette-miez-an6147-749/888392648303,optica2000,888392648303,Arnette AN6147 749,Arnette,,Azul,Metal,,Semi_rim,Hombre,129.0,17.0,56.0,145.0,AN6147 749,104.0,,104.0,False,,False,True,True,True,2026-08-02T09:55:09+00:00
https://www.optica2000.com/gafas-graduadas/arnette-milled-an7274u-2759/7895653326781,optica2000,7895653326781,Arnette Milled AN7274U 2759,Arnette,,Azul,Inyectado,Cuadrado,Aro Completo,Hombre,126.0,18.0,54.0,145.0,Milled AN7274U 2759,93.0,,93.0,False,,False,True,True,True,2026-08-02T09:42:47+00:00
https://www.optica2000.com/gafas-graduadas/arnette-pinz-an7257u-2665/7895653315570,optica2000,7895653315570,Arnette Pinz AN7257U 2900,Arnette,,Negro,Inyectado,Rectángulo,Aro Completo,Hombre,121.0,17.0,52.0,140.0,Pinz AN7257U 2900,72.0,,72.0,False,,False,True,True,True,2026-08-02T09:40:51+00:00
https://www.optica2000.com/gafas-graduadas/arnette-pinz-an7257u-2665/7895653347632,optica2000,7895653347632,Arnette Pinz AN7257U 2665,Arnette,,Gris,Inyectado,Rectángulo,Aro Completo,Hombre,125.0,17.0,54.0,140.0,Pinz AN7257U 2665,72.0,,72.0,False,,False,True,True,True,2026-08-02T09:45:51+00:00
https://www.optica2000.com/gafas-graduadas/arnette-yup-an7271-2753/7895653327436,optica2000,7895653327436,Arnette AN7271 2753,Arnette,,Negro,Inyectado,Cuadrado,Aro Completo,Hombre,127.0,17.0,55.0,143.0,AN7271 2753,83.0,,83.0,False,,False,True,True,True,2026-08-02T10:09:30+00:00
https://www.optica2000.com/gafas-graduadas/arnette-yup-an7271-2841/7895653327467,optica2000,7895653327467,Arnette AN7271 2841,Arnette,,Gris,Inyectado,Cuadrado,Aro Completo,Hombre,127.0,17.0,55.0,143.0,AN7271 2841,83.0,,83.0,False,,False,True,True,True,2026-08-02T09:59:44+00:00
https://www.optica2000.com/gafas-graduadas/burberry-0be1350-1109-54-17/8056597338479,optica2000,8056597338479,Burberry 0BE1350 1109,Burberry,,Oro,Metal,Hexagonal,Aro Completo,Mujer,125.0,17.0,54.0,140.0,0BE1350 1109,221.0,,221.0,False,,False,True,True,True,2026-08-02T09:53:24+00:00
https://www.optica2000.com/gafas-graduadas/burberry-0be1355-1319-52-16/8056597423663,optica2000,8056597423663,Burberry 0BE1355 1319,Burberry,,Oro,Metal,Cuadrado,Aro Completo,Mujer,120.0,16.0,52.0,140.0,0BE1355 1319,221.0,,221.0,False,,False,True,True,False,2026-08-02T10:05:08+00:00
https://www.optica2000.com/gafas-graduadas/burberry-0be2172-3001-52-16/8053672302028,optica2000,8053672302028,Burberry 0BE2172 3001,Burberry,,Negro,Acetato,Cuadrado,Aro Completo,Mujer,120.0,16.0,52.0,140.0,0BE2172 3001,110.5,221.0,221.0,True,50.0,True,True,True,True,2026-08-02T10:09:16+00:00
https://www.optica2000.com/gafas-graduadas/burberry-0be2345-3001-54-15/8056597490399,optica2000,8056597490399,Burberry 0BE2345 3001,Burberry,,Negro,Acetato,Cuadrado,Aro Completo,Mujer,123.0,15.0,54.0,140.0,0BE2345 3001,200.0,,200.0,False,,False,True,True,True,2026-08-02T09:38:55+00:00
https://www.optica2000.com/gafas-graduadas/burberry-0be2347-3943-52-19/8056597489225,optica2000,8056597489225,Burberry 0BE2347 3943,Burberry,,Havana,Acetato,Cuadrado,Aro Completo,Mujer,123.0,19.0,52.0,140.0,0BE2347 3943,221.0,,221.0,False,,False,True,True,True,2026-08-02T09:40:20+00:00
https://www.optica2000.com/gafas-graduadas/burberry-0be2376-3002-52-16/8056597832519,optica2000,8056597832519,Burberry 0BE2376 3002,Burberry,,Havana,Acetato,Cuadrado,Aro Completo,Mujer,120.0,16.0,52.0,140.0,0BE2376 3002,110.5,221.0,221.0,True,50.0,True,True,True,False,2026-08-02T09:44:01+00:00
https://www.optica2000.com/gafas-graduadas/burberry-0be2388-3001-52-18/8056597924542,optica2000,8056597924542,Burberry 0BE2388 3001,Burberry,,Negro,Acetato,Cuadrado,Aro Completo,Mujer,122.0,18.0,52.0,140.0,0BE2388 3001,242.0,,242.0,False,,False,True,True,True,2026-08-02T10:02:08+00:00
https://www.optica2000.com/gafas-graduadas/burberry-0be2388-3979-52-18/8056597934008,optica2000,8056597934008,Burberry 0BE2388 3979,Burberry,,Burdeos,Acetato,Cuadrado,Aro Completo,Mujer,122.0,18.0,52.0,140.0,0BE2388 3979,242.0,,242.0,False,,False,True,True,True,2026-08-02T10:02:11+00:00
https://www.optica2000.com/gafas-graduadas/burberry-0be2389-3853-52-16/8056597920377,optica2000,8056597920377,Burberry 0BE2389 3853,Burberry,,Negro,Acetato,Ojo de gato,Aro Completo,Mujer,120.0,16.0,52.0,140.0,0BE2389 3853,100.0,200.0,200.0,True,50.0,True,True,True,False,2026-08-02T09:57:34+00:00
https://www.optica2000.com/gafas-graduadas/burberry-0be2392-3002-52-16/8056597921657,optica2000,8056597921657,Burberry 0BE2392 3002,Burberry,,Havana,Acetato,Ojo de gato,Aro Completo,Mujer,120.0,16.0,52.0,140.0,0BE2392 3002,121.0,242.0,242.0,True,50.0,True,True,True,False,2026-08-02T09:44:59+00:00
https://www.optica2000.com/gafas-graduadas/burberry-be1389-1109/8056262221952,optica2000,8056262221952,Burberry BE1389 1109,Burberry,,Oro,Acero,Rectángulo,Aro Completo,Hombre,124.0,16.0,54.0,145.0,BE1389 1109,184.1,263.0,263.0,True,30.0,True,True,True,True,2026-08-02T09:43:16+00:00
https://www.optica2000.com/gafas-graduadas/burberry-be1389-1316/8056262222003,optica2000,8056262222003,Burberry BE1389 1316,Burberry,,Gris,Acero,Rectángulo,Aro Completo,Hombre,128.0,16.0,56.0,145.0,BE1389 1316,263.0,,263.0,False,,False,True,True,True,2026-08-02T10:01:07+00:00
https://www.optica2000.com/gafas-graduadas/burberry-be1391-1316/8056262220788,optica2000,8056262220788,Burberry BE1391 1316,Burberry,,Gris,Metal,Rectángulo,Aro Completo,Hombre,131.0,15.0,58.0,145.0,BE1391 1316,184.1,263.0,263.0,True,30.0,True,True,True,True,2026-08-02T10:00:58+00:00
https://www.optica2000.com/gafas-graduadas/burberry-be1392-1109/8056262460948,optica2000,8056262460948,Burberry BE1392 1109,Burberry,,Oro,Metal,Rectángulo,Al aire,Hombre,131.0,15.0,58.0,140.0,BE1392 1109,284.0,,284.0,False,,False,True,True,True,2026-08-02T09:46:18+00:00
https://www.optica2000.com/gafas-graduadas/burberry-be1392-1316/8056262460962,optica2000,8056262460962,Burberry BE1392 1316,Burberry,,Gris,Metal,Rectángulo,Al aire,Hombre,131.0,15.0,58.0,140.0,BE1392 1316,284.0,,284.0,False,,False,True,True,True,2026-08-02T10:03:54+00:00
https://www.optica2000.com/gafas-graduadas/burberry-be1394-1355/8056262460917,optica2000,8056262460917,Burberry BE1394 1355,Burberry,,Oro,Metal,Redondo,Aro Completo,Mujer,124.0,18.0,53.0,140.0,BE1394 1355,263.0,,263.0,False,,False,True,True,True,2026-08-02T09:50:12+00:00
https://www.optica2000.com/gafas-graduadas/burberry-be2384-3001/8056597922456,optica2000,8056597922456,Burberry BE2384 3001,Burberry,,Negro,Acetato,Rectángulo,Aro Completo,Hombre,128.0,18.0,55.0,145.0,BE2384 3001,154.7,221.0,221.0,True,30.0,True,True,True,True,2026-08-02T09:53:55+00:00
https://www.optica2000.com/gafas-graduadas/burberry-be2403/8056262081631,optica2000,8056262081631,Burberry BE2403 3001,Burberry,,Negro,Acetato,Rectángulo Cuadrado,,Mujer,123.0,17.0,53.0,140.0,BE2403 3001,242.0,,242.0,False,,False,True,True,False,2026-08-02T09:45:44+00:00
https://www.optica2000.com/gafas-graduadas/burberry-be2406u/8056262080818,optica2000,8056262080818,Burberry BE2406U 4063,Burberry,,Marrón,Acetato,Rectángulo,Aro Completo,Mujer,118.0,18.0,50.0,140.0,BE2406U 4063,142.0,284.0,284.0,True,50.0,True,True,True,False,2026-08-02T09:40:21+00:00
https://www.optica2000.com/gafas-graduadas/burberry-be2406u/8056262080863,optica2000,8056262080863,Burberry BE2406U 4115,Burberry,,Rojo,Acetato,Rectángulo,Aro Completo,Mujer,122.0,18.0,52.0,140.0,BE2406U 4115,284.0,,284.0,False,,False,True,True,True,2026-08-02T10:02:16+00:00
https://www.optica2000.com/gafas-graduadas/burberry-be2409-4124/8056262081068,optica2000,8056262081068,Burberry BE2409 4124,Burberry,,Verde,Acetato,Cuadrado,Aro Completo,Hombre,121.0,19.0,51.0,145.0,BE2409 4124,184.1,263.0,263.0,True,30.0,True,True,True,True,2026-08-02T10:01:40+00:00
https://www.optica2000.com/gafas-graduadas/burberry-be2411-4121/8056262080146,optica2000,8056262080146,Burberry BE2411 4121,Burberry,,Negro,Acetato,Cuadrado,Aro Completo,Hombre,124.0,18.0,53.0,145.0,BE2411 4121,147.0,210.0,210.0,True,30.0,True,True,True,False,2026-08-02T09:44:55+00:00
https://www.optica2000.com/gafas-graduadas/burberry-be2427u-3001/8056262469385,optica2000,8056262469385,Burberry BE2427U 3001,Burberry,,Negro,Inyectado,Ojo de gato,Aro Completo,Mujer,120.0,16.0,52.0,140.0,BE2427U 3001,242.0,,242.0,False,,False,True,True,True,2026-08-02T09:52:37+00:00
https://www.optica2000.com/gafas-graduadas/burberry-be2427u-4159/8056262469453,optica2000,8056262469453,Burberry BE2427U 4159,Burberry,,Violeta,Inyectado,Ojo de gato,Aro Completo,Mujer,124.0,16.0,54.0,140.0,BE2427U 4159,242.0,,242.0,False,,False,True,True,True,2026-08-02T09:55:28+00:00
https://www.optica2000.com/gafas-graduadas/burberry-be2428u-3002/8056262455791,optica2000,8056262455791,Burberry BE2428U 3002,Burberry,,Marrón,Inyectado,Rectángulo,Aro Completo,Hombre,124.0,20.0,52.0,145.0,BE2428U 3002,263.0,,263.0,False,,False,True,True,True,2026-08-02T09:41:35+00:00
https://www.optica2000.com/gafas-graduadas/burberry-be2428u-4174/8056262455869,optica2000,8056262455869,Burberry BE2428U 4174,Burberry,,Verde,Inyectado,Rectángulo,Aro Completo,Hombre,128.0,20.0,54.0,145.0,BE2428U 4174,263.0,,263.0,False,,False,True,True,True,2026-08-02T10:08:32+00:00
https://www.optica2000.com/gafas-graduadas/burberry-be2430-4161/8056262454718,optica2000,8056262454718,Burberry BE2430 4161,Burberry,,Negro,Acetato,Cuadrado,Aro Completo,Mujer,124.0,18.0,53.0,140.0,BE2430 4161,221.0,,221.0,False,,False,True,True,True,2026-08-02T09:43:32+00:00
https://www.optica2000.com/gafas-graduadas/burberry-be2430-4168/8056262454725,optica2000,8056262454725,Burberry BE2430 4168,Burberry,,Azul,Acetato,Cuadrado,Aro Completo,Mujer,120.0,18.0,51.0,140.0,BE2430 4168,221.0,,221.0,False,,False,True,True,True,2026-08-02T09:50:08+00:00
https://www.optica2000.com/gafas-graduadas/burberry-be2431-4161/8056262454831,optica2000,8056262454831,Burberry BE2431 4161,Burberry,,Negro,Acetato,Ojo de gato,Aro Completo,Mujer,125.0,17.0,54.0,140.0,BE2431 4161,221.0,,221.0,False,,False,True,True,True,2026-08-02T09:47:09+00:00
https://www.optica2000.com/gafas-graduadas/burberry-be2431-4164/8056262454800,optica2000,8056262454800,Burberry BE2431 4164,Burberry,,Beige,Acetato,Ojo de gato,Aro Completo,Mujer,121.0,17.0,52.0,140.0,BE2431 4164,221.0,,221.0,False,,False,True,True,True,2026-08-02T09:42:44+00:00
https://www.optica2000.com/gafas-graduadas/burberry-be2432u-3464/8056262455555,optica2000,8056262455555,Burberry BE2432U 3464,Burberry,,Negro,Inyectado,,,Hombre,128.0,18.0,55.0,145.0,BE2432U 3464,221.0,,221.0,False,,False,True,True,True,2026-08-02T10:08:14+00:00
https://www.optica2000.com/gafas-graduadas/burberry-be2432u-4110/8056262455562,optica2000,8056262455562,Burberry BE2432U 4110,Burberry,,Azul,Inyectado,,,Hombre,124.0,18.0,53.0,145.0,BE2432U 4110,221.0,,221.0,False,,False,True,True,True,2026-08-02T09:59:43+00:00
https://www.optica2000.com/gafas-graduadas/burberry-be2433u-3464/8056262455661,optica2000,8056262455661,Burberry BE2433U 3464,Burberry,,Negro,Inyectado,Cuadrado,Aro Completo,Hombre,128.0,20.0,54.0,145.0,BE2433U 3464,221.0,,221.0,False,,False,True,True,True,2026-08-02T10:03:36+00:00
https://www.optica2000.com/gafas-graduadas/burberry-be2433u-4110/8056262455692,optica2000,8056262455692,Burberry BE2433U 4110,Burberry,,Azul,Inyectado,Cuadrado,Aro Completo,Hombre,124.0,20.0,52.0,145.0,BE2433U 4110,221.0,,221.0,False,,False,True,True,True,2026-08-02T10:06:56+00:00
https://www.optica2000.com/gafas-graduadas/burberry-be2443-3002/8056262554104,optica2000,8056262554104,Burberry BE2443 3002,Burberry,,Marrón,Acetato,Cuadrado,Aro Completo,Mujer,123.0,17.0,53.0,140.0,BE2443 3002,242.0,,242.0,False,,False,True,True,False,2026-08-02T09:48:55+00:00
https://www.optica2000.com/gafas-graduadas/burberry-be2445-4207/8056262558379,optica2000,8056262558379,Burberry BE2445 4207,Burberry,,Beige,Acetato,Cuadrado,Aro Completo,Hombre,123.0,19.0,52.0,145.0,BE2445 4207,263.0,,263.0,False,,False,True,True,True,2026-08-02T09:47:53+00:00
https://www.optica2000.com/gafas-graduadas/carolinaherrera-ch0033-noa-53-17/716736720159,optica2000,716736720159,Carolina Herrera CH 0033 NOA,Carolina Herrera,,Oro,Metal,Ojo de gato,Semi al aire,Mujer,,17.0,53.0,140.0,CH 0033 NOA,154.0,220.0,220.0,True,30.0,True,True,True,True,2026-08-02T10:04:47+00:00
https://www.optica2000.com/gafas-graduadas/carolinaherrera-ch0047-3h2-52-18/716736714486,optica2000,716736714486,Carolina Herrera CH 0047 3H2,Carolina Herrera,,Negro,Plástico,Cuadrado,Aro Completo,Mujer,,18.0,52.0,140.0,CH 0047 3H2,119.0,170.0,170.0,True,30.0,True,True,True,True,2026-08-02T10:04:26+00:00
https://www.optica2000.com/gafas-graduadas/carolinaherrera-ch0049-c1h-50-18/716736714387,optica2000,716736714387,Carolina Herrera CH 0049 C1H,Carolina Herrera,,Havana,Plástico,Redondo,Aro Completo,Mujer,,18.0,50.0,140.0,CH 0049 C1H,85.0,170.0,170.0,True,50.0,True,True,True,False,2026-08-02T09:51:15+00:00
https://www.optica2000.com/gafas-graduadas/carolinaherrera-ch0054-yje-53-16/716736721217,optica2000,716736721217,Carolina Herrera CH 0054 YJE,Carolina Herrera,,Verde,Plástico,Ojo de gato,Aro Completo,Mujer,,16.0,53.0,140.0,CH 0054 YJE,126.0,180.0,180.0,True,30.0,True,True,True,False,2026-08-02T10:00:59+00:00
https://www.optica2000.com/gafas-graduadas/carolinaherrera-ch0072-lhf-54-15/716736719160,optica2000,716736719160,Carolina Herrera CH 0072 LHF,Carolina Herrera,,Burdeos,Plástico,Cuadrado,Aro Completo,Mujer,,15.0,54.0,140.0,CH 0072 LHF,115.5,165.0,165.0,True,30.0,True,True,True,False,2026-08-02T09:44:43+00:00
https://www.optica2000.com/gafas-graduadas/carolinaherrera-ch0074-2m2-53-16/716736725291,optica2000,716736725291,Carolina Herrera CH 0074 2M2,Carolina Herrera,,Negro,Metal,Ojo de gato,Aro Completo,Mujer,,16.0,53.0,140.0,CH 0074 2M2,180.0,,180.0,False,,False,True,True,False,2026-08-02T09:32:01+00:00
https://www.optica2000.com/gafas-graduadas/coach-hc5185-9005/725125528931,optica2000,725125528931,Coach HC5185 9005,Coach,,Oro,Metal,Ojo de gato,Al aire,Mujer,122.0,18.0,52.0,140.0,HC5185 9005,110.6,158.0,158.0,True,30.0,True,True,True,True,2026-08-02T09:43:31+00:00
https://www.optica2000.com/gafas-graduadas/coach-hc5185-9331/725125528955,optica2000,725125528955,Coach HC5185 9331,Coach,,Oro,Metal,Ojo de gato,Al aire,Mujer,122.0,18.0,52.0,140.0,HC5185 9331,110.6,158.0,158.0,True,30.0,True,True,True,True,2026-08-02T09:58:33+00:00
https://www.optica2000.com/gafas-graduadas/coach-hc6257u-5002/725125527750,optica2000,725125527750,Coach HC6257U 5002,Coach,,Negro,Acetato,Cuadrado,Aro Completo,Mujer,116.0,18.0,49.0,140.0,HC6257U 5002,165.0,,165.0,False,,False,True,True,False,2026-08-02T10:00:17+00:00
https://www.optica2000.com/gafas-graduadas/coach-hc6257u-5259/725125527927,optica2000,725125527927,Coach HC6257U 5259,Coach,,Azul,Acetato,Cuadrado,Aro Completo,Mujer,120.0,18.0,51.0,140.0,HC6257U 5259,165.0,,165.0,False,,False,True,True,False,2026-08-02T09:41:24+00:00
https://www.optica2000.com/gafas-graduadas/coach-hc6260u-5612/725125528078,optica2000,725125528078,Coach HC6260U 5612,Coach,,Violeta,Acetato,Cuadrado,Aro Completo,Mujer,125.0,17.0,54.0,145.0,HC6260U 5612,110.6,158.0,158.0,True,30.0,True,True,True,True,2026-08-02T09:49:13+00:00
https://www.optica2000.com/gafas-graduadas/dbyd-db1011-bx00/8056262323458,optica2000,8056262323458,DbyD DB1011 BX00,DbyD,,Negro,Acero,Cuadrado,Aro Completo,Hombre,125.0,17.0,54.0,140.0,DB1011 BX00,59.0,,59.0,False,,False,True,True,False,2026-08-02T10:00:11+00:00
https://www.optica2000.com/gafas-graduadas/dbyd-db1011-bx00/8056262323472,optica2000,8056262323472,DbyD DB1011 GX00,DbyD,,Gris,Acero,Cuadrado,Aro Completo,Hombre,125.0,17.0,54.0,140.0,DB1011 GX00,59.0,,59.0,False,,False,True,True,False,2026-08-02T09:58:00+00:00
https://www.optica2000.com/gafas-graduadas/dbyd-db1039-dx00/8056262837733,optica2000,8056262837733,DbyD DB1039 DX00,DbyD,,Oro,Acero,Cuadrado,Aro Completo,Hombre,125.0,17.0,54.0,145.0,DB1039 DX00,59.0,,59.0,False,,False,True,True,True,2026-08-02T10:04:15+00:00
https://www.optica2000.com/gafas-graduadas/dbyd-db1039-dx00/8056262837757,optica2000,8056262837757,DbyD DB1039 SS00,DbyD,,Plata,Acero,Cuadrado,Aro Completo,Hombre,125.0,17.0,54.0,145.0,DB1039 SS00,59.0,,59.0,False,,False,True,True,False,2026-08-02T09:44:34+00:00
https://www.optica2000.com/gafas-graduadas/dbyd-db1055-bb00/8056262837726,optica2000,8056262837726,DbyD DB1055 BB00,DbyD,,Negro,Acero,Rectángulo,Aro Completo,Hombre,126.0,18.0,54.0,140.0,DB1055 BB00,59.0,,59.0,False,,False,True,True,True,2026-08-02T09:48:28+00:00
https://www.optica2000.com/gafas-graduadas/dbyd-db1055-bb00/8056262837764,optica2000,8056262837764,DbyD DB1055 GG00,DbyD,,Gris,Acero,Rectángulo,Aro Completo,Hombre,126.0,18.0,54.0,140.0,DB1055 GG00,59.0,,59.0,False,,False,True,True,True,2026-08-02T10:07:37+00:00
https://www.optica2000.com/gafas-graduadas/dbyd-db1159-1/8056262323199,optica2000,8056262323199,DbyD DB1159 1,DbyD,,Negro,Metal,Ojo de gato,Aro Completo,Mujer,122.0,16.0,53.0,140.0,DB1159 1,79.0,,79.0,False,,False,True,True,False,2026-08-02T09:46:06+00:00
https://www.optica2000.com/gafas-graduadas/dbyd-db1159-2/8056262323212,optica2000,8056262323212,DbyD DB1159 2,DbyD,,Violeta,Metal,Ojo de gato,Aro Completo,Mujer,122.0,16.0,53.0,140.0,DB1159 2,79.0,,79.0,False,,False,True,True,False,2026-08-02T09:47:12+00:00
https://www.optica2000.com/gafas-graduadas/dbyd-db1164-1/8056262323243,optica2000,8056262323243,DbyD DB1164 1,DbyD,,Oro,Metal,Ojo de gato,Semi Al Aire,Mujer,126.0,16.0,55.0,135.0,DB1164 1,79.0,,79.0,False,,False,True,True,True,2026-08-02T09:51:48+00:00
https://www.optica2000.com/gafas-graduadas/dbyd-db1165-1/8056262323250,optica2000,8056262323250,DbyD DB1165 1,DbyD,,Oro,Metal,Rectángulo,Semi Al Aire,Hombre,132.0,18.0,57.0,150.0,DB1165 1,79.0,,79.0,False,,False,True,True,True,2026-08-02T10:05:56+00:00
https://www.optica2000.com/gafas-graduadas/dbyd-db1165-2/8056262323304,optica2000,8056262323304,DbyD DB1165 2,DbyD,,Gris,Metal,Rectángulo,Semi Al Aire,Hombre,132.0,18.0,57.0,150.0,DB1165 2,79.0,,79.0,False,,False,True,True,False,2026-08-02T09:45:12+00:00
https://www.optica2000.com/gafas-graduadas/dbyd-db1166-1/8056262323267,optica2000,8056262323267,DbyD DB1166 1,DbyD,,Negro,Metal,Cuadrado,Aro Completo,Hombre,126.0,18.0,54.0,140.0,DB1166 1,79.0,,79.0,False,,False,True,True,False,2026-08-02T10:05:13+00:00
https://www.optica2000.com/gafas-graduadas/dbyd-db1166-2/8056262323328,optica2000,8056262323328,DbyD DB1166 2,DbyD,,Azul,Metal,Cuadrado,Aro Completo,Hombre,126.0,18.0,54.0,140.0,DB1166 2,79.0,,79.0,False,,False,True,True,True,2026-08-02T09:39:45+00:00
https://www.optica2000.com/gafas-graduadas/dbyd-db1168-2/8056262522073,optica2000,8056262522073,DbyD DB1168 2,DbyD,,Azul,Metal,Cuadrado,Aro Completo,Hombre,123.0,17.0,53.0,145.0,DB1168 2,59.0,,59.0,False,,False,True,True,True,2026-08-02T10:02:01+00:00
https://www.optica2000.com/gafas-graduadas/dbyd-db1171t-1/8056262522066,optica2000,8056262522066,DbyD DB1171T 1,DbyD,,Verde,Titanio,Cuadrado,Aro Completo,Hombre,121.0,17.0,52.0,140.0,DB1171T 1,79.0,,79.0,False,,False,True,True,True,2026-08-02T09:48:52+00:00
https://www.optica2000.com/gafas-graduadas/dbyd-db1171t-1/8056262522110,optica2000,8056262522110,DbyD DB1171T 2,DbyD,,Gris,Titanio,Cuadrado,Aro Completo,Hombre,121.0,17.0,52.0,140.0,DB1171T 2,79.0,,79.0,False,,False,True,True,True,2026-08-02T09:54:31+00:00
https://www.optica2000.com/gafas-graduadas/dbyd-db1172-1/8056262736524,optica2000,8056262736524,DbyD DB1172 1,DbyD,,Rojo,Metal,Cuadrado,Aro Completo,Mujer,119.0,17.0,51.0,140.0,DB1172 1,59.0,,59.0,False,,False,True,True,True,2026-08-02T09:49:41+00:00
https://www.optica2000.com/gafas-graduadas/dbyd-db1172-1/8056262736586,optica2000,8056262736586,DbyD DB1172 2,DbyD,,Rosa,Metal,Cuadrado,Aro Completo,Mujer,119.0,17.0,51.0,140.0,DB1172 2,59.0,,59.0,False,,False,True,True,True,2026-08-02T09:44:35+00:00
https://www.optica2000.com/gafas-graduadas/dbyd-db1173-1/8056262736494,optica2000,8056262736494,DbyD DB1173 1,DbyD,,Gris,Metal,Rectángulo,Aro Completo,Hombre,128.0,18.0,55.0,150.0,DB1173 1,79.0,,79.0,False,,False,True,True,True,2026-08-02T09:56:25+00:00
https://www.optica2000.com/gafas-graduadas/dbyd-db1173-1/8056262736500,optica2000,8056262736500,DbyD DB1173 2,DbyD,,Azul,Metal,Rectángulo,Aro Completo,Hombre,128.0,18.0,55.0,150.0,DB1173 2,79.0,,79.0,False,,False,True,True,True,2026-08-02T09:47:58+00:00
https://www.optica2000.com/gafas-graduadas/dbyd-db1177t-1/8056262736838,optica2000,8056262736838,DbyD DB1177T 1,DbyD,,Rosa,Titanio,Redondo,Aro Completo,Mujer,121.0,17.0,52.0,140.0,DB1177T 1,79.0,,79.0,False,,False,True,True,True,2026-08-02T09:51:51+00:00
https://www.optica2000.com/gafas-graduadas/dbyd-db1177t-1/8056262736913,optica2000,8056262736913,DbyD DB1177T 2,DbyD,,Violeta,Titanio,Redondo,Aro Completo,Mujer,121.0,17.0,52.0,140.0,DB1177T 2,79.0,,79.0,False,,False,True,True,True,2026-08-02T10:06:49+00:00
https://www.optica2000.com/gafas-graduadas/dbyd-db2019-fn00/8056597986199,optica2000,8056597986199,DbyD DB2019 FN00,DbyD,,Havana,Acetato,Cuadrado,Aro Completo,Junior,115.0,17.0,49.0,135.0,DB2019 FN00,69.0,,69.0,False,,False,True,True,True,2026-08-02T10:05:23+00:00
https://www.optica2000.com/gafas-graduadas/dbyd-db2038-203801/8719154116094,optica2000,8719154116094,DbyD DB2038 203801,DbyD,,Azul,Acetato,Ojo de gato,Aro Completo,Mujer,122.0,16.0,53.0,140.0,DB2038 203801,79.0,,79.0,False,,False,True,True,False,2026-08-02T09:49:09+00:00
https://www.optica2000.com/gafas-graduadas/dbyd-db2052-cs00/8056262837740,optica2000,8056262837740,DbyD DB2052 CS00,DbyD,,Azul,Acetato,Ojo de gato,Aro Completo,Mujer,125.0,17.0,54.0,140.0,DB2052 CS00,79.0,,79.0,False,,False,True,True,True,2026-08-02T09:59:31+00:00
https://www.optica2000.com/gafas-graduadas/dbyd-db2052-cs00/8056262837771,optica2000,8056262837771,DbyD DB2052 HD00,DbyD,,Havana,Acetato,Ojo de gato,Aro Completo,Mujer,125.0,17.0,54.0,140.0,DB2052 HD00,79.0,,79.0,False,,False,True,True,True,2026-08-02T10:01:17+00:00
https://www.optica2000.com/gafas-graduadas/dbyd-db2054-pp00/8056262837719,optica2000,8056262837719,DbyD DB2054 PP00,DbyD,,Violeta,Acetato,Cuadrado,Aro Completo,Mujer,123.0,17.0,53.0,140.0,DB2054 PP00,59.0,,59.0,False,,False,True,True,True,2026-08-02T10:07:28+00:00
https://www.optica2000.com/gafas-graduadas/dbyd-db2130-1/8056262099773,optica2000,8056262099773,DbyD DB2130 1,DbyD,,Negro,Acetato,Rectángulo,Aro Completo,Hombre,130.0,20.0,55.0,145.0,DB2130 1,59.0,,59.0,False,,False,True,True,True,2026-08-02T09:54:28+00:00
https://www.optica2000.com/gafas-graduadas/dbyd-db2130-1/8056262099797,optica2000,8056262099797,DbyD DB2130 3,DbyD,,Azul,Acetato,Rectángulo,Aro Completo,Hombre,130.0,20.0,55.0,145.0,DB2130 3,59.0,,59.0,False,,False,True,True,True,2026-08-02T10:00:15+00:00
https://www.optica2000.com/gafas-graduadas/dbyd-db2131-3/8056262099766,optica2000,8056262099766,DbyD DB2131 3,DbyD,,Marrón,Acetato,Ojo de gato,Aro Completo,Mujer,127.0,17.0,55.0,145.0,DB2131 3,59.0,,59.0,False,,False,True,True,True,2026-08-02T10:05:10+00:00
https://www.optica2000.com/gafas-graduadas/dbyd-db2135-1/8056262323021,optica2000,8056262323021,DbyD DB2135 1,DbyD,,Negro,Acetato,Ojo de gato,Aro Completo,Mujer,125.0,17.0,54.0,140.0,DB2135 1,79.0,,79.0,False,,False,True,True,True,2026-08-02T09:40:27+00:00
https://www.optica2000.com/gafas-graduadas/dbyd-db2135-2/8056262323083,optica2000,8056262323083,DbyD DB2135 2,DbyD,,Rosa,Acetato,Ojo de gato,Aro Completo,Mujer,125.0,17.0,54.0,140.0,DB2135 2,79.0,,79.0,False,,False,True,True,False,2026-08-02T09:47:01+00:00
https://www.optica2000.com/gafas-graduadas/dbyd-db2136-1/8056262323038,optica2000,8056262323038,DbyD DB2136 1,DbyD,,Marrón,Acetato,Cuadrado,Aro Completo,Mujer,126.0,16.0,55.0,145.0,DB2136 1,79.0,,79.0,False,,False,True,True,True,2026-08-02T10:05:49+00:00
https://www.optica2000.com/gafas-graduadas/dbyd-db2139-1/8056262323069,optica2000,8056262323069,DbyD DB2139 1,DbyD,,Verde,Acetato,Cuadrado,Aro Completo,Mujer,124.0,16.0,54.0,140.0,DB2139 1,79.0,,79.0,False,,False,True,True,False,2026-08-02T10:08:16+00:00
https://www.optica2000.com/gafas-graduadas/dbyd-db2140-1/8056262323076,optica2000,8056262323076,DbyD DB2140 1,DbyD,,Gris,Acetato,Cuadrado,Aro Completo,Hombre,125.0,19.0,53.0,145.0,DB2140 1,79.0,,79.0,False,,False,True,True,False,2026-08-02T10:04:06+00:00
https://www.optica2000.com/gafas-graduadas/dbyd-db2140-2/8056262323137,optica2000,8056262323137,DbyD DB2140 2,DbyD,,Marrón,Acetato,Cuadrado,Aro Completo,Hombre,125.0,19.0,53.0,145.0,DB2140 2,79.0,,79.0,False,,False,True,True,True,2026-08-02T09:47:18+00:00
https://www.optica2000.com/gafas-graduadas/dbyd-db2140-3/8056262323205,optica2000,8056262323205,DbyD DB2140 3,DbyD,,Azul,Acetato,Cuadrado,Aro Completo,Hombre,125.0,19.0,53.0,145.0,DB2140 3,79.0,,79.0,False,,False,True,True,True,2026-08-02T10:05:14+00:00
https://www.optica2000.com/gafas-graduadas/dbyd-db2141-1/8056262523476,optica2000,8056262523476,DbyD DB2141 1,DbyD,,Negro,Acetato,Ojo de gato,Aro Completo,Mujer,122.0,18.0,52.0,140.0,DB2141 1,59.0,,59.0,False,,False,True,True,True,2026-08-02T10:07:52+00:00
https://www.optica2000.com/gafas-graduadas/dbyd-db2142-2/8056262523490,optica2000,8056262523490,DbyD DB2142 2,DbyD,,Rosa,Acetato,Cuadrado,Aro Completo,Mujer,131.0,17.0,57.0,145.0,DB2142 2,59.0,,59.0,False,,False,True,True,True,2026-08-02T09:45:24+00:00
https://www.optica2000.com/gafas-graduadas/dbyd-db2142-2/8056262523537,optica2000,8056262523537,DbyD DB2142 3,DbyD,,Azul,Acetato,Cuadrado,Aro Completo,Mujer,131.0,17.0,57.0,145.0,DB2142 3,59.0,,59.0,False,,False,True,True,True,2026-08-02T09:40:38+00:00
https://www.optica2000.com/gafas-graduadas/dbyd-db2146-1/8056262736517,optica2000,8056262736517,DbyD DB2146 1,DbyD,,Verde,Acetato,Rectángulo,Aro Completo,Hombre,127.0,17.0,55.0,145.0,DB2146 1,59.0,,59.0,False,,False,True,True,False,2026-08-02T09:46:55+00:00
https://www.optica2000.com/gafas-graduadas/dbyd-db2146-1/8056262736579,optica2000,8056262736579,DbyD DB2146 2,DbyD,,Azul,Acetato,Rectángulo,Aro Completo,Hombre,127.0,17.0,55.0,145.0,DB2146 2,59.0,,59.0,False,,False,True,True,True,2026-08-02T09:55:12+00:00
https://www.optica2000.com/gafas-graduadas/dbyd-db2146-1/8056262736647,optica2000,8056262736647,DbyD DB2146 3,DbyD,,Marrón,Acetato,Rectángulo,Aro Completo,Hombre,127.0,17.0,55.0,145.0,DB2146 3,59.0,,59.0,False,,False,True,True,False,2026-08-02T09:59:01+00:00
https://www.optica2000.com/gafas-graduadas/dbyd-db2147-2/8056262736609,optica2000,8056262736609,DbyD DB2147 2,DbyD,,Havana,Acetato,Cuadrado,Aro Completo,Hombre,121.0,19.0,51.0,145.0,DB2147 2,79.0,,79.0,False,,False,True,True,True,2026-08-02T09:59:10+00:00
https://www.optica2000.com/gafas-graduadas/dbyd-db2147-2/8056262736661,optica2000,8056262736661,DbyD DB2147 3,DbyD,,Azul,Acetato,Cuadrado,Aro Completo,Hombre,121.0,19.0,51.0,145.0,DB2147 3,79.0,,79.0,False,,False,True,True,True,2026-08-02T09:44:31+00:00
https://www.optica2000.com/gafas-graduadas/dbyd-db2148-1/8056262736548,optica2000,8056262736548,DbyD DB2148 1,DbyD,,Marrón,Acetato,Ojo de gato,Aro Completo,Mujer,130.0,18.0,56.0,145.0,DB2148 1,79.0,,79.0,False,,False,True,True,True,2026-08-02T09:53:42+00:00
https://www.optica2000.com/gafas-graduadas/dbyd-db2148-1/8056262736678,optica2000,8056262736678,DbyD DB2148 3,DbyD,,Havana,Acetato,Ojo de gato,Aro Completo,Mujer,130.0,18.0,56.0,145.0,DB2148 3,79.0,,79.0,False,,False,True,True,True,2026-08-02T09:46:15+00:00
https://www.optica2000.com/gafas-graduadas/dbyd-db2149-1/8056262736593,optica2000,8056262736593,DbyD DB2149 1,DbyD,,Marrón,Acetato,Rectángulo,Aro Completo,Mujer,123.0,15.0,54.0,140.0,DB2149 1,79.0,,79.0,False,,False,True,True,True,2026-08-02T09:53:37+00:00
https://www.optica2000.com/gafas-graduadas/dbyd-db2149-1/8056262736654,optica2000,8056262736654,DbyD DB2149 2,DbyD,,Rojo,Acetato,Rectángulo,Aro Completo,Mujer,123.0,15.0,54.0,140.0,DB2149 2,79.0,,79.0,False,,False,True,True,True,2026-08-02T09:44:53+00:00
https://www.optica2000.com/gafas-graduadas/dbyd-db2150-2/8056262736906,optica2000,8056262736906,DbyD DB2150 2,DbyD,,Marrón,Acetato,Cuadrado,Aro Completo,Mujer,113.0,17.0,48.0,135.0,DB2150 2,79.0,,79.0,False,,False,True,True,True,2026-08-02T10:02:47+00:00
https://www.optica2000.com/gafas-graduadas/dbyd-db2150-2/8056262736951,optica2000,8056262736951,DbyD DB2150 3,DbyD,,Havana,Acetato,Cuadrado,Aro Completo,Mujer,113.0,17.0,48.0,135.0,DB2150 3,79.0,,79.0,False,,False,True,True,True,2026-08-02T10:00:06+00:00
https://www.optica2000.com/gafas-graduadas/dbyd-db2151-1/8056262736753,optica2000,8056262736753,Dbyd DB2151 1,Dbyd,,Gris,Acetato,Aviador,Aro completo,Hombre,125.0,15.0,55.0,145.0,DB2151 1,79.0,,79.0,False,,False,True,True,True,2026-08-02T09:42:39+00:00
https://www.optica2000.com/gafas-graduadas/dbyd-db2151-1/8056262736944,optica2000,8056262736944,Dbyd DB2151 3,Dbyd,,Gris,Acetato,Aviador,Aro completo,Hombre,125.0,15.0,55.0,145.0,DB2151 3,79.0,,79.0,False,,False,True,True,True,2026-08-02T10:08:24+00:00
https://www.optica2000.com/gafas-graduadas/dbyd-dbhf05-hd-54-17/8719154308536,optica2000,8719154308536,DbyD DBHF05 HD,DbyD,,Havana,Acetato,Ojo de gato,Aro Completo,Mujer,125.0,17.0,54.0,140.0,DBHF05 HD,79.0,,79.0,False,,False,True,True,False,2026-08-02T09:54:12+00:00
https://www.optica2000.com/gafas-graduadas/dbyd-dbof5029-bg00-57-17/8719154743320,optica2000,8719154743320,DbyD DBOF5029 BG00,DbyD,,Negro,Acero,Rectángulo,Aro Completo,Mujer,131.0,17.0,57.0,145.0,DBOF5029 BG00,79.0,,79.0,False,,False,True,True,True,2026-08-02T10:08:10+00:00
https://www.optica2000.com/gafas-graduadas/dbyd-dbof5029-nh00-57-17/8719154743313,optica2000,8719154743313,DbyD DBOF5029 NH00,DbyD,,Marrón,Acero,Rectángulo,Aro Completo,Mujer,131.0,17.0,57.0,145.0,DBOF5029 NH00,79.0,,79.0,False,,False,True,True,True,2026-08-02T09:40:53+00:00
https://www.optica2000.com/gafas-graduadas/dbyd-dbof5055-dp00-54-18/8719154836145,optica2000,8719154836145,DbyD DBOF5055 DP00,DbyD,,Oro,Acero,Cuadrado,Semi al aire,Mujer,126.0,18.0,54.0,140.0,DBOF5055 DP00,39.5,79.0,79.0,True,50.0,True,True,True,True,2026-08-02T09:59:26+00:00
https://www.optica2000.com/gafas-graduadas/dbyd-dbof5061-bd00-53-14/8719154093098,optica2000,8719154093098,DbyD DBOF5061 BD00,DbyD,,Negro,Acetato,Rectángulo,Aro Completo,Mujer,120.0,14.0,53.0,140.0,DBOF5061 BD00,39.5,79.0,79.0,True,50.0,True,True,True,True,2026-08-02T09:58:21+00:00
https://www.optica2000.com/gafas-graduadas/dbyd-dbof5062-ud00-51-17/8719154837609,optica2000,8719154837609,DbyD DBOF5062 UD00,DbyD,,Burdeos,Acetato,Redondo,Aro Completo,Mujer,119.0,17.0,51.0,140.0,DBOF5062 UD00,79.0,,79.0,False,,False,True,True,True,2026-08-02T09:51:38+00:00
https://www.optica2000.com/gafas-graduadas/dbyd-dbof5067-hd00-53-18/8719154838033,optica2000,8719154838033,DbyD DBOF5067 HD00,DbyD,,Havana,Acetato,Ojo de gato,Aro Completo,Mujer,124.0,18.0,53.0,140.0,DBOF5067 HD00,79.0,,79.0,False,,False,True,True,True,2026-08-02T10:03:14+00:00
https://www.optica2000.com/gafas-graduadas/dbyd-dbof5070-od00-53-16/8719154838231,optica2000,8719154838231,DbyD DBOF5070 OD00,DbyD,,Naranja,Acetato,Rectángulo,Aro Completo,Mujer,122.0,16.0,53.0,140.0,DBOF5070 OD00,79.0,,79.0,False,,False,True,True,True,2026-08-02T09:52:48+00:00
https://www.optica2000.com/gafas-graduadas/dbyd-dbof5073-dh00-53-16/8719154838439,optica2000,8719154838439,DbyD DBOF5073 DH00,DbyD,,Oro,Acero,Ojo de gato,Aro Completo,Mujer,122.0,16.0,53.0,140.0,DBOF5073 DH00,79.0,,79.0,False,,False,True,True,True,2026-08-02T10:03:28+00:00
https://www.optica2000.com/gafas-graduadas/dbyd-dbof5080-nd00-54-16/8719154456411,optica2000,8719154456411,DbyD DBOF5080 ND00,DbyD,,Marrón,Acetato,Rectángulo,Aro Completo,Mujer,124.0,16.0,54.0,140.0,DBOF5080 ND00,39.5,79.0,79.0,True,50.0,True,True,True,True,2026-08-02T09:51:41+00:00
https://www.optica2000.com/gafas-graduadas/dbyd-dbom5001-bb00-56-17/8719154731761,optica2000,8719154731761,DbyD DBOM5001 BB00,DbyD,,Negro,Acero,Rectángulo,Aro Completo,Hombre,129.0,17.0,56.0,142.0,DBOM5001 BB00,79.0,,79.0,False,,False,True,True,False,2026-08-02T09:49:22+00:00
https://www.optica2000.com/gafas-graduadas/dbyd-dbom5001-cc00-56-17/8719154731778,optica2000,8719154731778,DbyD DBOM5001 CC00,DbyD,,Azul,Acero,Rectángulo,Aro Completo,Hombre,129.0,17.0,56.0,142.0,DBOM5001 CC00,79.0,,79.0,False,,False,True,True,False,2026-08-02T09:55:29+00:00
https://www.optica2000.com/gafas-graduadas/dbyd-dbom5065-eh00-55-16/8719154838569,optica2000,8719154838569,DbyD DBOM5065 EH00,DbyD,,Verde,Acero,Rectángulo,Aro Completo,Hombre,126.0,16.0,55.0,145.0,DBOM5065 EH00,55.3,79.0,79.0,True,30.0,True,True,True,False,2026-08-02T09:50:33+00:00
https://www.optica2000.com/gafas-graduadas/dbyd-dbom5071-gc00-57-19/8719154456466,optica2000,8719154456466,DbyD DBOM5071 GC00,DbyD,,Gris,Acetato,Rectángulo,Aro Completo,Hombre,133.0,19.0,57.0,150.0,DBOM5071 GC00,79.0,,79.0,False,,False,True,True,False,2026-08-02T10:05:52+00:00
https://www.optica2000.com/gafas-graduadas/dbyd-dbom5077-bg00-55-18/8719154838071,optica2000,8719154838071,DbyD DBOM5077 BG00,DbyD,,Negro,Acero,Rectángulo,Semi al aire,Hombre,128.0,18.0,55.0,145.0,DBOM5077 BG00,79.0,,79.0,False,,False,True,True,True,2026-08-02T09:48:11+00:00
https://www.optica2000.com/gafas-graduadas/dbyd-dbom5082-gn00-54-18/8719154838286,optica2000,8719154838286,DbyD DBOM5082 GN00,DbyD,,Gris,Acero,Rectángulo,Rimless,Hombre,126.0,18.0,54.0,140.0,DBOM5082 GN00,79.0,,79.0,False,,False,True,True,True,2026-08-02T09:50:45+00:00
https://www.optica2000.com/gafas-graduadas/dbyd-dbom5086-gg00-54-18/8719154033445,optica2000,8719154033445,DbyD DBOM5086 GG00,DbyD,,Gris,Acetato,Rectángulo,Aro Completo,Hombre,126.0,18.0,54.0,145.0,DBOM5086 GG00,79.0,,79.0,False,,False,True,True,False,2026-08-02T10:09:19+00:00
https://www.optica2000.com/gafas-graduadas/dbyd-dbom5088-ff00-54-21/8719154456770,optica2000,8719154456770,DbyD DBOM5088 FF00,DbyD,,Marrón,Acetato,Cuadrado,Aro Completo,Hombre,129.0,21.0,54.0,145.0,DBOM5088 FF00,39.5,79.0,79.0,True,50.0,True,True,True,False,2026-08-02T09:44:44+00:00
https://www.optica2000.com/gafas-graduadas/dbyd-dbom7001-ee00-51-17/8719154117091,optica2000,8719154117091,DbyD DBOM7001 EE00,DbyD,,Verde,Metal,Redondo,Aro Completo,Hombre,119.0,17.0,51.0,145.0,DBOM7001 EE00,39.5,79.0,79.0,True,50.0,True,True,True,False,2026-08-02T09:54:40+00:00
https://www.optica2000.com/gafas-graduadas/dbyd-dbom7004-dd00-58-18/8719154117268,optica2000,8719154117268,DbyD DBOM7004 DD00,DbyD,,Oro,Metal,Aviador,Aro Completo,Hombre,134.0,18.0,58.0,150.0,DBOM7004 DD00,39.5,79.0,79.0,True,50.0,True,True,True,True,2026-08-02T09:58:20+00:00
https://www.optica2000.com/gafas-graduadas/dbyd-dj1004-1/8056262099834,optica2000,8056262099834,DbyD DJ1004 1,DbyD,,Plata,Metal,Rectángulo,Aro Completo,Junior,113.0,17.0,48.0,140.0,DJ1004 1,69.0,,69.0,False,,False,True,True,True,2026-08-02T09:57:17+00:00
https://www.optica2000.com/gafas-graduadas/dbyd-dj1005-2/8056262736852,optica2000,8056262736852,DbyD DJ1005 2,DbyD,,Plata,Metal,Cuadrado,Aro Completo,Junior,118.0,16.0,51.0,135.0,DJ1005 2,69.0,,69.0,False,,False,True,True,True,2026-08-02T09:58:15+00:00
https://www.optica2000.com/gafas-graduadas/dbyd-dj2001-1/8056262736746,optica2000,8056262736746,DbyD DJ2001 1,DbyD,,Gris,Acetato,Cuadrado,Aro Completo,Junior,117.0,17.0,50.0,135.0,DJ2001 1,69.0,,69.0,False,,False,True,True,False,2026-08-02T09:47:10+00:00
https://www.optica2000.com/gafas-graduadas/dbyd-dj2001-1/8056262736821,optica2000,8056262736821,DbyD DJ2001 2,DbyD,,Azul,Acetato,Cuadrado,Aro Completo,Junior,117.0,17.0,50.0,135.0,DJ2001 2,69.0,,69.0,False,,False,True,True,True,2026-08-02T09:50:21+00:00
https://www.optica2000.com/gafas-graduadas/dbyd-dj2002-1/8056262736807,optica2000,8056262736807,DbyD DJ2002 1,DbyD,,Rosa,Acetato,Ojo de gato,Aro Completo,Junior,115.0,17.0,49.0,135.0,DJ2002 1,69.0,,69.0,False,,False,True,True,True,2026-08-02T10:06:57+00:00
https://www.optica2000.com/gafas-graduadas/dbyd-dj2002-1/8056262736876,optica2000,8056262736876,DbyD DJ2002 2,DbyD,,Violeta,Acetato,Ojo de gato,Aro Completo,Junior,115.0,17.0,49.0,135.0,DJ2002 2,69.0,,69.0,False,,False,True,True,True,2026-08-02T10:04:03+00:00
https://www.optica2000.com/gafas-graduadas/dolce-gabbana-dg3387/8056262062432,optica2000,8056262062432,Dolce&Gabbana DG3387 501,Dolce&Gabbana,,Negro,Acetato,Rectángulo,Aro Completo,Mujer,122.0,16.0,53.0,145.0,DG3387 501,269.0,,269.0,False,,False,True,True,True,2026-08-02T09:32:21+00:00
https://www.optica2000.com/gafas-graduadas/dolce-gabbana-dg3387/8056262076200,optica2000,8056262076200,Dolce&Gabbana DG3387 3148,Dolce&Gabbana,,Rosa,Acetato,Rectángulo,Aro Completo,Mujer,118.0,16.0,51.0,145.0,DG3387 3148,131.5,263.0,263.0,True,50.0,True,True,True,False,2026-08-02T09:48:17+00:00
https://www.optica2000.com/gafas-graduadas/dolce-gabbana-dg3389/8056262051801,optica2000,8056262051801,Dolce&Gabbana DG3389 501,Dolce&Gabbana,,Negro,Acetato,Aviador,,Hombre,128.0,18.0,55.0,145.0,DG3389 501,289.0,,289.0,False,,False,True,True,True,2026-08-02T10:08:41+00:00
https://www.optica2000.com/gafas-graduadas/dolce-gabbana-dg3395/8056262056752,optica2000,8056262056752,Dolce&Gabbana DG3395 501,Dolce&Gabbana,,Negro,Acetato,Cuadrado,Aro Completo,Mujer,118.0,16.0,51.0,145.0,DG3395 501,213.5,305.0,305.0,True,30.0,True,True,True,True,2026-08-02T09:32:09+00:00
https://www.optica2000.com/gafas-graduadas/dolce-gabbana-dg3395/8056262056783,optica2000,8056262056783,Dolce&Gabbana DG3395 502,Dolce&Gabbana,,Havana,Acetato,Cuadrado,Aro Completo,Mujer,122.0,16.0,53.0,145.0,DG3395 502,305.0,,305.0,False,,False,True,True,True,2026-08-02T10:02:13+00:00
https://www.optica2000.com/gafas-graduadas/dolceandgabbana-0dg1309-1277-55-18/8056597016377,optica2000,8056597016377,Dolce&Gabbana 0DG1309 1277,Dolce&Gabbana,,Negro,Metal,Rectángulo,Aro Completo,Hombre,128.0,18.0,55.0,140.0,0DG1309 1277,115.0,230.0,230.0,True,50.0,True,True,True,False,2026-08-02T10:09:13+00:00
https://www.optica2000.com/gafas-graduadas/dolceandgabbana-0dg1322-1334-53-18/8056597127349,optica2000,8056597127349,Dolce&Gabbana 0DG1322 1334,Dolce&Gabbana,,Negro,Metal,Redondo,Aro Completo,Mujer,124.0,18.0,53.0,140.0,0DG1322 1334,229.0,,229.0,False,,False,True,True,True,2026-08-02T09:51:21+00:00
https://www.optica2000.com/gafas-graduadas/dolceandgabbana-0dg1323-1334-54-16/8056597129831,optica2000,8056597129831,Dolce&Gabbana 0DG1323 1334,Dolce&Gabbana,,Negro,Metal,Cuadrado,Aro Completo,Mujer,124.0,16.0,54.0,140.0,0DG1323 1334,229.0,,229.0,False,,False,True,True,True,2026-08-02T10:04:49+00:00
https://www.optica2000.com/gafas-graduadas/dolceandgabbana-0dg1324-1334-52-21/8056597129879,optica2000,8056597129879,Dolce&Gabbana 0DG1324 1334,Dolce&Gabbana,,Negro,Metal,Redondo,Aro Completo,Hombre,125.0,21.0,52.0,140.0,0DG1324 1334,115.0,230.0,230.0,True,50.0,True,True,True,False,2026-08-02T10:04:11+00:00
https://www.optica2000.com/gafas-graduadas/dolceandgabbana-0dg1339-02-54-17/8056597529112,optica2000,8056597529112,Dolce&Gabbana 0DG1339 2,Dolce&Gabbana,,Oro,Acero,Redondo,Aro Completo,Mujer,125.0,17.0,54.0,140.0,0DG1339 2,135.0,270.0,270.0,True,50.0,True,True,True,False,2026-08-02T09:44:05+00:00
https://www.optica2000.com/gafas-graduadas/dolceandgabbana-0dg1340-02-54-17/8056597646123,optica2000,8056597646123,Dolce&Gabbana 0DG1340 2,Dolce&Gabbana,,Oro,Metal,Ojo de gato,Aro Completo,Mujer,125.0,17.0,54.0,140.0,0DG1340 2,115.0,230.0,230.0,True,50.0,True,True,True,False,2026-08-02T10:04:12+00:00
https://www.optica2000.com/gafas-graduadas/dolceandgabbana-0dg1345-1106-56-18/8056597758116,optica2000,8056597758116,Dolce&Gabbana 0DG1345 1106,Dolce&Gabbana,,Negro,Acero,Rectángulo,Aro Completo,Hombre,130.0,18.0,56.0,145.0,0DG1345 1106,131.5,263.0,263.0,True,50.0,True,True,True,False,2026-08-02T09:57:40+00:00
https://www.optica2000.com/gafas-graduadas/dolceandgabbana-0dg1350-02-55-18/8056597851336,optica2000,8056597851336,Dolce&Gabbana 0DG1350 02,Dolce&Gabbana,,Oro,Metal,Rectángulo,Aro Completo,Hombre,128.0,18.0,55.0,145.0,0DG1350 02,131.5,263.0,263.0,True,50.0,True,True,True,False,2026-08-02T10:08:38+00:00
https://www.optica2000.com/gafas-graduadas/dolceandgabbana-0dg1351-02-54-15/8056597946193,optica2000,8056597946193,Dolce&Gabbana 0DG1351 02,Dolce&Gabbana,,Oro,Acero,Cuadrado,Aro Completo,Mujer,123.0,15.0,54.0,140.0,0DG1351 02,131.5,263.0,263.0,True,50.0,True,True,True,False,2026-08-02T09:54:55+00:00
https://www.optica2000.com/gafas-graduadas/dolceandgabbana-0dg3347-501-54-16/8056597646253,optica2000,8056597646253,Dolce&Gabbana 0DG3347 501,Dolce&Gabbana,,Negro,Acetato,Rectángulo,Aro Completo,Mujer,124.0,16.0,54.0,145.0,0DG3347 501,154.7,221.0,221.0,True,30.0,True,True,True,False,2026-08-02T09:40:59+00:00
https://www.optica2000.com/gafas-graduadas/dolceandgabbana-0dg3370-501-52-16/8056597840439,optica2000,8056597840439,Dolce&Gabbana 0DG3370 501,Dolce&Gabbana,,Negro,Acetato,Rectángulo,Aro Completo,Mujer,120.0,16.0,52.0,145.0,0DG3370 501,142.0,284.0,284.0,True,50.0,True,True,True,False,2026-08-02T09:56:38+00:00
https://www.optica2000.com/gafas-graduadas/dolceandgabbana-0dg3372-502-52-20/8056597843539,optica2000,8056597843539,Dolce&Gabbana 0DG3372 502,Dolce&Gabbana,,Havana,Acetato,Ojo de gato,Aro Completo,Mujer,124.0,20.0,52.0,145.0,0DG3372 502,121.0,242.0,242.0,True,50.0,True,True,True,False,2026-08-02T09:38:50+00:00
https://www.optica2000.com/gafas-graduadas/dolceandgabbana-0dg3378-501-53-17/8056597948524,optica2000,8056597948524,Dolce&Gabbana 0DG3378 501,Dolce&Gabbana,,Negro,Acetato,Ojo de gato,Aro Completo,Mujer,123.0,17.0,53.0,145.0,0DG3378 501,131.5,263.0,263.0,True,50.0,True,True,True,False,2026-08-02T09:55:13+00:00
https://www.optica2000.com/gafas-graduadas/dolceandgabbana-0dg3380-3403-54-18/8056597945509,optica2000,8056597945509,Dolce&Gabbana 0DG3380 3403,Dolce&Gabbana,,Negro,Acetato,Cuadrado,Aro Completo,Hombre,126.0,18.0,54.0,145.0,0DG3380 3403,284.0,,284.0,False,,False,True,True,True,2026-08-02T09:57:52+00:00
https://www.optica2000.com/gafas-graduadas/dolceandgabbana-0dg5025-504-53-15/8053672777857,optica2000,8053672777857,Dolce&Gabbana 0DG5025 504,Dolce&Gabbana,,Transparente,Nylon,Ojo de gato,Aro Completo,Mujer,121.0,15.0,53.0,140.0,0DG5025 504,154.7,221.0,221.0,True,30.0,True,True,True,True,2026-08-02T09:46:27+00:00
https://www.optica2000.com/gafas-graduadas/dolceandgabbana-0dg5031-2525-51-19/8053672858396,optica2000,8053672858396,Dolce&Gabbana 0DG5031 2525,Dolce&Gabbana,,Negro,Nylon,Redondo,Aro Completo,Hombre,121.0,19.0,51.0,140.0,0DG5031 2525,249.0,,249.0,False,,False,True,True,True,2026-08-02T10:08:07+00:00
https://www.optica2000.com/gafas-graduadas/dolceandgabbana-0dg5044-2525-55-17/8056597089463,optica2000,8056597089463,Dolce&Gabbana 0DG5044 2525,Dolce&Gabbana,,Negro,Nylon,Rectángulo,Aro Completo,Hombre,127.0,17.0,55.0,145.0,0DG5044 2525,200.0,,200.0,False,,False,True,True,True,2026-08-02T09:48:26+00:00
https://www.optica2000.com/gafas-graduadas/dolceandgabbana-0dg5062-2525-55-19/8056597365932,optica2000,8056597365932,Dolce&Gabbana 0DG5062 2525,Dolce&Gabbana,,Negro,Nylon,Rectángulo,Aro Completo,Hombre,129.0,19.0,55.0,145.0,0DG5062 2525,84.0,168.0,168.0,True,50.0,True,True,True,False,2026-08-02T09:59:55+00:00
https://www.optica2000.com/gafas-graduadas/dolceandgabbana-0dg5072-501-56-17/8056597537575,optica2000,8056597537575,Dolce&Gabbana 0DG5072 501,Dolce&Gabbana,,Negro,Nylon,Rectángulo,Aro Completo,Hombre,129.0,17.0,56.0,150.0,0DG5072 501,95.0,190.0,190.0,True,50.0,True,True,True,False,2026-08-02T10:09:22+00:00
https://www.optica2000.com/gafas-graduadas/dolceandgabbana-0dg5083-3148-51-20/8056597657594,optica2000,8056597657594,Dolce&Gabbana 0DG5083 3148,Dolce&Gabbana,,Rosa,Nylon,Redondo,Aro Completo,Mujer,122.0,20.0,51.0,145.0,0DG5083 3148,100.0,200.0,200.0,True,50.0,True,True,True,False,2026-08-02T09:44:02+00:00
https://www.optica2000.com/gafas-graduadas/dolceandgabbana-0dg5099-3094-55-18/8056597846028,optica2000,8056597846028,Dolce&Gabbana 0DG5099 3094,Dolce&Gabbana,,Transparente,Inyectado,Rectángulo,Aro Completo,Hombre,128.0,18.0,55.0,145.0,0DG5099 3094,168.0,,168.0,False,,False,True,True,True,2026-08-02T09:53:22+00:00
https://www.optica2000.com/gafas-graduadas/dolceandgabbana-0dg5101-501-52-18/8056597845366,optica2000,8056597845366,Dolce&Gabbana 0DG5101 501,Dolce&Gabbana,,Negro,Nylon,Cuadrado,Aro Completo,Hombre,122.0,18.0,52.0,145.0,0DG5101 501,229.0,,229.0,False,,False,True,True,True,2026-08-02T09:38:29+00:00
https://www.optica2000.com/gafas-graduadas/dolceandgabbana-0dg5105u-502-53-18/8056597949422,optica2000,8056597949422,Dolce&Gabbana 0DG5105U 502,Dolce&Gabbana,,Havana,Inyectado,Cuadrado,Aro Completo,Mujer,124.0,18.0,53.0,145.0,0DG5105U 502,269.0,,269.0,False,,False,True,True,True,2026-08-02T09:46:08+00:00
https://www.optica2000.com/gafas-graduadas/dolceandgabbana-0dg5106u-501-54-17/8056597949149,optica2000,8056597949149,Dolce&Gabbana 0DG5106U 501,Dolce&Gabbana,,Negro,Inyectado,Ojo de gato,Aro Completo,Mujer,125.0,17.0,54.0,145.0,0DG5106U 501,263.0,,263.0,False,,False,True,True,True,2026-08-02T09:44:13+00:00
https://www.optica2000.com/gafas-graduadas/dolceandgabbana-0dg5108-2525-53-20/8056597950831,optica2000,8056597950831,Dolce&Gabbana 0DG5108 2525,Dolce&Gabbana,,Negro,Inyectado,Redondo,Aro Completo,Hombre,126.0,20.0,53.0,145.0,0DG5108 2525,157.5,315.0,315.0,True,50.0,True,True,True,False,2026-08-02T10:00:00+00:00
https://www.optica2000.com/gafas-graduadas/dolcegabbana-dg1351-1334/8056597946285,optica2000,8056597946285,Dolce&Gabbana DG1351 1334,Dolce&Gabbana,,Negro,Acero,Cuadrado,Aro Completo,Mujer,127.0,15.0,56.0,140.0,DG1351 1334,269.0,,269.0,False,,False,True,True,True,2026-08-02T09:52:24+00:00
https://www.optica2000.com/gafas-graduadas/dolcegabbana-dg1360-2/8056262475294,optica2000,8056262475294,Dolce&Gabbana DG1360 2,Dolce&Gabbana,,Oro,Metal,Cuadrado,Al aire,Mujer,127.0,13.0,57.0,145.0,DG1360 2,249.0,,249.0,False,,False,True,True,True,2026-08-02T10:06:19+00:00
https://www.optica2000.com/gafas-graduadas/dolcegabbana-dg1360-5/8056262475300,optica2000,8056262475300,Dolce&Gabbana DG1360 5,Dolce&Gabbana,,Plata,Metal,Cuadrado,Al aire,Mujer,127.0,13.0,57.0,145.0,DG1360 5,242.0,,242.0,False,,False,True,True,True,2026-08-02T10:03:22+00:00
https://www.optica2000.com/gafas-graduadas/dolcegabbana-dg1361-2/8056262474143,optica2000,8056262474143,Dolce&Gabbana DG1361 2,Dolce&Gabbana,,Oro,Metal,Rectángulo,Al aire,Hombre,134.0,14.0,60.0,145.0,DG1361 2,359.0,,359.0,False,,False,True,True,True,2026-08-02T09:53:36+00:00
https://www.optica2000.com/gafas-graduadas/dolcegabbana-dg1361-4/8056262474150,optica2000,8056262474150,Dolce&Gabbana DG1361 4,Dolce&Gabbana,,Gris,Metal,Rectángulo,Al aire,Hombre,134.0,14.0,60.0,145.0,DG1361 4,359.0,,359.0,False,,False,True,True,True,2026-08-02T09:44:11+00:00
https://www.optica2000.com/gafas-graduadas/dolcegabbana-dg1362-1335/8056262475034,optica2000,8056262475034,Dolce&Gabbana DG1362 1335,Dolce&Gabbana,,Marrón,Metal,Redondo,Aro Completo,Hombre,121.0,19.0,51.0,145.0,DG1362 1335,326.0,,326.0,False,,False,True,True,True,2026-08-02T09:50:22+00:00
https://www.optica2000.com/gafas-graduadas/dolcegabbana-dg1362-2/8056262474037,optica2000,8056262474037,Dolce&Gabbana DG1362 2,Dolce&Gabbana,,Oro,Metal,Redondo,Aro Completo,Hombre,125.0,19.0,53.0,145.0,DG1362 2,326.0,,326.0,False,,False,True,True,True,2026-08-02T10:02:43+00:00
https://www.optica2000.com/gafas-graduadas/dolcegabbana-dg3410-3091/8056262474365,optica2000,8056262474365,Dolce&Gabbana DG3410 3091,Dolce&Gabbana,,Rojo,Acetato,Redondo,Aro Completo,Mujer,121.0,21.0,50.0,145.0,DG3410 3091,249.0,,249.0,False,,False,True,True,True,2026-08-02T09:51:47+00:00
https://www.optica2000.com/gafas-graduadas/dolcegabbana-dg3410-3299/8056262474419,optica2000,8056262474419,Dolce&Gabbana DG3410 3299,Dolce&Gabbana,,Negro,Acetato,Redondo,Aro Completo,Mujer,125.0,21.0,52.0,145.0,DG3410 3299,249.0,,249.0,False,,False,True,True,True,2026-08-02T10:06:54+00:00
https://www.optica2000.com/gafas-graduadas/dolcegabbana-dg3412-3160/8056262473658,optica2000,8056262473658,Dolce&Gabbana DG3412 3160,Dolce&Gabbana,,Gris,Acetato,,,Mujer,120.0,18.0,51.0,145.0,DG3412 3160,326.0,,326.0,False,,False,True,True,True,2026-08-02T09:53:03+00:00
https://www.optica2000.com/gafas-graduadas/dolcegabbana-dg3412-501/8056262473702,optica2000,8056262473702,Dolce&Gabbana DG3412 501,Dolce&Gabbana,,Negro,Acetato,Ojo de gato,Aro Completo,Mujer,124.0,18.0,53.0,145.0,DG3412 501,326.0,,326.0,False,,False,True,True,True,2026-08-02T09:46:00+00:00
https://www.optica2000.com/gafas-graduadas/dolcegabbana-dg3415-2525/8056262467541,optica2000,8056262467541,Dolce&Gabbana DG3415 2525,Dolce&Gabbana,,Negro,Acetato,Aviador,Aro Completo,Hombre,130.0,20.0,55.0,145.0,DG3415 2525,249.0,,249.0,False,,False,True,True,True,2026-08-02T09:57:54+00:00
https://www.optica2000.com/gafas-graduadas/dolcegabbana-dg3415-502/8056262467572,optica2000,8056262467572,Dolce&Gabbana DG3415 502,Dolce&Gabbana,,Havana,Acetato,Aviador,Aro Completo,Hombre,130.0,20.0,55.0,145.0,DG3415 502,249.0,,249.0,False,,False,True,True,True,2026-08-02T10:09:31+00:00
https://www.optica2000.com/gafas-graduadas/dolcegabbana-dg3419-3091/8056262464366,optica2000,8056262464366,Dolce&Gabbana DG3419 3091,Dolce&Gabbana,,Rojo,Acetato,Cuadrado,Aro Completo,Mujer,123.0,19.0,52.0,145.0,DG3419 3091,289.0,,289.0,False,,False,True,True,True,2026-08-02T10:06:02+00:00
https://www.optica2000.com/gafas-graduadas/dolcegabbana-dg3419-501/8056262464434,optica2000,8056262464434,Dolce&Gabbana DG3419 501,Dolce&Gabbana,,Negro,Acetato,Cuadrado,Aro Completo,Mujer,127.0,19.0,54.0,145.0,DG3419 501,289.0,,289.0,False,,False,True,True,False,2026-08-02T09:55:15+00:00
https://www.optica2000.com/gafas-graduadas/dolcegabbana-dg3421-3200/8056262466940,optica2000,8056262466940,Dolce&Gabbana DG3421 3200,Dolce&Gabbana,,Marrón,Acetato,,,Hombre,121.0,21.0,50.0,145.0,DG3421 3200,263.0,,263.0,False,,False,True,True,True,2026-08-02T09:43:59+00:00
https://www.optica2000.com/gafas-graduadas/dolcegabbana-dg3421-501/8056262466995,optica2000,8056262466995,Dolce&Gabbana DG3421 501,Dolce&Gabbana,,Negro,Acetato,Redondo,Aro Completo,Hombre,125.0,21.0,52.0,145.0,DG3421 501,269.0,,269.0,False,,False,True,True,True,2026-08-02T09:48:02+00:00
https://www.optica2000.com/gafas-graduadas/dolcegabbana-dg3425-3148/8056262450499,optica2000,8056262450499,Dolce&Gabbana DG3425 3148,Dolce&Gabbana,,Rosa,Acetato,Ojo de gato,Aro Completo,Mujer,122.0,18.0,52.0,145.0,DG3425 3148,229.0,,229.0,False,,False,True,True,True,2026-08-02T09:57:46+00:00
https://www.optica2000.com/gafas-graduadas/dolcegabbana-dg3425-3438/8056262450529,optica2000,8056262450529,Dolce&Gabbana DG3425 3438,Dolce&Gabbana,,Marrón,Acetato,,,Mujer,126.0,18.0,54.0,145.0,DG3425 3438,229.0,,229.0,False,,False,True,True,True,2026-08-02T10:06:38+00:00
https://www.optica2000.com/gafas-graduadas/dolcegabbana-dg3426-3009/8056262450604,optica2000,8056262450604,Dolce&Gabbana DG3426 3009,Dolce&Gabbana,,Azul,Acetato,Rectángulo,Aro Completo,Hombre,119.0,17.0,51.0,145.0,DG3426 3009,229.0,,229.0,False,,False,True,True,True,2026-08-02T09:50:15+00:00
https://www.optica2000.com/gafas-graduadas/dolcegabbana-dg3426-501/8056262450680,optica2000,8056262450680,Dolce&Gabbana DG3426 501,Dolce&Gabbana,,Negro,Acetato,Rectángulo,Aro Completo,Hombre,123.0,17.0,53.0,145.0,DG3426 501,229.0,,229.0,False,,False,True,True,True,2026-08-02T09:53:40+00:00
https://www.optica2000.com/gafas-graduadas/dolcegabbana-dg3427-502/8056262450796,optica2000,8056262450796,Dolce&Gabbana DG3427 502,Dolce&Gabbana,,Havana,Acetato,,,Hombre,128.0,18.0,55.0,145.0,DG3427 502,229.0,,229.0,False,,False,True,True,True,2026-08-02T09:49:30+00:00
https://www.optica2000.com/gafas-graduadas/dolcegabbana-dg3430-501/8056262579145,optica2000,8056262579145,Dolce&Gabbana DG3430 501,Dolce&Gabbana,,Negro,Acetato,Cuadrado,Aro Completo,Mujer,128.0,18.0,55.0,145.0,DG3430 501,249.0,,249.0,False,,False,True,True,False,2026-08-02T09:49:53+00:00
https://www.optica2000.com/gafas-graduadas/dolcegabbana-dg3430-501/8056262673508,optica2000,8056262673508,Dolce&Gabbana DG3430 3091,Dolce&Gabbana,,Rojo,Acetato,Cuadrado,Aro Completo,Mujer,124.0,18.0,53.0,145.0,DG3430 3091,249.0,,249.0,False,,False,True,True,True,2026-08-02T09:44:47+00:00
https://www.optica2000.com/gafas-graduadas/dolcegabbana-dg3431-3403/8056262581971,optica2000,8056262581971,Dolce&Gabbana DG3431 3403,Dolce&Gabbana,,Negro,Acetato,Rectángulo,Aro Completo,Hombre,129.0,17.0,56.0,145.0,DG3431 3403,289.0,,289.0,False,,False,True,True,True,2026-08-02T10:02:04+00:00
https://www.optica2000.com/gafas-graduadas/emporio-armani-ea1027-3100/8056262285060,optica2000,8056262285060,Emporio Armani EA1027 3100,Emporio Armani,,Azul,Metal,Cuadrado,Aro Completo,Hombre,132.0,18.0,57.0,140.0,EA1027 3100,137.0,,137.0,False,,False,True,True,True,2026-08-02T09:44:41+00:00
https://www.optica2000.com/gafas-graduadas/emporio-armani-ea1041-3094/8053672468113,optica2000,8053672468113,Emporio Armani EA1041 3094,Emporio Armani,,Negro,Metal,Rectángulo,Semi Al Aire,Hombre,127.0,17.0,55.0,140.0,EA1041 3094,165.0,,165.0,False,,False,True,True,True,2026-08-02T10:03:30+00:00
https://www.optica2000.com/gafas-graduadas/emporio-armani-ea1041-3094/8056262880517,optica2000,8056262880517,Emporio Armani EA1041 3009,Emporio Armani,,Gris,Metal,Rectángulo,Semi Al Aire,Hombre,127.0,17.0,55.0,140.0,EA1041 3009,158.0,,158.0,False,,False,True,True,True,2026-08-02T09:48:40+00:00
https://www.optica2000.com/gafas-graduadas/emporio-armani-ea1041-3094/8056262880524,optica2000,8056262880524,Emporio Armani EA1041 3009,Emporio Armani,,Gris,Metal,Rectángulo,Semi Al Aire,Hombre,131.0,17.0,57.0,140.0,EA1041 3009,165.0,,165.0,False,,False,True,True,True,2026-08-02T10:01:22+00:00
https://www.optica2000.com/gafas-graduadas/emporio-armani-ea1059-3096/8053672748055,optica2000,8053672748055,Emporio Armani EA1059 3179,Emporio Armani,,Marrón,Metal,Redondo,Aro Completo,Hombre,125.0,19.0,53.0,145.0,EA1059 3179,140.0,,140.0,False,,False,True,True,True,2026-08-02T09:46:41+00:00
https://www.optica2000.com/gafas-graduadas/emporio-armani-ea1059-3096/8056262693643,optica2000,8056262693643,Emporio Armani EA1059 3096,Emporio Armani,,Gris,Metal,Redondo,Aro Completo,Hombre,125.0,19.0,53.0,145.0,EA1059 3096,140.0,,140.0,False,,False,True,True,True,2026-08-02T09:39:21+00:00
https://www.optica2000.com/gafas-graduadas/emporio-armani-ea1087-3013/8056262297148,optica2000,8056262297148,Emporio Armani EA1087 3013,Emporio Armani,,Oro,Metal,Ojo de gato,Aro Completo,Mujer,125.0,17.0,54.0,140.0,EA1087 3013,150.0,,150.0,False,,False,True,True,True,2026-08-02T10:05:28+00:00
https://www.optica2000.com/gafas-graduadas/emporio-armani-ea1114-3001/8056597330503,optica2000,8056597330503,Emporio Armani EA1114 3001,Emporio Armani,,Negro,Metal,Redondo,Aro Completo,Hombre,127.0,19.0,54.0,145.0,EA1114 3001,140.0,,140.0,False,,False,True,True,True,2026-08-02T09:43:17+00:00
https://www.optica2000.com/gafas-graduadas/emporio-armani-ea1152-3361/8056597944496,optica2000,8056597944496,Emporio Armani EA1152 3361,Emporio Armani,,Oro,Metal,Ojo de gato,Aro Completo,Mujer,121.0,17.0,52.0,140.0,EA1152 3361,165.0,,165.0,False,,False,True,True,True,2026-08-02T09:54:49+00:00
https://www.optica2000.com/gafas-graduadas/emporio-armani-ea1157-3001/8056262035368,optica2000,8056262035368,Emporio Armani EA1157 3001,Emporio Armani,,Negro,Metal,Rectángulo,Aro Completo,Hombre,127.0,17.0,55.0,145.0,EA1157 3001,147.0,,147.0,False,,False,True,True,False,2026-08-02T10:00:45+00:00
https://www.optica2000.com/gafas-graduadas/emporio-armani-ea1162-3001/8056262035443,optica2000,8056262035443,Emporio Armani EA1162 3001,Emporio Armani,,Negro,Metal,Irregular,Aro Completo,Hombre,129.0,17.0,56.0,145.0,EA1162 3001,158.0,,158.0,False,,False,True,True,True,2026-08-02T09:48:35+00:00
https://www.optica2000.com/gafas-graduadas/emporio-armani-ea1162-3001/8056262035511,optica2000,8056262035511,Emporio Armani EA1162 3050,Emporio Armani,,Azul,Metal,Irregular,Aro Completo,Hombre,125.0,17.0,54.0,145.0,EA1162 3050,165.0,,165.0,False,,False,True,True,True,2026-08-02T10:01:48+00:00
https://www.optica2000.com/gafas-graduadas/emporio-armani-ea1166-3003/8056262242155,optica2000,8056262242155,Emporio Armani EA1166 3003,Emporio Armani,,Gris,Metal,Cuadrado,Aro Completo,Hombre,131.0,17.0,57.0,145.0,EA1166 3003,165.0,,165.0,False,,False,True,True,True,2026-08-02T09:54:06+00:00
https://www.optica2000.com/gafas-graduadas/emporio-armani-ea1167-3015/8056262242643,optica2000,8056262242643,Emporio Armani EA1167 3015,Emporio Armani,,Plata,Metal,Redondo,Al Aire,Mujer,126.0,16.0,55.0,140.0,EA1167 3015,165.0,,165.0,False,,False,True,True,True,2026-08-02T10:04:14+00:00
https://www.optica2000.com/gafas-graduadas/emporio-armani-ea1170-3396/8056262462232,optica2000,8056262462232,Emporio Armani EA1170 3001,Emporio Armani,,Negro,Metal,,Aro completo,Hombre,127.0,17.0,55.0,145.0,EA1170 3001,140.0,,140.0,False,,False,True,True,True,2026-08-02T09:32:26+00:00
https://www.optica2000.com/gafas-graduadas/emporio-armani-ea1170-3396/8056262462249,optica2000,8056262462249,Emporio Armani EA1170 3001,Emporio Armani,,Negro,Metal,,Aro completo,Hombre,123.0,17.0,53.0,145.0,EA1170 3001,140.0,,140.0,False,,False,True,True,True,2026-08-02T10:08:27+00:00
https://www.optica2000.com/gafas-graduadas/emporio-armani-ea1170-3396/8056262462294,optica2000,8056262462294,Emporio Armani EA1170 3396,Emporio Armani,,Azul,Metal,,Aro completo,Hombre,127.0,17.0,55.0,145.0,EA1170 3396,140.0,,140.0,False,,False,True,True,True,2026-08-02T09:39:17+00:00
https://www.optica2000.com/gafas-graduadas/emporio-armani-ea1170-3396/8056262462300,optica2000,8056262462300,Emporio Armani EA1170 3396,Emporio Armani,,Azul,Metal,,Aro completo,Hombre,123.0,17.0,53.0,145.0,EA1170 3396,137.0,,137.0,False,,False,True,True,True,2026-08-02T10:05:47+00:00
https://www.optica2000.com/gafas-graduadas/emporio-armani-ea1171-3003/8056262470916,optica2000,8056262470916,Emporio Armani EA1171 3001,Emporio Armani,,Negro,Metal,Rectángulo,Semi Al Aire,Hombre,132.0,18.0,57.0,145.0,EA1171 3001,165.0,,165.0,False,,False,True,True,True,2026-08-02T09:52:13+00:00
https://www.optica2000.com/gafas-graduadas/emporio-armani-ea1171-3003/8056262470923,optica2000,8056262470923,Emporio Armani EA1171 3001,Emporio Armani,,Negro,Metal,Rectángulo,Semi Al Aire,Hombre,128.0,18.0,55.0,145.0,EA1171 3001,165.0,,165.0,False,,False,True,True,True,2026-08-02T09:50:36+00:00
https://www.optica2000.com/gafas-graduadas/emporio-armani-ea1171-3003/8056262470930,optica2000,8056262470930,Emporio Armani EA1171 3003,Emporio Armani,,Gris,Metal,Rectángulo,Semi Al Aire,Hombre,132.0,18.0,57.0,145.0,EA1171 3003,165.0,,165.0,False,,False,True,True,True,2026-08-02T09:56:51+00:00
https://www.optica2000.com/gafas-graduadas/emporio-armani-ea1171-3003/8056262470954,optica2000,8056262470954,Emporio Armani EA1171 3003,Emporio Armani,,Gris,Metal,Rectángulo,Semi Al Aire,Hombre,128.0,18.0,55.0,145.0,EA1171 3003,158.0,,158.0,False,,False,True,True,True,2026-08-02T09:43:22+00:00
https://www.optica2000.com/gafas-graduadas/emporio-armani-ea1172-3401/8056262465585,optica2000,8056262465585,Emporio Armani EA1172 3401,Emporio Armani,,Rojo,Metal,Irregular,Aro Completo,Mujer,126.0,16.0,55.0,140.0,EA1172 3401,150.0,,150.0,False,,False,True,True,True,2026-08-02T10:05:46+00:00
https://www.optica2000.com/gafas-graduadas/emporio-armani-ea1175-3003/8056262632925,optica2000,8056262632925,Emporio Armani EA1175 3003,Emporio Armani,,Gris,Metal,Rectángulo,Aro Completo,Hombre,126.0,18.0,54.0,145.0,EA1175 3003,150.0,,150.0,False,,False,True,True,True,2026-08-02T09:41:29+00:00
https://www.optica2000.com/gafas-graduadas/emporio-armani-ea1175-3003/8056262632956,optica2000,8056262632956,Emporio Armani EA1175 3015,Emporio Armani,,Plata,Metal,Rectángulo,Aro Completo,Hombre,130.0,18.0,56.0,145.0,EA1175 3015,150.0,,150.0,False,,False,True,True,True,2026-08-02T09:48:57+00:00
https://www.optica2000.com/gafas-graduadas/emporio-armani-ea1176-3013/8056262661819,optica2000,8056262661819,Emporio Armani EA1176 3013,Emporio Armani,,Oro,Metal,Irregular,Aro Completo,Mujer,118.0,16.0,51.0,140.0,EA1176 3013,165.0,,165.0,False,,False,True,True,True,2026-08-02T09:54:07+00:00
https://www.optica2000.com/gafas-graduadas/emporio-armani-ea1182-3001/8056262848531,optica2000,8056262848531,Emporio Armani EA1182 3001,Emporio Armani,,Negro,Metal,Rectángulo,Semi Al Aire,Hombre,130.0,16.0,57.0,145.0,EA1182 3001,150.0,,150.0,False,,False,True,True,True,2026-08-02T09:52:28+00:00
https://www.optica2000.com/gafas-graduadas/emporio-armani-ea1182-3001/8056262848586,optica2000,8056262848586,Emporio Armani EA1182 3003,Emporio Armani,,Gris,Metal,Rectángulo,Semi Al Aire,Hombre,126.0,16.0,55.0,145.0,EA1182 3003,150.0,,150.0,False,,False,True,True,True,2026-08-02T10:01:30+00:00
https://www.optica2000.com/gafas-graduadas/emporio-armani-ea1183-3001/8056262851159,optica2000,8056262851159,Emporio Armani EA1183 3431,Emporio Armani,,Negro,Metal,Rectángulo,Aro completo,Hombre,125.0,17.0,54.0,145.0,EA1183 3431,165.0,,165.0,False,,False,True,True,True,2026-08-02T09:59:28+00:00
https://www.optica2000.com/gafas-graduadas/emporio-armani-ea1183-3001/8056262851814,optica2000,8056262851814,Emporio Armani EA1183 3001,Emporio Armani,,Negro,Metal,Rectángulo,Aro completo,Hombre,129.0,17.0,56.0,145.0,EA1183 3001,165.0,,165.0,False,,False,True,True,True,2026-08-02T09:32:38+00:00
https://www.optica2000.com/gafas-graduadas/emporio-armani-ea1185b-3011/8056262851555,optica2000,8056262851555,Emporio Armani EA1185B 3011,Emporio Armani,,Oro,Metal,Irregular,Aro Completo,Mujer,129.0,17.0,56.0,140.0,EA1185B 3011,150.0,,150.0,False,,False,True,True,True,2026-08-02T09:40:00+00:00
https://www.optica2000.com/gafas-graduadas/emporio-armani-ea1185b-3011/8056262851586,optica2000,8056262851586,Emporio Armani EA1185B 3013,Emporio Armani,,Oro,Metal,Irregular,Aro Completo,Mujer,125.0,17.0,54.0,140.0,EA1185B 3013,150.0,,150.0,False,,False,True,True,True,2026-08-02T10:04:57+00:00
https://www.optica2000.com/gafas-graduadas/emporio-armani-ea3038-5126/8056262082584,optica2000,8056262082584,Emporio Armani EA3038 5126,Emporio Armani,,Gris,Peek,Rectángulo,Aro Completo,Hombre,128.0,16.0,56.0,140.0,EA3038 5126,150.0,,150.0,False,,False,True,True,True,2026-08-02T10:03:08+00:00
https://www.optica2000.com/gafas-graduadas/emporio-armani-ea3069-6189/8056262297124,optica2000,8056262297124,Emporio Armani EA3069 6189,Emporio Armani,,Azul,Inyectado,Rectángulo,Aro Completo,Hombre,127.0,17.0,55.0,140.0,EA3069 6189,165.0,,165.0,False,,False,True,True,True,2026-08-02T09:50:44+00:00
https://www.optica2000.com/gafas-graduadas/emporio-armani-ea3098-5029/8056597534864,optica2000,8056597534864,Emporio Armani EA3098 5029,Emporio Armani,,Gris,Acetato,Rectángulo,Aro Completo,Hombre,124.0,18.0,53.0,140.0,EA3098 5029,95.9,137.0,137.0,True,30.0,True,True,True,False,2026-08-02T09:58:04+00:00
https://www.optica2000.com/gafas-graduadas/emporio-armani-ea3168-5850/8056262881446,optica2000,8056262881446,Emporio Armani EA3168 6346,Emporio Armani,,Rosa,Inyectado,Redondo,Aro completo,Mujer,124.0,20.0,52.0,145.0,EA3168 6346,150.0,,150.0,False,,False,True,True,True,2026-08-02T09:47:49+00:00
https://www.optica2000.com/gafas-graduadas/emporio-armani-ea3168-5850/8056597211628,optica2000,8056597211628,Emporio Armani EA3168 5001,Emporio Armani,,Negro,Inyectado,Redondo,Aro completo,Mujer,124.0,20.0,52.0,145.0,EA3168 5001,150.0,,150.0,False,,False,True,True,True,2026-08-02T09:49:58+00:00
https://www.optica2000.com/gafas-graduadas/emporio-armani-ea3168-5850/8056597211666,optica2000,8056597211666,Emporio Armani EA3168 5850,Emporio Armani,,Transparente,Inyectado,Redondo,Aro completo,Mujer,124.0,20.0,52.0,145.0,EA3168 5850,150.0,,150.0,False,,False,True,True,True,2026-08-02T09:44:52+00:00
https://www.optica2000.com/gafas-graduadas/emporio-armani-ea3168-5850/8056597644471,optica2000,8056597644471,Emporio Armani EA3168 5371,Emporio Armani,,Transparente,Inyectado,Redondo,Aro completo,Mujer,124.0,20.0,52.0,145.0,EA3168 5371,147.0,,147.0,False,,False,True,True,True,2026-08-02T09:42:52+00:00
https://www.optica2000.com/gafas-graduadas/emporio-armani-ea3177-5090/8056597644280,optica2000,8056597644280,Emporio Armani EA3177 5090,Emporio Armani,,Gris,Inyectado,Rectángulo,Aro Completo,Hombre,124.0,18.0,53.0,145.0,EA3177 5090,140.0,,140.0,False,,False,True,True,True,2026-08-02T10:00:05+00:00
https://www.optica2000.com/gafas-graduadas/emporio-armani-ea3190-5001/8056597511841,optica2000,8056597511841,Emporio Armani EA3190 5001,Emporio Armani,,Negro,Acetato,Cuadrado,Aro Completo,Mujer,122.0,16.0,53.0,140.0,EA3190 5001,165.0,,165.0,False,,False,True,True,True,2026-08-02T09:52:58+00:00
https://www.optica2000.com/gafas-graduadas/emporio-armani-ea3223u-5146/8056262301753,optica2000,8056262301753,Emporio Armani EA3223U 5146,Emporio Armani,,Marrón,Acetato,Ojo de gato,Aro Completo,Mujer,125.0,17.0,54.0,140.0,EA3223U 5146,110.6,158.0,158.0,True,30.0,True,True,True,True,2026-08-02T09:43:28+00:00
https://www.optica2000.com/gafas-graduadas/emporio-armani-ea3233/8056262035573,optica2000,8056262035573,Emporio Armani EA3233 5001,Emporio Armani,,Negro,Inyectado,Rectángulo,Aro Completo,Hombre,129.0,17.0,56.0,145.0,EA3233 5001,158.0,,158.0,False,,False,True,True,True,2026-08-02T09:53:58+00:00
https://www.optica2000.com/gafas-graduadas/emporio-armani-ea3233/8056262035634,optica2000,8056262035634,Emporio Armani EA3233 6103,Emporio Armani,,Gris,Inyectado,Rectángulo,Aro Completo,Hombre,129.0,17.0,56.0,145.0,EA3233 6103,110.6,158.0,158.0,True,30.0,True,True,True,False,2026-08-02T09:45:39+00:00
https://www.optica2000.com/gafas-graduadas/emporio-armani-ea3236-5017/8056262037010,optica2000,8056262037010,Emporio Armani EA3236 5017,Emporio Armani,,Negro,Acetato,Ojo de gato,Aro Completo,Mujer,123.0,19.0,52.0,140.0,EA3236 5017,117.6,168.0,168.0,True,30.0,True,True,True,True,2026-08-02T10:07:02+00:00
https://www.optica2000.com/gafas-graduadas/emporio-armani-ea3236-6115/8056262037096,optica2000,8056262037096,Emporio Armani EA3236 6115,Emporio Armani,,Marrón,Acetato,Ojo de gato,Aro Completo,Mujer,123.0,19.0,52.0,140.0,EA3236 6115,117.6,168.0,168.0,True,30.0,True,True,True,True,2026-08-02T09:52:16+00:00
https://www.optica2000.com/gafas-graduadas/emporio-armani-ea3238u-5017/8056262034989,optica2000,8056262034989,Emporio Armani EA3238U 5017,Emporio Armani,,Negro,Acetato,Ojo de gato,Aro Completo,Mujer,124.0,16.0,54.0,140.0,EA3238U 5017,150.0,,150.0,False,,False,True,True,True,2026-08-02T10:09:24+00:00
https://www.optica2000.com/gafas-graduadas/emporio-armani-ea3238u/8056262034996,optica2000,8056262034996,Emporio Armani EA3238U 5017,Emporio Armani,,Negro,Acetato,Ojo de gato,Aro Completo,Mujer,120.0,16.0,52.0,140.0,EA3238U 5017,102.9,147.0,147.0,True,30.0,True,True,True,False,2026-08-02T09:38:34+00:00
https://www.optica2000.com/gafas-graduadas/emporio-armani-ea3239-5002/8056262034583,optica2000,8056262034583,Emporio Armani EA3239 5017,Emporio Armani,,Negro,Acetato,Rectángulo,Aro Completo,Hombre,123.0,17.0,53.0,145.0,EA3239 5017,147.0,,147.0,False,,False,True,True,True,2026-08-02T09:40:12+00:00
https://www.optica2000.com/gafas-graduadas/emporio-armani-ea3239-5002/8056262034590,optica2000,8056262034590,Emporio Armani EA3239 6092,Emporio Armani,,Azul,Acetato,Rectángulo,Aro Completo,Hombre,127.0,17.0,55.0,145.0,EA3239 6092,147.0,,147.0,False,,False,True,True,True,2026-08-02T10:00:03+00:00
https://www.optica2000.com/gafas-graduadas/emporio-armani-ea3239-5002/8056262478943,optica2000,8056262478943,Emporio Armani EA3239 5002,Emporio Armani,,Havana,Acetato,Rectángulo,Aro Completo,Hombre,127.0,17.0,55.0,145.0,EA3239 5002,150.0,,150.0,False,,False,True,True,True,2026-08-02T09:50:50+00:00
https://www.optica2000.com/gafas-graduadas/emporio-armani-ea3239-5002/8056262880661,optica2000,8056262880661,Emporio Armani EA3239 6344,Emporio Armani,,Transparente,Acetato,Rectángulo,Aro Completo,Hombre,127.0,17.0,55.0,145.0,EA3239 6344,150.0,,150.0,False,,False,True,True,True,2026-08-02T09:55:27+00:00
https://www.optica2000.com/gafas-graduadas/emporio-armani-ea3245u-6180/8056262234303,optica2000,8056262234303,Emporio Armani EA3245U 6180,Emporio Armani,,Azul,Acetato,Rectángulo,Aro Completo,Mujer,122.0,18.0,52.0,140.0,EA3245U 6180,150.0,,150.0,False,,False,True,True,True,2026-08-02T10:00:42+00:00
https://www.optica2000.com/gafas-graduadas/emporio-armani-ea3246-5001/8056262234389,optica2000,8056262234389,Emporio Armani EA3246 5001,Emporio Armani,,Negro,Inyectado,Cuadrado,Aro Completo,Hombre,123.0,17.0,53.0,145.0,EA3246 5001,140.0,,140.0,False,,False,True,True,True,2026-08-02T10:07:18+00:00
https://www.optica2000.com/gafas-graduadas/emporio-armani-ea3248-5026/8056262242872,optica2000,8056262242872,Emporio Armani EA3248 5026,Emporio Armani,,Havana,Acetato,Ojo de gato,Aro Completo,Mujer,126.0,16.0,55.0,140.0,EA3248 5026,175.0,,175.0,False,,False,True,True,True,2026-08-02T09:55:49+00:00
https://www.optica2000.com/gafas-graduadas/emporio-armani-ea3248-6195/8056262242926,optica2000,8056262242926,Emporio Armani EA3248 6195,Emporio Armani,,Havana,Acetato,Ojo de gato,Aro Completo,Mujer,122.0,16.0,53.0,140.0,EA3248 6195,168.0,,168.0,False,,False,True,True,True,2026-08-02T09:51:27+00:00
https://www.optica2000.com/gafas-graduadas/emporio-armani-ea3253-6243/8056262457818,optica2000,8056262457818,Emporio Armani EA3253 6243,Emporio Armani,,Marrón,Inyectado,Cuadrado,Aro Completo,Hombre,123.0,17.0,53.0,145.0,EA3253 6243,126.0,,126.0,False,,False,True,True,False,2026-08-02T09:46:23+00:00
https://www.optica2000.com/gafas-graduadas/emporio-armani-ea3253-6245/8056262457849,optica2000,8056262457849,Emporio Armani EA3253 6245,Emporio Armani,,Gris,Inyectado,Cuadrado,Aro Completo,Hombre,127.0,17.0,55.0,145.0,EA3253 6245,126.0,,126.0,False,,False,True,True,False,2026-08-02T09:51:33+00:00
https://www.optica2000.com/gafas-graduadas/emporio-armani-ea3262-6263/8056262469491,optica2000,8056262469491,Emporio Armani EA3262 6263,Emporio Armani,,Marrón,Acetato,Ojo de gato,Aro Completo,Mujer,125.0,17.0,54.0,140.0,EA3262 6263,165.0,,165.0,False,,False,True,True,True,2026-08-02T09:48:19+00:00
https://www.optica2000.com/gafas-graduadas/emporio-armani-ea3262-6265/8056262469521,optica2000,8056262469521,Emporio Armani EA3262 6265,Emporio Armani,,Burdeos,Acetato,Ojo de gato,Aro Completo,Mujer,121.0,17.0,52.0,140.0,EA3262 6265,165.0,,165.0,False,,False,True,True,True,2026-08-02T09:43:34+00:00
https://www.optica2000.com/gafas-graduadas/emporio-armani-ea3265u-5017/8056262597163,optica2000,8056262597163,Emporio Armani EA3265U 5017,Emporio Armani,,Negro,Acetato,Rectángulo,Aro Completo,Hombre,125.0,17.0,54.0,145.0,EA3265U 5017,150.0,,150.0,False,,False,True,True,True,2026-08-02T09:38:26+00:00
https://www.optica2000.com/gafas-graduadas/emporio-armani-ea3265u-5017/8056262597217,optica2000,8056262597217,Emporio Armani EA3265U 6321,Emporio Armani,,Verde,Acetato,Rectángulo,Aro Completo,Hombre,129.0,17.0,56.0,145.0,EA3265U 6321,150.0,,150.0,False,,False,True,True,True,2026-08-02T09:42:09+00:00
https://www.optica2000.com/gafas-graduadas/emporio-armani-ea3267u-6323/8056262662892,optica2000,8056262662892,Emporio Armani EA3267U 5026,Emporio Armani,,Havana,Acetato,Ojo de gato,Aro Completo,Mujer,118.0,18.0,50.0,140.0,EA3267U 5026,175.0,,175.0,False,,False,True,True,True,2026-08-02T09:47:23+00:00
https://www.optica2000.com/gafas-graduadas/emporio-armani-ea3267u-6323/8056262662908,optica2000,8056262662908,Emporio Armani EA3267U 6323,Emporio Armani,,Rojo,Acetato,Ojo de gato,Aro Completo,Mujer,122.0,18.0,52.0,140.0,EA3267U 6323,175.0,,175.0,False,,False,True,True,True,2026-08-02T09:56:12+00:00
https://www.optica2000.com/gafas-graduadas/emporio-armani-ea3270u-6313/8056262597088,optica2000,8056262597088,Emporio Armani EA3270U 6313,Emporio Armani,,Negro,Acetato,Ojo de gato,Aro Completo,Mujer,122.0,16.0,53.0,140.0,EA3270U 6313,158.0,,158.0,False,,False,True,True,True,2026-08-02T10:02:44+00:00
https://www.optica2000.com/gafas-graduadas/emporio-armani-ea3274-6319/8056262584217,optica2000,8056262584217,Emporio Armani EA3274 6319,Emporio Armani,,Azul,Acetato,Redondo,Aro Completo,Mujer,123.0,19.0,52.0,140.0,EA3274 6319,165.0,,165.0,False,,False,True,True,True,2026-08-02T09:45:04+00:00
https://www.optica2000.com/gafas-graduadas/emporio-armani-ea3276u-5001/8056262849613,optica2000,8056262849613,Emporio Armani EA3276U 6185,Emporio Armani,,Azul,Inyectado,Cuadrado,Aro completo,Hombre,126.0,18.0,54.0,145.0,EA3276U 6185,140.0,,140.0,False,,False,True,True,True,2026-08-02T09:53:10+00:00
https://www.optica2000.com/gafas-graduadas/emporio-armani-ea3276u-5001/8056262849637,optica2000,8056262849637,Emporio Armani EA3276U 6361,Emporio Armani,,Marrón,Inyectado,Cuadrado,Aro completo,Hombre,126.0,18.0,54.0,145.0,EA3276U 6361,140.0,,140.0,False,,False,True,True,True,2026-08-02T10:00:20+00:00
https://www.optica2000.com/gafas-graduadas/emporio-armani-ea3276u-5001/8056262849644,optica2000,8056262849644,Emporio Armani EA3276U 5001,Emporio Armani,,Negro,Inyectado,Cuadrado,Aro completo,Hombre,130.0,18.0,56.0,145.0,EA3276U 5001,140.0,,140.0,False,,False,True,True,True,2026-08-02T10:01:13+00:00
https://www.optica2000.com/gafas-graduadas/emporio-armani-ea3276u-5001/8056262849651,optica2000,8056262849651,Emporio Armani EA3276U 6185,Emporio Armani,,Azul,Inyectado,Cuadrado,Aro completo,Hombre,130.0,18.0,56.0,145.0,EA3276U 6185,140.0,,140.0,False,,False,True,True,True,2026-08-02T09:55:57+00:00
https://www.optica2000.com/gafas-graduadas/emporio-armani-ea3279-6363/8056262843369,optica2000,8056262843369,Emporio Armani EA3279 6363,Emporio Armani,,Marrón,Acetato,Cuadrado,Aro Completo,Hombre,119.0,21.0,49.0,145.0,EA3279 6363,150.0,,150.0,False,,False,True,True,True,2026-08-02T10:00:34+00:00
https://www.optica2000.com/gafas-graduadas/emporio-armani-ea3279-6363/8056262843376,optica2000,8056262843376,Emporio Armani EA3279 6364,Emporio Armani,,Gris,Acetato,Cuadrado,Aro Completo,Hombre,123.0,21.0,51.0,145.0,EA3279 6364,150.0,,150.0,False,,False,True,True,True,2026-08-02T09:44:46+00:00
https://www.optica2000.com/gafas-graduadas/emporio-armani-ea3280u-5001/8056262850954,optica2000,8056262850954,Emporio Armani EA3280U 5001,Emporio Armani,,Negro,Inyectado,Cuadrado,Aro completo,Hombre,127.0,17.0,55.0,145.0,EA3280U 5001,150.0,,150.0,False,,False,True,True,True,2026-08-02T09:55:51+00:00
https://www.optica2000.com/gafas-graduadas/emporio-armani-ea3280u-5001/8056262850985,optica2000,8056262850985,Emporio Armani EA3280U 6372,Emporio Armani,,Negro,Inyectado,Cuadrado,Aro completo,Hombre,123.0,17.0,53.0,145.0,EA3280U 6372,150.0,,150.0,False,,False,True,True,True,2026-08-02T09:57:48+00:00
https://www.optica2000.com/gafas-graduadas/emporio-armani-ea3282bu-5017/8056262848012,optica2000,8056262848012,Emporio Armani EA3282BU 5017,Emporio Armani,,Negro,Acetato,Ojo de gato,Aro Completo,Mujer,121.0,17.0,52.0,140.0,EA3282BU 5017,165.0,,165.0,False,,False,True,True,True,2026-08-02T10:06:53+00:00
https://www.optica2000.com/gafas-graduadas/emporio-armani-ea3283bu-5017/8056262853559,optica2000,8056262853559,Emporio Armani EA3283BU 5017,Emporio Armani,,Negro,Acetato,Ojo de gato,Aro completo,Mujer,125.0,19.0,53.0,140.0,EA3283BU 5017,165.0,,165.0,False,,False,True,True,True,2026-08-02T09:56:20+00:00
https://www.optica2000.com/gafas-graduadas/emporio-armani-ea3283bu-5017/8056262853566,optica2000,8056262853566,Emporio Armani EA3283BU 5017,Emporio Armani,,Negro,Acetato,Ojo de gato,Aro completo,Mujer,121.0,19.0,51.0,140.0,EA3283BU 5017,165.0,,165.0,False,,False,True,True,True,2026-08-02T09:55:16+00:00
https://www.optica2000.com/gafas-graduadas/emporio-armani-ea3283bu-5017/8056262853573,optica2000,8056262853573,Emporio Armani EA3283BU 5026,Emporio Armani,,Havana,Acetato,Ojo de gato,Aro completo,Mujer,125.0,19.0,53.0,140.0,EA3283BU 5026,165.0,,165.0,False,,False,True,True,True,2026-08-02T10:08:48+00:00
https://www.optica2000.com/gafas-graduadas/emporio-armani-ea3283bu-5017/8056262853597,optica2000,8056262853597,Emporio Armani EA3283BU 6376,Emporio Armani,,Marrón,Acetato,Ojo de gato,Aro completo,Mujer,125.0,19.0,53.0,140.0,EA3283BU 6376,165.0,,165.0,False,,False,True,True,True,2026-08-02T09:42:30+00:00
https://www.optica2000.com/gafas-graduadas/emporio-armani-ea3283bu-5017/8056262853603,optica2000,8056262853603,Emporio Armani EA3283BU 6376,Emporio Armani,,Marrón,Acetato,Ojo de gato,Aro completo,Mujer,121.0,19.0,51.0,140.0,EA3283BU 6376,165.0,,165.0,False,,False,True,True,True,2026-08-02T09:45:06+00:00
https://www.optica2000.com/gafas-graduadas/emporio-armani-ea4213u-51461w/8056597951562,optica2000,8056597951562,Emporio Armani EA4213U 51461W,Emporio Armani,,Marrón,Inyectado,Ojo de gato,Aro Completo,Mujer,123.0,17.0,53.0,140.0,EA4213U 51461W,210.0,,210.0,False,,False,True,True,True,2026-08-02T10:02:32+00:00
https://www.optica2000.com/gafas-graduadas/emporio-armani-ea4254u-50171w/8056262470565,optica2000,8056262470565,Emporio Armani EA4254U 50171W,Emporio Armani,,Negro,Inyectado,,,Mujer,124.0,16.0,54.0,140.0,EA4254U 50171W,210.0,,210.0,False,,False,True,True,False,2026-08-02T09:40:41+00:00
https://www.optica2000.com/gafas-graduadas/emporio-armani-ea4254u-62661w/8056262470596,optica2000,8056262470596,Emporio Armani EA4254U 62661W,Emporio Armani,,Negro,Inyectado,,,Mujer,120.0,16.0,52.0,140.0,EA4254U 62661W,210.0,,210.0,False,,False,True,True,True,2026-08-02T10:06:29+00:00
https://www.optica2000.com/gafas-graduadas/emporioarmani-0ea1052-3094-53-17/8053672576764,optica2000,8053672576764,Emporio Armani EA1052 3094,Emporio Armani,,Negro,Metal,Rectángulo,Aro Completo,Hombre,123.0,17.0,53.0,140.0,EA1052 3094,150.0,,150.0,False,,False,True,True,False,2026-08-02T09:54:21+00:00
https://www.optica2000.com/gafas-graduadas/emporioarmani-0ea1052-3094-53-17/8053672576795,optica2000,8053672576795,Emporio Armani EA1052 3155,Emporio Armani,,Azul,Metal,Rectángulo,Aro Completo,Hombre,127.0,17.0,55.0,140.0,EA1052 3155,147.0,,147.0,False,,False,True,True,True,2026-08-02T09:50:19+00:00
https://www.optica2000.com/gafas-graduadas/emporioarmani-0ea1105-3014-54-17/8056262894095,optica2000,8056262894095,Emporio Armani EA1105 3018,Emporio Armani,,Azul,Metal,Rectángulo,Aro Completo,Hombre,133.0,17.0,58.0,145.0,EA1105 3018,150.0,,150.0,False,,False,True,True,True,2026-08-02T10:08:53+00:00
https://www.optica2000.com/gafas-graduadas/emporioarmani-0ea1105-3014-54-17/8056597177535,optica2000,8056597177535,Emporio Armani EA1105 3014,Emporio Armani,,Negro,Metal,Rectángulo,Aro Completo,Hombre,125.0,17.0,54.0,145.0,EA1105 3014,150.0,,150.0,False,,False,True,True,True,2026-08-02T10:06:51+00:00
https://www.optica2000.com/gafas-graduadas/emporioarmani-0ea1124-3001-55-18/8056597510370,optica2000,8056597510370,Emporio Armani 0EA1124 3001,Emporio Armani,,Negro,Metal,Rectángulo,Aro Completo,Hombre,128.0,18.0,55.0,145.0,0EA1124 3001,102.9,147.0,147.0,True,30.0,True,True,True,False,2026-08-02T09:45:30+00:00
https://www.optica2000.com/gafas-graduadas/emporioarmani-0ea1131-3001-54-17/8056597607919,optica2000,8056597607919,Emporio Armani 0EA1131 3001,Emporio Armani,,Negro,Metal,Rectángulo,Aro Completo,Hombre,125.0,17.0,54.0,145.0,0EA1131 3001,79.0,158.0,158.0,True,50.0,True,True,True,True,2026-08-02T09:55:40+00:00
https://www.optica2000.com/gafas-graduadas/emporioarmani-0ea1144-3011-52-19/8056597818056,optica2000,8056597818056,Emporio Armani 0EA1144 3011,Emporio Armani,,Rosa,Metal,Rectángulo,Aro Completo,Mujer,123.0,19.0,52.0,140.0,0EA1144 3011,165.0,,165.0,False,,False,True,True,True,2026-08-02T10:06:10+00:00
https://www.optica2000.com/gafas-graduadas/emporioarmani-0ea1147-3365-55-17/8056597944939,optica2000,8056597944939,Emporio Armani 0EA1147 3365,Emporio Armani,,Gris,Metal,Rectángulo,Semi Al Aire,Hombre,127.0,17.0,55.0,145.0,0EA1147 3365,110.6,158.0,158.0,True,30.0,True,True,True,False,2026-08-02T09:50:35+00:00
https://www.optica2000.com/gafas-graduadas/emporioarmani-0ea1150-3268-53-18/8056597952118,optica2000,8056597952118,Emporio Armani 0EA1150 3268,Emporio Armani,,Burdeos,Metal,Ojo de gato,Aro Completo,Mujer,124.0,18.0,53.0,140.0,0EA1150 3268,175.0,,175.0,False,,False,True,True,True,2026-08-02T09:42:34+00:00
https://www.optica2000.com/gafas-graduadas/emporioarmani-0ea3099-5026-54-16/8053672640953,optica2000,8053672640953,Emporio Armani EA3099 5026,Emporio Armani,,Havana,Acetato,Ojo de gato,Aro Completo,Hombre,124.0,16.0,54.0,140.0,EA3099 5026,68.5,137.0,137.0,True,50.0,True,True,True,False,2026-08-02T10:08:00+00:00
https://www.optica2000.com/gafas-graduadas/emporioarmani-0ea3099-5026-54-16/8053672640991,optica2000,8053672640991,Emporio Armani EA3099 5553,Emporio Armani,,Rosa,Acetato,Ojo de gato,Aro Completo,Hombre,124.0,16.0,54.0,140.0,EA3099 5553,140.0,,140.0,False,,False,True,True,True,2026-08-02T10:07:46+00:00
https://www.optica2000.com/gafas-graduadas/emporioarmani-0ea3099-5026-54-16/8056262881347,optica2000,8056262881347,Emporio Armani EA3099 6364,Emporio Armani,,Gris,Acetato,Ojo de gato,Aro Completo,Mujer,124.0,16.0,54.0,140.0,EA3099 6364,140.0,,140.0,False,,False,True,True,True,2026-08-02T09:52:25+00:00
https://www.optica2000.com/gafas-graduadas/emporioarmani-0ea3162-5766-52-18/8056597176811,optica2000,8056597176811,Emporio Armani 0EA3162 5766,Emporio Armani,,Havana,Acetato,Ojo de gato,Aro Completo,Mujer,122.0,18.0,52.0,140.0,0EA3162 5766,68.5,137.0,137.0,True,50.0,True,True,True,False,2026-08-02T09:57:37+00:00
https://www.optica2000.com/gafas-graduadas/emporioarmani-0ea3170-5001-55-18/8056597211109,optica2000,8056597211109,Emporio Armani 0EA3170 5001,Emporio Armani,,Negro,Inyectado,Rectángulo,Aro Completo,Hombre,128.0,18.0,55.0,145.0,0EA3170 5001,75.0,150.0,150.0,True,50.0,True,True,True,False,2026-08-02T09:40:17+00:00
https://www.optica2000.com/gafas-graduadas/emporioarmani-0ea3193-5410-54-16/8056597614252,optica2000,8056597614252,Emporio Armani 0EA3193 5410,Emporio Armani,,Havana,Acetato,Ojo de gato,Aro Completo,Mujer,124.0,16.0,54.0,140.0,0EA3193 5410,140.0,,140.0,False,,False,True,True,True,2026-08-02T10:05:43+00:00
https://www.optica2000.com/gafas-graduadas/emporioarmani-0ea3211-5017-51-17/8056597755788,optica2000,8056597755788,Emporio Armani 0EA3211 5017,Emporio Armani,,Negro,Acetato,Redondo,Aro Completo,Mujer,119.0,17.0,51.0,140.0,0EA3211 5017,75.0,150.0,150.0,True,50.0,True,True,True,False,2026-08-02T09:57:23+00:00
https://www.optica2000.com/gafas-graduadas/emporioarmani-0ea3218-5017-53-17/8056597815789,optica2000,8056597815789,Emporio Armani 0EA3218 5017,Emporio Armani,,Negro,Acetato,Rectángulo,Aro Completo,Hombre,123.0,17.0,53.0,145.0,0EA3218 5017,68.5,137.0,137.0,True,50.0,True,True,True,True,2026-08-02T09:32:44+00:00
https://www.optica2000.com/gafas-graduadas/emporioarmani-0ea3227-6053-54-17/8056597946940,optica2000,8056597946940,Emporio Armani 0EA3227 6053,Emporio Armani,,Burdeos,Acetato,Rectángulo,Aro Completo,Hombre,125.0,17.0,54.0,145.0,0EA3227 6053,73.5,147.0,147.0,True,50.0,True,True,True,False,2026-08-02T09:58:12+00:00
https://www.optica2000.com/gafas-graduadas/emporioarmani-0ea3227-6054-54-17/8056597946964,optica2000,8056597946964,Emporio Armani 0EA3227 6054,Emporio Armani,,Azul,Acetato,Rectángulo,Aro Completo,Hombre,125.0,17.0,54.0,145.0,0EA3227 6054,150.0,,150.0,False,,False,True,True,True,2026-08-02T09:59:34+00:00
https://www.optica2000.com/gafas-graduadas/emporioarmani-0ea3228-6057-53-16/8056597946865,optica2000,8056597946865,Emporio Armani 0EA3228 6057,Emporio Armani,,Burdeos,Acetato,Rectángulo,Aro Completo,Mujer,122.0,16.0,53.0,140.0,0EA3228 6057,73.5,147.0,147.0,True,50.0,True,True,True,False,2026-08-02T09:49:25+00:00
https://www.optica2000.com/gafas-graduadas/emporioarmani-0ea3231-5017-54-17/8056597949804,optica2000,8056597949804,Emporio Armani EA3231 5017,Emporio Armani,,Negro,Acetato,Cuadrado,Aro Completo,Hombre,125.0,17.0,54.0,140.0,EA3231 5017,175.0,,175.0,False,,False,True,True,True,2026-08-02T09:55:21+00:00
https://www.optica2000.com/gafas-graduadas/emporioarmani-0ea3231-5017-54-17/8056597949897,optica2000,8056597949897,Emporio Armani EA3231 6060,Emporio Armani,,Rojo,Acetato,Cuadrado,Aro Completo,Mujer,125.0,17.0,54.0,140.0,EA3231 6060,175.0,,175.0,False,,False,True,True,True,2026-08-02T09:52:51+00:00
https://www.optica2000.com/gafas-graduadas/emporioarmani-0ea4211-51261w-52-20/8056597947534,optica2000,8056597947534,Emporio Armani 0EA4211 51261W,Emporio Armani,,Gris,Inyectado,Redondo,Aro Completo,Hombre,124.0,20.0,52.0,145.0,0EA4211 51261W,179.0,,179.0,False,,False,True,True,True,2026-08-02T09:52:19+00:00
https://www.optica2000.com/gafas-graduadas/emporioarmani-0ea4213u-50261w-53-17/8056597951548,optica2000,8056597951548,Emporio Armani 0EA4213U 50261W,Emporio Armani,,Havana,Inyectado,Ojo de gato,Aro Completo,Mujer,123.0,17.0,53.0,140.0,0EA4213U 50261W,210.0,,210.0,False,,False,True,True,True,2026-08-02T09:51:26+00:00
https://www.optica2000.com/gafas-graduadas/giorgio-armani-ar5147/8056262031544,optica2000,8056262031544,Giorgio Armani AR5147 3002,Giorgio Armani,,Oro O,Metal,Panto,,Hombre,119.0,19.0,50.0,145.0,AR5147 3002,340.0,,340.0,False,,False,True,True,True,2026-08-02T09:32:15+00:00
https://www.optica2000.com/gafas-graduadas/giorgio-armani-ar5149t-3387/8056262151433,optica2000,8056262151433,Giorgio Armani AR5149T 3387,Giorgio Armani,,Plata,Titanio,Rectángulo,Al Aire,Hombre,127.0,19.0,54.0,145.0,AR5149T 3387,404.6,578.0,578.0,True,30.0,True,True,True,True,2026-08-02T10:04:20+00:00
https://www.optica2000.com/gafas-graduadas/giorgio-armani-ar5151j-3001/8056262224076,optica2000,8056262224076,Giorgio Armani AR5151J 3001,Giorgio Armani,,Negro,Metal,Redondo,Aro Completo,Hombre,120.0,20.0,50.0,145.0,AR5151J 3001,228.2,326.0,326.0,True,30.0,True,True,True,False,2026-08-02T09:39:13+00:00
https://www.optica2000.com/gafas-graduadas/giorgio-armani-ar5151j-3003/8056262224120,optica2000,8056262224120,Giorgio Armani AR5151J 3003,Giorgio Armani,,Gris,Metal,Redondo,Aro Completo,Hombre,124.0,20.0,52.0,145.0,AR5151J 3003,228.2,326.0,326.0,True,30.0,True,True,True,True,2026-08-02T09:40:39+00:00
https://www.optica2000.com/gafas-graduadas/giorgio-armani-ar5155-3001/8056262465165,optica2000,8056262465165,Giorgio Armani AR5155 3001,Giorgio Armani,,Negro,Metal,Redondo,Aro Completo,Hombre,119.0,21.0,49.0,145.0,AR5155 3001,274.0,,274.0,False,,False,True,True,True,2026-08-02T10:07:50+00:00
https://www.optica2000.com/gafas-graduadas/giorgio-armani-ar5155-3003/8056262465233,optica2000,8056262465233,Giorgio Armani AR5155 3003,Giorgio Armani,,Gris,Metal,Redondo,Aro Completo,Hombre,115.0,21.0,47.0,145.0,AR5155 3003,280.0,,280.0,False,,False,True,True,True,2026-08-02T09:59:57+00:00
https://www.optica2000.com/gafas-graduadas/giorgio-armani-ar5161j-3001/8056262565636,optica2000,8056262565636,Giorgio Armani AR5161J 3001,Giorgio Armani,,Negro,Metal,Redondo,Aro Completo,Hombre,124.0,20.0,52.0,145.0,AR5161J 3001,350.0,,350.0,False,,False,True,True,True,2026-08-02T09:40:50+00:00
https://www.optica2000.com/gafas-graduadas/giorgio-armani-ar5161j-3001/8056262565667,optica2000,8056262565667,Giorgio Armani AR5161J 3002,Giorgio Armani,,Oro,Metal,Redondo,Aro Completo,Hombre,120.0,20.0,50.0,145.0,AR5161J 3002,350.0,,350.0,False,,False,True,True,False,2026-08-02T09:57:06+00:00
https://www.optica2000.com/gafas-graduadas/giorgio-armani-ar5167-6300/8056262844946,optica2000,8056262844946,Giorgio Armani AR5167 6404,Giorgio Armani,,Marrón,Metal,Redondo,Aro completo,Hombre,117.0,23.0,47.0,145.0,AR5167 6404,330.0,,330.0,False,,False,True,True,True,2026-08-02T09:48:25+00:00
https://www.optica2000.com/gafas-graduadas/giorgio-armani-ar5167-6300/8056262853931,optica2000,8056262853931,Giorgio Armani AR5167 6300,Giorgio Armani,,Havana,Metal,Redondo,Aro completo,Hombre,121.0,23.0,49.0,145.0,AR5167 6300,330.0,,330.0,False,,False,True,True,True,2026-08-02T09:42:15+00:00
https://www.optica2000.com/gafas-graduadas/giorgio-armani-ar7125-5986/8056262046500,optica2000,8056262046500,Giorgio Armani AR7125 5986,Giorgio Armani,,Azul,Acetato,Redondo,Aro Completo,Hombre,120.0,20.0,50.0,145.0,AR7125 5986,263.0,,263.0,False,,False,True,True,True,2026-08-02T09:51:03+00:00
https://www.optica2000.com/gafas-graduadas/giorgio-armani-ar7125/8056262046531,optica2000,8056262046531,Giorgio Armani AR7125 5964,Giorgio Armani,,Gris,Acetato,Panto,,Hombre,120.0,20.0,50.0,145.0,AR7125 5964,270.0,,270.0,False,,False,True,True,True,2026-08-02T10:00:48+00:00
https://www.optica2000.com/gafas-graduadas/giorgio-armani-ar7259-5879/8056262269336,optica2000,8056262269336,Giorgio Armani AR7259 5879,Giorgio Armani,,Havana,Acetato,Redondo,Aro Completo,Hombre,123.0,19.0,52.0,145.0,AR7259 5879,284.0,,284.0,False,,False,True,True,True,2026-08-02T09:57:49+00:00
https://www.optica2000.com/gafas-graduadas/giorgio-armani-ar7261-5875/8056262222348,optica2000,8056262222348,Giorgio Armani AR7261 5875,Giorgio Armani,,Negro,Acetato,Rectángulo,Aro Completo,Hombre,125.0,17.0,54.0,145.0,AR7261 5875,284.0,,284.0,False,,False,True,True,True,2026-08-02T09:57:31+00:00
https://www.optica2000.com/gafas-graduadas/giorgio-armani-ar7261-6168/8056262222430,optica2000,8056262222430,Giorgio Armani AR7261 6168,Giorgio Armani,,Verde,Acetato,Rectángulo,Aro Completo,Hombre,129.0,17.0,56.0,145.0,AR7261 6168,198.8,284.0,284.0,True,30.0,True,True,True,False,2026-08-02T09:53:12+00:00
https://www.optica2000.com/gafas-graduadas/giorgio-armani-ar7268-6157/8056262232460,optica2000,8056262232460,Giorgio Armani AR7268 6157,Giorgio Armani,,Azul,Acetato,Cuadrado,Aro Completo,Hombre,127.0,21.0,53.0,145.0,AR7268 6157,257.6,368.0,368.0,True,30.0,True,True,True,True,2026-08-02T09:41:09+00:00
https://www.optica2000.com/gafas-graduadas/giorgio-armani-ar7270t-6060/8056262303498,optica2000,8056262303498,Giorgio Armani AR7270T 6060,Giorgio Armani,,Negro,Acetato,Redondo,Aro Completo,Hombre,120.0,22.0,49.0,145.0,AR7270T 6060,750.0,,750.0,False,,False,True,True,True,2026-08-02T10:04:42+00:00
https://www.optica2000.com/gafas-graduadas/giorgio-armani-ar7270t-6208/8056262303511,optica2000,8056262303511,Giorgio Armani AR7270T 6208,Giorgio Armani,,Verde,Acetato,Redondo,Aro Completo,Hombre,120.0,22.0,49.0,145.0,AR7270T 6208,750.0,,750.0,False,,False,True,True,True,2026-08-02T09:38:58+00:00
https://www.optica2000.com/gafas-graduadas/giorgio-armani-ar7271t-6060/8056262344460,optica2000,8056262344460,Giorgio Armani AR7271T 6060,Giorgio Armani,,Negro,Acetato,Rectángulo,Aro Completo,Hombre,118.0,20.0,49.0,145.0,AR7271T 6060,600.0,,600.0,False,,False,True,True,True,2026-08-02T09:48:37+00:00
https://www.optica2000.com/gafas-graduadas/giorgio-armani-ar7271t-6208/8056262344521,optica2000,8056262344521,Giorgio Armani AR7271T 6208,Giorgio Armani,,Verde,Acetato,Rectángulo,Aro Completo,Hombre,122.0,20.0,51.0,145.0,AR7271T 6208,600.0,,600.0,False,,False,True,True,True,2026-08-02T10:06:22+00:00
https://www.optica2000.com/gafas-graduadas/giorgio-armani-ar7274-5879/8056262456385,optica2000,8056262456385,Giorgio Armani AR7274 5879,Giorgio Armani,,Havana,Acetato,Rectángulo,Aro Completo,Hombre,115.0,21.0,47.0,145.0,AR7274 5879,295.0,,295.0,False,,False,True,True,True,2026-08-02T09:58:41+00:00
https://www.optica2000.com/gafas-graduadas/giorgio-armani-ar7274-6223/8056262456439,optica2000,8056262456439,Giorgio Armani AR7274 6223,Giorgio Armani,,Azul,Acetato,Rectángulo,Aro Completo,Hombre,119.0,21.0,49.0,145.0,AR7274 6223,295.0,,295.0,False,,False,True,True,True,2026-08-02T09:44:38+00:00
https://www.optica2000.com/gafas-graduadas/giorgio-armani-ar7275u-5042/8056262457375,optica2000,8056262457375,Giorgio Armani AR7275U 5042,Giorgio Armani,,Negro,Inyectado,Redondo,Aro Completo,Hombre,123.0,19.0,52.0,145.0,AR7275U 5042,260.0,,260.0,False,,False,True,True,True,2026-08-02T09:48:51+00:00
https://www.optica2000.com/gafas-graduadas/giorgio-armani-ar7275u-6239/8056262457436,optica2000,8056262457436,Giorgio Armani AR7275U 6239,Giorgio Armani,,Marrón,Inyectado,Redondo,Aro Completo,Hombre,119.0,19.0,50.0,145.0,AR7275U 6239,260.0,,260.0,False,,False,True,True,True,2026-08-02T09:44:37+00:00
https://www.optica2000.com/gafas-graduadas/giorgio-armani-ar7278u-6232/8056262466711,optica2000,8056262466711,Giorgio Armani AR7278U 6232,Giorgio Armani,,Havana,Acetato,Redondo,Aro Completo,Hombre,117.0,19.0,49.0,145.0,AR7278U 6232,330.0,,330.0,False,,False,True,True,True,2026-08-02T09:45:21+00:00
https://www.optica2000.com/gafas-graduadas/giorgio-armani-ar7278u-6234/8056262453544,optica2000,8056262453544,Giorgio Armani AR7278U 6234,Giorgio Armani,,Havana,Acetato,Redondo,Aro Completo,Hombre,121.0,19.0,51.0,145.0,AR7278U 6234,316.0,,316.0,False,,False,True,True,True,2026-08-02T09:46:37+00:00
https://www.optica2000.com/gafas-graduadas/giorgioarmani-0ar5082-3198-50-20/8053672876871,optica2000,8053672876871,Giorgio Armani 0AR5082 3198,Giorgio Armani,,Oro,Acero,Redondo,Aro Completo,Hombre,120.0,20.0,50.0,145.0,0AR5082 3198,250.0,,250.0,False,,False,True,True,True,2026-08-02T09:31:57+00:00
https://www.optica2000.com/gafas-graduadas/giorgioarmani-0ar5132-3259-54-19/8056597829090,optica2000,8056597829090,Giorgio Armani 0AR5132 3259,Giorgio Armani,,Gris,Acero,Cuadrado,Aro Completo,Hombre,127.0,19.0,54.0,145.0,0AR5132 3259,290.0,,290.0,False,,False,True,True,False,2026-08-02T09:56:37+00:00
https://www.optica2000.com/gafas-graduadas/giorgioarmani-0ar7003-5026-52-18/8053672164831,optica2000,8053672164831,Giorgio Armani 0AR7003 5026,Giorgio Armani,,Havana,Acetato,Cuadrado,Aro Completo,Hombre,122.0,18.0,52.0,145.0,0AR7003 5026,235.0,,235.0,False,,False,True,True,False,2026-08-02T09:58:53+00:00
https://www.optica2000.com/gafas-graduadas/giorgioarmani-0ar7004-5011-47-19/8053672032109,optica2000,8053672032109,Giorgio Armani 0AR7004 5011,Giorgio Armani,,Marrón,Acetato,Redondo,Aro Completo,Hombre,113.0,19.0,47.0,140.0,0AR7004 5011,235.0,,235.0,False,,False,True,True,False,2026-08-02T09:49:48+00:00
https://www.optica2000.com/gafas-graduadas/giorgioarmani-0ar7125-5026-50-20/8053672646740,optica2000,8053672646740,Giorgio Armani 0AR7125 5026,Giorgio Armani,,Havana,Acetato,Redondo,Aro Completo,Hombre,120.0,20.0,50.0,145.0,0AR7125 5026,270.0,,270.0,False,,False,True,True,True,2026-08-02T09:50:07+00:00
https://www.optica2000.com/gafas-graduadas/giorgioarmani-0ar7125-5042-50-20/8053672646764,optica2000,8053672646764,Giorgio Armani 0AR7125 5042,Giorgio Armani,,Negro,Acetato,Redondo,Aro Completo,Hombre,120.0,20.0,50.0,145.0,0AR7125 5042,270.0,,270.0,False,,False,True,True,False,2026-08-02T09:41:44+00:00
https://www.optica2000.com/gafas-graduadas/giorgioarmani-0ar7202-5060-53-19/8056597337830,optica2000,8056597337830,Giorgio Armani 0AR7202 5060,Giorgio Armani,,Gris,Nylon,Cuadrado,Aro Completo,Hombre,125.0,19.0,53.0,145.0,0AR7202 5060,221.0,,221.0,False,,False,True,True,True,2026-08-02T09:51:42+00:00
https://www.optica2000.com/gafas-graduadas/giorgioarmani-0ar7243u-5988-53-19/8056597833608,optica2000,8056597833608,Giorgio Armani 0AR7243U 5988,Giorgio Armani,,Rojo,Acetato,Rectángulo,Aro Completo,Hombre,125.0,19.0,53.0,145.0,0AR7243U 5988,152.5,305.0,305.0,True,50.0,True,True,True,False,2026-08-02T10:00:44+00:00
https://www.optica2000.com/gafas-graduadas/giorgioarmani-0ar7244u-5042-53-17/8056597827799,optica2000,8056597827799,Giorgio Armani 0AR7244U 5042,Giorgio Armani,,Negro,Inyectado,Rectángulo,Aro Completo,Hombre,123.0,17.0,53.0,145.0,0AR7244U 5042,121.0,242.0,242.0,True,50.0,True,True,True,False,2026-08-02T09:41:17+00:00
https://www.optica2000.com/gafas-graduadas/giorgioarmani-0ar7248-5988-50-22/8056597942171,optica2000,8056597942171,Giorgio Armani 0AR7248 5988,Giorgio Armani,,Havana,Acetato,Redondo,Aro Completo,Hombre,122.0,22.0,50.0,145.0,0AR7248 5988,242.9,347.0,347.0,True,30.0,True,True,True,True,2026-08-02T09:44:25+00:00
https://www.optica2000.com/gafas-graduadas/giorgioarmani-0ar7249-5026-55-17/8056597942324,optica2000,8056597942324,Giorgio Armani 0AR7249 5026,Giorgio Armani,,Havana,Acetato,Rectángulo,Aro Completo,Hombre,127.0,17.0,55.0,145.0,0AR7249 5026,142.0,284.0,284.0,True,50.0,True,True,True,False,2026-08-02T09:38:53+00:00
https://www.optica2000.com/gafas-graduadas/gucci-gc002021/889652412177,optica2000,889652412177,Gucci GG1258O GC002021 1105,Gucci,,Negro,Acetato,Ojo de gato,,Mujer,130.0,18.0,56.0,145.0,GG1258O GC002021 1105,270.0,,270.0,False,,False,True,True,False,2026-08-02T09:44:17+00:00
https://www.optica2000.com/gafas-graduadas/gucci-gc002022-1105/889652413013,optica2000,889652413013,Gucci GC002022 1105,Gucci,,Negro,Inyectado,,Aro Completo,Hombre,124.0,18.0,53.0,145.0,GC002022 1105,195.0,,195.0,False,,False,True,True,False,2026-08-02T09:47:59+00:00
https://www.optica2000.com/gafas-graduadas/gucci-gc002022/889652412979,optica2000,889652412979,Gucci GG1344O GC002022 1100,Gucci,,Negro,Inyectado,Rectángulo Cuadrado,,Hombre,124.0,18.0,53.0,145.0,GG1344O GC002022 1100,195.0,,195.0,False,,False,True,True,False,2026-08-02T09:49:32+00:00
https://www.optica2000.com/gafas-graduadas/gucci-gc002076/889652411859,optica2000,889652411859,Gucci GG1318O GC002076 1100,Gucci,,Negro,Acetato,Rectángulo Cuadrado,,Mujer,131.0,21.0,55.0,140.0,GG1318O GC002076 1100,280.0,,280.0,False,,False,True,True,False,2026-08-02T09:45:32+00:00
https://www.optica2000.com/gafas-graduadas/gucci-gc002111-2350/889652394084,optica2000,889652394084,Gucci GC002111 2350,Gucci,,Oro,Metal,Cuadrado,Al Aire,Hombre,128.0,16.0,56.0,140.0,GC002111 2350,410.0,,410.0,False,,False,True,True,True,2026-08-02T09:41:51+00:00
https://www.optica2000.com/gafas-graduadas/gucci-gc002125/889652439211,optica2000,889652439211,Gucci GG1424O GC002125 4402,Gucci,,Havana,Acetato,Redondo,Aro Completo,Mujer,118.0,18.0,50.0,145.0,GG1424O GC002125 4402,270.0,,270.0,False,,False,True,True,False,2026-08-02T09:43:47+00:00
https://www.optica2000.com/gafas-graduadas/gucci-gc002125/889652441313,optica2000,889652441313,Gucci GG1424O GC002125 1100WW,Gucci,,Marrón,Acetato,Redondo,Aro Completo,Mujer,126.0,18.0,54.0,145.0,GG1424O GC002125 1100WW,270.0,,270.0,False,,False,True,True,False,2026-08-02T10:03:13+00:00
https://www.optica2000.com/gafas-graduadas/gucci-gc002128/889652439860,optica2000,889652439860,Gucci GG1428O GC002128 4402,Gucci,,Havana,Acetato,Rectángulo Cuadrado,,Hombre,120.0,16.0,52.0,145.0,GG1428O GC002128 4402,270.0,,270.0,False,,False,True,True,False,2026-08-02T10:04:50+00:00
https://www.optica2000.com/gafas-graduadas/gucci-gc002128/889652440156,optica2000,889652440156,Gucci GG1428O GC002128 1100,Gucci,,Negro,Acetato,Rectángulo Cuadrado,,Hombre,126.0,16.0,55.0,145.0,GG1428O GC002128 1100,270.0,,270.0,False,,False,True,True,False,2026-08-02T09:38:28+00:00
https://www.optica2000.com/gafas-graduadas/gucci-gc002226/889652467153,optica2000,889652467153,Gucci GG1530O GC002226 1100,Gucci,,Negro,Acetato,Ojo de gato,Aro Completo,Mujer,121.0,17.0,52.0,145.0,GG1530O GC002226 1100,390.0,,390.0,False,,False,True,True,False,2026-08-02T09:57:58+00:00
https://www.optica2000.com/gafas-graduadas/gucci-gc002226/889652467160,optica2000,889652467160,Gucci GG1530O GC002226 4402,Gucci,,Havana,Acetato,Ojo de gato,Aro Completo,Mujer,121.0,17.0,52.0,145.0,GG1530O GC002226 4402,390.0,,390.0,False,,False,True,True,False,2026-08-02T09:53:39+00:00
https://www.optica2000.com/gafas-graduadas/gucci-gc002638-2300/889652569512,optica2000,889652569512,Gucci GC002638 2300,Gucci,,Oro,Metal,Rectángulo,Al Aire,Mujer,124.0,16.0,54.0,140.0,GC002638 2300,370.0,,370.0,False,,False,True,True,True,2026-08-02T10:08:17+00:00
https://www.optica2000.com/gafas-graduadas/gucci-gc002638-2300/889652569529,optica2000,889652569529,Gucci GC002638 4100,Gucci,,Plata,Metal,Rectángulo,Al Aire,Mujer,124.0,16.0,54.0,140.0,GC002638 4100,370.0,,370.0,False,,False,True,True,True,2026-08-02T09:56:55+00:00
https://www.optica2000.com/gafas-graduadas/gucci-gc002693-1100/889652568461,optica2000,889652568461,Gucci GC002693 1100,Gucci,,Negro,Acetato,Rectángulo,Aro Completo,Mujer,122.0,16.0,53.0,140.0,GC002693 1100,280.0,,280.0,False,,False,True,True,True,2026-08-02T09:51:02+00:00
https://www.optica2000.com/gafas-graduadas/gucci-gc002693-1100/889652568485,optica2000,889652568485,Gucci GC002693 3500,Gucci,,Rosa,Acetato,Rectángulo,Aro Completo,Mujer,122.0,16.0,53.0,140.0,GC002693 3500,280.0,,280.0,False,,False,True,True,True,2026-08-02T09:49:56+00:00
https://www.optica2000.com/gafas-graduadas/gucci-gc002696-1100/889652568300,optica2000,889652568300,Gucci GC002696 1100,Gucci,,Negro,Acetato,Rectángulo,Aro Completo,Hombre,126.0,16.0,55.0,145.0,GC002696 1100,280.0,,280.0,False,,False,True,True,True,2026-08-02T09:41:53+00:00
https://www.optica2000.com/gafas-graduadas/gucci-gc002696-1100/889652571294,optica2000,889652571294,Gucci GC002696 1530,Gucci,,Azul,Acetato,Rectángulo,Aro Completo,Hombre,130.0,16.0,57.0,150.0,GC002696 1530,280.0,,280.0,False,,False,True,True,True,2026-08-02T09:53:19+00:00
https://www.optica2000.com/gafas-graduadas/gucci-gc002723-1100/889652628974,optica2000,889652628974,Gucci GC002723 1100,Gucci,,Negro,Acetato,Ojo de gato,Aro Completo,Mujer,117.0,17.0,50.0,140.0,GC002723 1100,350.0,,350.0,False,,False,True,True,True,2026-08-02T10:03:10+00:00
https://www.optica2000.com/gafas-graduadas/gucci-gc002759-1100/889652625539,optica2000,889652625539,Gucci GC002759 1100,Gucci,,Negro,Acetato,Redondo,Aro Completo,Hombre,118.0,20.0,49.0,145.0,GC002759 1100,280.0,,280.0,False,,False,True,True,True,2026-08-02T09:50:48+00:00
https://www.optica2000.com/gafas-graduadas/gucci-gc002759-1100/889652625546,optica2000,889652625546,Gucci GC002759 4402,Gucci,,Havana,Acetato,Redondo,Aro Completo,Hombre,118.0,20.0,49.0,145.0,GC002759 4402,280.0,,280.0,False,,False,True,True,True,2026-08-02T09:43:38+00:00
https://www.optica2000.com/gafas-graduadas/gucci-gg0121o-002-49-21/8056376076967,optica2000,8056376076967,Gucci GG0121O 002,Gucci,,Marrón,Plástico,Redondo,Aro Completo,Hombre,,21.0,49.0,,GG0121O 002,240.0,,240.0,False,,False,True,True,True,2026-08-02T09:45:56+00:00
https://www.optica2000.com/gafas-graduadas/gucci-gg0293o-002-52-19/8056376154085,optica2000,8056376154085,Gucci GG0293O 002,Gucci,,Negro,Metal,Redondo,Aro Completo,Hombre,123.0,19.0,52.0,140.0,GG0293O 002,380.0,,380.0,False,,False,True,True,True,2026-08-02T09:52:40+00:00
https://www.optica2000.com/gafas-graduadas/gucci-gg0486o-004-54-17/8056376227079,optica2000,8056376227079,Gucci GG0486O 4,Gucci,,Negro,Acetato,Redondo,Aro Completo,Mujer,125.0,17.0,54.0,145.0,GG0486O 4,240.0,,240.0,False,,False,True,True,True,2026-08-02T09:46:14+00:00
https://www.optica2000.com/gafas-graduadas/gucci-gg0613o-001-52-16/8056376283969,optica2000,8056376283969,Gucci GG0613O 1,Gucci,,Negro,Plástico,Rectángulo,Aro Completo,Mujer,,16.0,52.0,,GG0613O 1,260.0,,260.0,False,,False,True,True,False,2026-08-02T10:01:19+00:00
https://www.optica2000.com/gafas-graduadas/gucci-gg0614o-003-54-17/8056376284256,optica2000,8056376284256,Gucci GG0614O 3,Gucci,,Negro,Metal,Rectángulo,Aro Completo,Hombre,,17.0,54.0,,GG0614O 3,310.0,,310.0,False,,False,True,True,False,2026-08-02T09:39:10+00:00
https://www.optica2000.com/gafas-graduadas/gucci-gg0737o-010-53-18/8056376386387,optica2000,8056376386387,Gucci GG0737O 010,Gucci,,Transparente,Acetato,Rectángulo,Aro Completo,Hombre,124.0,18.0,53.0,150.0,GG0737O 010,320.0,,320.0,False,,False,True,True,True,2026-08-02T10:09:04+00:00
https://www.optica2000.com/gafas-graduadas/gucci-gg0819oa-002-56-17/8056376335941,optica2000,8056376335941,Gucci GG0819OA 002,Gucci,,Oro,Metal,Rectángulo,Aro Completo,Mujer,129.0,17.0,56.0,145.0,GG0819OA 002,370.0,,370.0,False,,False,True,True,False,2026-08-02T09:57:39+00:00
https://www.optica2000.com/gafas-graduadas/gucci-gg0833o-001-55-17/8056376336399,optica2000,8056376336399,Gucci GG0833O 001,Gucci,,Negro,Metal,Cuadrado,Aro Completo,Hombre,127.0,17.0,55.0,145.0,GG0833O 001,360.0,,360.0,False,,False,True,True,True,2026-08-02T09:57:27+00:00
https://www.optica2000.com/gafas-graduadas/gucci-gg0880o-002-51-18/8056376349900,optica2000,8056376349900,Gucci GG0880O 002,Gucci,,Havana,Metal,Redondo,Aro Completo,Mujer,,18.0,51.0,1.0,GG0880O 002,360.0,,360.0,False,,False,True,True,False,2026-08-02T10:03:19+00:00
https://www.optica2000.com/gafas-graduadas/gucci-gg1047o-002-50-19/8056376382808,optica2000,8056376382808,Gucci GG1047O 002,Gucci,,Havana,Plástico,Redondo,Aro Completo,Hombre,,19.0,50.0,1.0,GG1047O 002,310.0,,310.0,False,,False,True,True,False,2026-08-02T10:05:37+00:00
https://www.optica2000.com/gafas-graduadas/gucci-gg1192o-005-53-16/8056376417388,optica2000,8056376417388,Gucci GG1192O 005,Gucci,,Havana,Plástico,Cuadrado,Aro Completo,Mujer,,16.0,53.0,1.0,GG1192O 005,370.0,,370.0,False,,False,True,True,False,2026-08-02T10:04:23+00:00
https://www.optica2000.com/gafas-graduadas/gucci-gg1208o-001-58-21/8056376415865,optica2000,8056376415865,Gucci GG1208O 001,Gucci,,Oro,Metal,Redondo,Aro Completo,Mujer,134.0,18.0,58.0,140.0,GG1208O 001,390.0,,390.0,False,,False,True,True,False,2026-08-02T10:02:02+00:00
https://www.optica2000.com/gafas-graduadas/gucci-gg1211o-002-51-21/8056376416312,optica2000,8056376416312,Gucci GG1211O 002,Gucci,,Havana,Plástico,Rectángulo,Aro Completo,Hombre,,21.0,51.0,1.0,GG1211O 002,260.0,,260.0,False,,False,True,True,True,2026-08-02T09:52:49+00:00
https://www.optica2000.com/gafas-graduadas/gucci-gg1222o-002-48-22/8056376417081,optica2000,8056376417081,Gucci GG1222O 002,Gucci,,Oro,Metal,Redondo,Aro Completo,Hombre,118.0,22.0,48.0,140.0,GG1222O 002,390.0,,390.0,False,,False,True,True,False,2026-08-02T09:55:55+00:00
https://www.optica2000.com/gafas-graduadas/gucci-gg1271o-003-56-14/8056376438390,optica2000,8056376438390,Gucci GG1271O 003,Gucci,,Burdeos,Plástico,Cuadrado,Aro Completo,Mujer,,14.0,56.0,,GG1271O 003,320.0,,320.0,False,,False,True,True,False,2026-08-02T10:03:27+00:00
https://www.optica2000.com/gafas-graduadas/gucci-gg1272o-002-53-14/8056376438178,optica2000,8056376438178,Gucci GG1272O 002,Gucci,,Havana,Plástico,Rectángulo,Aro Completo,Mujer,,14.0,53.0,,GG1272O 002,320.0,,320.0,False,,False,True,True,False,2026-08-02T09:53:31+00:00
https://www.optica2000.com/gafas-graduadas/gucci-gg1285o-001-59-18/8056376435481,optica2000,8056376435481,Gucci GG1285O 001,Gucci,,Oro,Metal,Hexagonal,Aro Completo,Mujer,,18.0,59.0,,GG1285O 001,350.0,,350.0,False,,False,True,True,True,2026-08-02T09:56:17+00:00
https://www.optica2000.com/gafas-graduadas/gucci-gg1292o-001-55-17/8056376436488,optica2000,8056376436488,Gucci GG1292O 001,Gucci,,Negro,Plástico,Cuadrado,Aro Completo,Hombre,,17.0,55.0,,GG1292O 001,310.0,,310.0,False,,False,True,True,True,2026-08-02T09:39:46+00:00
https://www.optica2000.com/gafas-graduadas/gucci-gg1297o-002-53-18/8056376437317,optica2000,8056376437317,Gucci GG1297O 002,Gucci,,Verde,Plástico,Ojo de gato,Aro Completo,Hombre,132.0,18.0,53.0,,GG1297O 002,390.0,,390.0,False,,False,True,True,True,2026-08-02T10:04:39+00:00
https://www.optica2000.com/gafas-graduadas/gucci-gg1299o-002-55-16/8056376436327,optica2000,8056376436327,Gucci GG1299O 002,Gucci,,Havana,Plástico,Cuadrado,Aro Completo,Mujer,,16.0,55.0,,GG1299O 002,380.0,,380.0,False,,False,True,True,True,2026-08-02T09:58:11+00:00
https://www.optica2000.com/gafas-graduadas/gucci-gg1302o-005-55-15/8056376438574,optica2000,8056376438574,Gucci GG1302O 005,Gucci,,Burdeos,Plástico,Cuadrado,Aro Completo,Mujer,134.0,15.0,55.0,,GG1302O 005,380.0,,380.0,False,,False,True,True,True,2026-08-02T09:58:18+00:00
https://www.optica2000.com/gafas-graduadas/gucci-gg1302o-006-55-15/8056376438581,optica2000,8056376438581,Gucci GG1302O 006,Gucci,,Havana,Plástico,Cuadrado,Aro Completo,Mujer,,15.0,55.0,,GG1302O 006,380.0,,380.0,False,,False,True,True,False,2026-08-02T09:44:14+00:00
https://www.optica2000.com/gafas-graduadas/gucci-gg1344o-001-53-18/8056376435351,optica2000,8056376435351,Gucci GG1344O 001,Gucci,,Beige,Plástico,Cuadrado,Aro Completo,Hombre,128.0,18.0,53.0,,GG1344O 001,195.0,,195.0,False,,False,True,True,True,2026-08-02T09:55:00+00:00
https://www.optica2000.com/gafas-graduadas/jimmy-choo-jc2001b/8056262040898,optica2000,8056262040898,Jimmy Choo JC2001B 3006,Jimmy Choo,,Oro O,Acero,Rectángulo Cuadrado,,Mujer,123.0,17.0,53.0,140.0,JC2001B 3006,320.0,,320.0,False,,False,True,True,True,2026-08-02T09:53:25+00:00
https://www.optica2000.com/gafas-graduadas/jimmy-choo-jc3006u/8056262047996,optica2000,8056262047996,Jimmy Choo JC3006U 5000,Jimmy Choo,,Negro,Acetato,Rectángulo,Aro Completo,Mujer,122.0,16.0,53.0,140.0,JC3006U 5000,140.0,280.0,280.0,True,50.0,True,True,True,False,2026-08-02T09:45:03+00:00
https://www.optica2000.com/gafas-graduadas/jimmy-choo-jc3006u/8056262048061,optica2000,8056262048061,Jimmy Choo JC3006U 5050,Jimmy Choo,,Violeta,Acetato,Rectángulo,Aro Completo,Mujer,126.0,16.0,55.0,140.0,JC3006U 5050,140.0,280.0,280.0,True,50.0,True,True,True,False,2026-08-02T09:45:54+00:00
https://www.optica2000.com/gafas-graduadas/jimmy-choo-jc3032b-5000/8056262472767,optica2000,8056262472767,Jimmy Choo JC3032B 5000,Jimmy Choo,,Negro,Acetato,Cuadrado,Aro Completo,Mujer,126.0,16.0,55.0,140.0,JC3032B 5000,340.0,,340.0,False,,False,True,True,True,2026-08-02T09:39:36+00:00
https://www.optica2000.com/gafas-graduadas/jimmy-choo-jc3032b-5002/8056262472774,optica2000,8056262472774,Jimmy Choo JC3032B 5002,Jimmy Choo,,Havana,Acetato,Cuadrado,Aro Completo,Mujer,122.0,16.0,53.0,140.0,JC3032B 5002,340.0,,340.0,False,,False,True,True,True,2026-08-02T10:07:55+00:00
https://www.optica2000.com/gafas-graduadas/jimmy-choo-jc3034hb-5000/8056262447796,optica2000,8056262447796,Jimmy Choo JC3034HB 5000,Jimmy Choo,,Negro,Acetato,Ojo de gato,Aro Completo,Mujer,127.0,19.0,54.0,140.0,JC3034HB 5000,360.0,,360.0,False,,False,True,True,True,2026-08-02T09:56:06+00:00
https://www.optica2000.com/gafas-graduadas/jimmy-choo-jc3034hb-5014/8056262447857,optica2000,8056262447857,Jimmy Choo JC3034HB 5014,Jimmy Choo,,Rosa,Acetato,Ojo de gato,Aro Completo,Mujer,123.0,19.0,52.0,140.0,JC3034HB 5014,360.0,,360.0,False,,False,True,True,True,2026-08-02T09:52:15+00:00
https://www.optica2000.com/gafas-graduadas/jimmy-choo-jc3035-5002/8056262455371,optica2000,8056262455371,Jimmy Choo JC3035 5002,Jimmy Choo,,Havana,Acetato,Redondo,Aro Completo,Mujer,123.0,17.0,53.0,140.0,JC3035 5002,220.0,,220.0,False,,False,True,True,True,2026-08-02T10:07:27+00:00
https://www.optica2000.com/gafas-graduadas/jimmy-choo-jc3035-5067/8056262455357,optica2000,8056262455357,Jimmy Choo JC3035 5067,Jimmy Choo,,Azul,Acetato,Redondo,Aro Completo,Mujer,119.0,17.0,51.0,140.0,JC3035 5067,220.0,,220.0,False,,False,True,True,True,2026-08-02T10:05:38+00:00
https://www.optica2000.com/gafas-graduadas/jimmy-choo-jc3046u-5081/8056262570333,optica2000,8056262570333,Jimmy Choo JC3046U 5000,Jimmy Choo,,Negro,Acetato,Cuadrado,Aro Completo,Mujer,123.0,17.0,53.0,140.0,JC3046U 5000,220.0,,220.0,False,,False,True,True,True,2026-08-02T09:50:30+00:00
https://www.optica2000.com/gafas-graduadas/jimmy-choo-jc3046u-5081/8056262570388,optica2000,8056262570388,Jimmy Choo JC3046U 5081,Jimmy Choo,,Rojo,Acetato,Cuadrado,Aro Completo,Mujer,127.0,17.0,55.0,140.0,JC3046U 5081,220.0,,220.0,False,,False,True,True,True,2026-08-02T10:07:24+00:00
https://www.optica2000.com/gafas-graduadas/michael-kors-amelia-island-mk4145u-3256/725125530941,optica2000,725125530941,Michael Kors MK4145U 3256,Michael Kors,,Rosa,Inyectado,Redondo,Aro Completo,Mujer,122.0,18.0,52.0,140.0,MK4145U 3256,139.0,,139.0,False,,False,True,True,True,2026-08-02T09:54:16+00:00
https://www.optica2000.com/gafas-graduadas/michael-kors-amelia-island-mk4145u-4025/725125531535,optica2000,725125531535,Michael Kors MK4145U 4025,Michael Kors,,Havana,Inyectado,Redondo,Aro Completo,Mujer,122.0,18.0,52.0,140.0,MK4145U 4025,137.0,,137.0,False,,False,True,True,True,2026-08-02T09:59:19+00:00
https://www.optica2000.com/gafas-graduadas/michael-kors-arusha-mk3107-1005/725125545754,optica2000,725125545754,Michael Kors Arusha MK3107 1005,Michael Kors,,Negro,Metal,Rectángulo,Aro Completo,Hombre,130.0,18.0,56.0,150.0,Arusha MK3107 1005,191.0,,191.0,False,,False,True,True,True,2026-08-02T10:04:59+00:00
https://www.optica2000.com/gafas-graduadas/michael-kors-arusha-mk3107-1005/725125545839,optica2000,725125545839,Michael Kors Arusha MK3107 1207,Michael Kors,,Azul,Metal,Rectángulo,Aro Completo,Hombre,125.0,17.0,54.0,145.0,Arusha MK3107 1207,191.0,,191.0,False,,False,True,True,True,2026-08-02T09:40:35+00:00
https://www.optica2000.com/gafas-graduadas/michael-kors-avignon-mk3071-1108/725125402873,optica2000,725125402873,Michael Kors Avignon MK3071 1108,Michael Kors,,Oro,Metal,Cuadrado,Aro Completo,Mujer,129.0,17.0,56.0,140.0,Avignon MK3071 1108,149.0,,149.0,False,,False,True,True,True,2026-08-02T10:08:46+00:00
https://www.optica2000.com/gafas-graduadas/michael-kors-bayshore-mk4155u-3005/725125533027,optica2000,725125533027,Michael Kors MK4155U 3005,Michael Kors,,Negro,Acetato,,,Hombre,132.0,18.0,57.0,145.0,MK4155U 3005,165.0,,165.0,False,,False,True,True,True,2026-08-02T10:04:44+00:00
https://www.optica2000.com/gafas-graduadas/michael-kors-bayshore-mk4155u-3705/725125533164,optica2000,725125533164,Michael Kors MK4155U 3705,Michael Kors,,Verde,Acetato,,,Hombre,128.0,18.0,55.0,145.0,MK4155U 3705,165.0,,165.0,False,,False,True,True,True,2026-08-02T09:40:03+00:00
https://www.optica2000.com/gafas-graduadas/michael-kors-bierzo-mk4140u-3005/725125524407,optica2000,725125524407,Michael Kors Bierzo MK4140U 3005,Michael Kors,,Negro,Inyectado,Cuadrado,Aro Completo,Mujer,125.0,17.0,54.0,140.0,Bierzo MK4140U 3005,191.0,,191.0,False,,False,True,True,True,2026-08-02T09:43:04+00:00
https://www.optica2000.com/gafas-graduadas/michael-kors-birmingham-mk4117u-3015/725125517584,optica2000,725125517584,Michael Kors Birmingham MK4117U 3015,Michael Kors,,Transparente,Inyectado,Rectángulo,Aro Completo,Mujer,124.0,16.0,54.0,140.0,Birmingham MK4117U 3015,139.0,,139.0,False,,False,True,True,True,2026-08-02T09:57:08+00:00
https://www.optica2000.com/gafas-graduadas/michael-kors-crete-mk4134u-3015/725125523721,optica2000,725125523721,Michael Kors MK4134U 3015,Michael Kors,,Transparente,Inyectado,Rectángulo,Aro Completo,Mujer,125.0,17.0,54.0,140.0,MK4134U 3015,137.0,,137.0,False,,False,True,True,True,2026-08-02T09:47:47+00:00
https://www.optica2000.com/gafas-graduadas/michael-kors-crete-mk4134u-4003/725125523738,optica2000,725125523738,Michael Kors MK4134U 4003,Michael Kors,,Gris,Inyectado,Rectángulo,Aro Completo,Mujer,121.0,17.0,52.0,140.0,MK4134U 4003,95.9,137.0,137.0,True,30.0,True,True,True,False,2026-08-02T09:57:03+00:00
https://www.optica2000.com/gafas-graduadas/michael-kors-culver-city-mk3094-1899/725125532129,optica2000,725125532129,Michael Kors Culver City MK3094 1899,Michael Kors,,Bronce,Metal,Cuadrado,Aro Completo,Hombre,131.0,19.0,56.0,145.0,Culver City MK3094 1899,149.0,,149.0,False,,False,True,True,True,2026-08-02T10:09:12+00:00
https://www.optica2000.com/gafas-graduadas/michael-kors-douro-valley-mk4171u-3902/725125538930,optica2000,725125538930,Michael Kors Douro Valley MK4171U 3015,Michael Kors,,Transparente,Inyectado,Ojo de gato,Aro Completo,Mujer,114.0,16.0,49.0,140.0,Douro Valley MK4171U 3015,165.0,,165.0,False,,False,True,True,True,2026-08-02T10:00:40+00:00
https://www.optica2000.com/gafas-graduadas/michael-kors-douro-valley-mk4171u-3902/725125538992,optica2000,725125538992,Michael Kors Douro Valley MK4171U 3902,Michael Kors,,Verde,Inyectado,Ojo de gato,Aro Completo,Mujer,124.0,16.0,54.0,140.0,Douro Valley MK4171U 3902,165.0,,165.0,False,,False,True,True,True,2026-08-02T10:07:40+00:00
https://www.optica2000.com/gafas-graduadas/michael-kors-encino-mk3093-1899/725125532211,optica2000,725125532211,Michael Kors MK3093 1899,Michael Kors,,Bronce,Metal,,,Hombre,131.0,17.0,57.0,145.0,MK3093 1899,99.4,142.0,142.0,True,30.0,True,True,True,False,2026-08-02T09:32:35+00:00
https://www.optica2000.com/gafas-graduadas/michael-kors-exumas-mk4191bu-4034/725125544009,optica2000,725125544009,Michael Kors Exumas MK4191BU 4034,Michael Kors,,Negro,Acetato,Cuadrado,Aro Completo,Mujer,123.0,17.0,53.0,140.0,Exumas MK4191BU 4034,165.0,,165.0,False,,False,True,True,True,2026-08-02T09:53:57+00:00
https://www.optica2000.com/gafas-graduadas/michael-kors-exumas-mk4191bu-4034/725125544030,optica2000,725125544030,Michael Kors Exumas MK4191BU 4056,Michael Kors,,Rosa,Acetato,Cuadrado,Aro Completo,Mujer,123.0,17.0,53.0,140.0,Exumas MK4191BU 4056,165.0,,165.0,False,,False,True,True,True,2026-08-02T10:09:00+00:00
https://www.optica2000.com/gafas-graduadas/michael-kors-exumas-mk4191bu-4034/725125544108,optica2000,725125544108,Michael Kors Exumas MK4191BU 4054,Michael Kors,,Azul,Acetato,Cuadrado,Aro Completo,Mujer,123.0,17.0,53.0,140.0,Exumas MK4191BU 4054,165.0,,165.0,False,,False,True,True,True,2026-08-02T09:59:23+00:00
https://www.optica2000.com/gafas-graduadas/michael-kors-grand-targhee-mk4173u-4040/725125539159,optica2000,725125539159,Michael Kors Grand Targhee MK4173U 4040,Michael Kors,,Verde,Acetato,Rectángulo,Aro Completo,Hombre,126.0,18.0,54.0,140.0,Grand Targhee MK4173U 4040,149.0,,149.0,False,,False,True,True,True,2026-08-02T10:03:53+00:00
https://www.optica2000.com/gafas-graduadas/michael-kors-grand-targhee-mk4173u-4040/725125539173,optica2000,725125539173,Michael Kors Grand Targhee MK4173U 4041,Michael Kors,,Azul,Acetato,Rectángulo,Aro Completo,Hombre,126.0,18.0,54.0,140.0,Grand Targhee MK4173U 4041,149.0,,149.0,False,,False,True,True,True,2026-08-02T09:42:28+00:00
https://www.optica2000.com/gafas-graduadas/michael-kors-hakone-mk4182u-3015/725125544696,optica2000,725125544696,Michael Kors Hakone MK4182U 3901,Michael Kors,,Rosa,Inyectado,Redondo,Aro Completo,Mujer,125.0,17.0,54.0,140.0,Hakone MK4182U 3901,139.0,,139.0,False,,False,True,True,True,2026-08-02T09:39:27+00:00
https://www.optica2000.com/gafas-graduadas/michael-kors-hakone-mk4182u-3015/725125546157,optica2000,725125546157,Michael Kors Hakone MK4182U 3015,Michael Kors,,Transparente,Inyectado,Redondo,Aro Completo,Mujer,125.0,17.0,54.0,140.0,Hakone MK4182U 3015,139.0,,139.0,False,,False,True,True,True,2026-08-02T09:54:13+00:00
https://www.optica2000.com/gafas-graduadas/michael-kors-kiawah-mk3101-3005/725125543804,optica2000,725125543804,Michael Kors Kiawah MK3101 3101,Michael Kors,,Rosa,Metal,Redondo,Aro Completo,Mujer,124.0,18.0,53.0,140.0,Kiawah MK3101 3101,191.0,,191.0,False,,False,True,True,True,2026-08-02T09:46:03+00:00
https://www.optica2000.com/gafas-graduadas/michael-kors-kiawah-mk3101-3005/725125543835,optica2000,725125543835,Michael Kors Kiawah MK3101 4051,Michael Kors,,Marrón,Metal,Redondo,Aro Completo,Mujer,124.0,18.0,53.0,140.0,Kiawah MK3101 4051,191.0,,191.0,False,,False,True,True,False,2026-08-02T10:04:08+00:00
https://www.optica2000.com/gafas-graduadas/michael-kors-kingston-mk4150u-3050/725125532570,optica2000,725125532570,Michael Kors MK4150U 3050,Michael Kors,,Transparente,Acetato,Rectángulo,Aro Completo,Mujer,125.0,17.0,54.0,140.0,MK4150U 3050,149.0,,149.0,False,,False,True,True,True,2026-08-02T10:05:25+00:00
https://www.optica2000.com/gafas-graduadas/michael-kors-kingston-mk4150u-3950/725125532679,optica2000,725125532679,Michael Kors MK4150U 3950,Michael Kors,,Negro,Acetato,Rectángulo,Aro Completo,Mujer,121.0,17.0,52.0,140.0,MK4150U 3950,149.0,,149.0,False,,False,True,True,True,2026-08-02T09:42:06+00:00
https://www.optica2000.com/gafas-graduadas/michael-kors-kobe-mk4180u-3005/725125543552,optica2000,725125543552,Michael Kors Kobe MK4180U 3005,Michael Kors,,Negro,Inyectado,Cuadrado,Aro Completo,Mujer,114.0,16.0,49.0,135.0,Kobe MK4180U 3005,139.0,,139.0,False,,False,True,True,True,2026-08-02T09:39:43+00:00
https://www.optica2000.com/gafas-graduadas/michael-kors-kobe-mk4180u-3005/725125543576,optica2000,725125543576,Michael Kors Kobe MK4180U 3901,Michael Kors,,Rosa,Inyectado,Cuadrado,Aro Completo,Mujer,125.0,17.0,54.0,140.0,Kobe MK4180U 3901,139.0,,139.0,False,,False,True,True,True,2026-08-02T09:39:16+00:00
https://www.optica2000.com/gafas-graduadas/michael-kors-kobe-mk4180u-3005/725125543644,optica2000,725125543644,Michael Kors Kobe MK4180U 4051,Michael Kors,,Marrón,Inyectado,Cuadrado,Aro Completo,Mujer,125.0,17.0,54.0,140.0,Kobe MK4180U 4051,139.0,,139.0,False,,False,True,True,True,2026-08-02T09:51:24+00:00
https://www.optica2000.com/gafas-graduadas/michael-kors-mk4119u/725125517713,optica2000,725125517713,Michael Kors MK4119U Nassau MK4119U 3005,Michael Kors,,Negro,Acetato,Cuadrado,Aro Completo,Mujer,123.0,17.0,53.0,140.0,MK4119U Nassau MK4119U 3005,165.0,,165.0,False,,False,True,True,True,2026-08-02T10:03:03+00:00
https://www.optica2000.com/gafas-graduadas/michael-kors-mk4119u/725125517751,optica2000,725125517751,Michael Kors MK4119U Nassau MK4119U 3998,Michael Kors,,Havana,Acetato,Cuadrado,Aro Completo,Mujer,123.0,17.0,53.0,140.0,MK4119U Nassau MK4119U 3998,165.0,,165.0,False,,False,True,True,True,2026-08-02T10:08:13+00:00
https://www.optica2000.com/gafas-graduadas/michael-kors-myrtle-beach-mk3102-3005/725125543866,optica2000,725125543866,Michael Kors Myrtle Beach MK3102 3005,Michael Kors,,Negro,Metal,Rectángulo,Aro Completo,Mujer,125.0,17.0,54.0,140.0,Myrtle Beach MK3102 3005,191.0,,191.0,False,,False,True,True,True,2026-08-02T09:54:30+00:00
https://www.optica2000.com/gafas-graduadas/michael-kors-myrtle-beach-mk3102-3005/725125543873,optica2000,725125543873,Michael Kors Myrtle Beach MK3102 3101,Michael Kors,,Rosa,Metal,Rectángulo,Aro Completo,Mujer,114.0,16.0,49.0,130.0,Myrtle Beach MK3102 3101,191.0,,191.0,False,,False,True,True,True,2026-08-02T10:05:11+00:00
https://www.optica2000.com/gafas-graduadas/michael-kors-nags-head-mk3099-1014/725125545143,optica2000,725125545143,Michael Kors Nags Head MK3099 1014,Michael Kors,,Oro,Metal,Cuadrado,Aro completo,Mujer,123.0,17.0,53.0,140.0,Nags Head MK3099 1014,149.0,,149.0,False,,False,True,True,True,2026-08-02T09:44:19+00:00
https://www.optica2000.com/gafas-graduadas/michael-kors-nags-head-mk3099-1014/725125545150,optica2000,725125545150,Michael Kors Nags Head MK3099 1108,Michael Kors,,Oro,Metal,Cuadrado,Aro completo,Mujer,123.0,17.0,53.0,140.0,Nags Head MK3099 1108,149.0,,149.0,False,,False,True,True,True,2026-08-02T10:05:19+00:00
https://www.optica2000.com/gafas-graduadas/michael-kors-nashville-mk4167u-4034/725125539616,optica2000,725125539616,Michael Kors Nashville MK4167U 4031,Michael Kors,,Havana,Acetato,Rectángulo,Aro Completo,Mujer,123.0,17.0,53.0,140.0,Nashville MK4167U 4031,149.0,,149.0,False,,False,True,True,True,2026-08-02T09:52:33+00:00
https://www.optica2000.com/gafas-graduadas/michael-kors-nashville-mk4167u-4034/725125539685,optica2000,725125539685,Michael Kors Nashville MK4167U 4034,Michael Kors,,Negro,Acetato,Rectángulo,Aro Completo,Mujer,123.0,17.0,53.0,140.0,Nashville MK4167U 4034,149.0,,149.0,False,,False,True,True,True,2026-08-02T10:04:00+00:00
https://www.optica2000.com/gafas-graduadas/michael-kors-ottawa-mk4177u-3401/725125539258,optica2000,725125539258,Michael Kors Ottawa MK4177U 3401,Michael Kors,,Marrón,Acetato,Rectángulo,Aro Completo,Hombre,127.0,17.0,55.0,145.0,Ottawa MK4177U 3401,165.0,,165.0,False,,False,True,True,True,2026-08-02T09:46:21+00:00
https://www.optica2000.com/gafas-graduadas/michael-kors-ottawa-mk4177u-3401/725125539265,optica2000,725125539265,Michael Kors Ottawa MK4177U 3961,Michael Kors,,Verde,Acetato,Rectángulo,Aro Completo,Hombre,127.0,17.0,55.0,145.0,Ottawa MK4177U 3961,165.0,,165.0,False,,False,True,True,True,2026-08-02T09:54:37+00:00
https://www.optica2000.com/gafas-graduadas/michael-kors-paris-mk3085-1108/725125523844,optica2000,725125523844,Michael Kors Paris MK3085 1108,Michael Kors,,Oro,Metal,Ojo de gato,Aro Completo,Mujer,128.0,16.0,56.0,140.0,Paris MK3085 1108,142.0,,142.0,False,,False,True,True,True,2026-08-02T10:09:10+00:00
https://www.optica2000.com/gafas-graduadas/michael-kors-puglia-mk4149u-3006/725125531382,optica2000,725125531382,Michael Kors MK4149U 3006,Michael Kors,,Havana,Inyectado,Rectángulo,Aro Completo,Mujer,125.0,17.0,54.0,145.0,MK4149U 3006,165.0,,165.0,False,,False,True,True,True,2026-08-02T09:53:27+00:00
https://www.optica2000.com/gafas-graduadas/michael-kors-puglia-mk4149u-4014/725125531412,optica2000,725125531412,Michael Kors MK4149U 4014,Michael Kors,,Azul,Inyectado,Rectángulo,Aro Completo,Mujer,121.0,17.0,52.0,145.0,MK4149U 4014,165.0,,165.0,False,,False,True,True,True,2026-08-02T10:04:38+00:00
https://www.optica2000.com/gafas-graduadas/michael-kors-puglia-mk4149u-4020/725125531436,optica2000,725125531436,Michael Kors MK4149U 4020,Michael Kors,,Rosa,Inyectado,Rectángulo,Aro Completo,Mujer,121.0,17.0,52.0,145.0,MK4149U 4020,165.0,,165.0,False,,False,True,True,True,2026-08-02T09:38:41+00:00
https://www.optica2000.com/gafas-graduadas/michael-kors-redwood-mk4129-3015/725125523172,optica2000,725125523172,Michael Kors Redwood MK4129 3015,Michael Kors,,Transparente,Acetato,Redondo,Aro Completo,Hombre,127.0,21.0,53.0,145.0,Redwood MK4129 3015,165.0,,165.0,False,,False,True,True,True,2026-08-02T09:45:36+00:00
https://www.optica2000.com/gafas-graduadas/michael-kors-sarasota-mk4144u-4014/725125531016,optica2000,725125531016,Michael Kors MK4144U 4014,Michael Kors,,Azul,Inyectado,,,Mujer,123.0,17.0,53.0,140.0,MK4144U 4014,137.0,,137.0,False,,False,True,True,True,2026-08-02T09:57:55+00:00
https://www.optica2000.com/gafas-graduadas/michael-kors-sarasota-mk4144u-4022/725125531054,optica2000,725125531054,Michael Kors MK4144U 4022,Michael Kors,,Verde,Inyectado,Cuadrado,Aro Completo,Mujer,119.0,17.0,51.0,140.0,MK4144U 4022,137.0,,137.0,False,,False,True,True,True,2026-08-02T09:51:18+00:00
https://www.optica2000.com/gafas-graduadas/michael-kors-seal-harbor-mk4188u-4040/725125544146,optica2000,725125544146,Michael Kors Seal Harbor MK4188U 4047,Michael Kors,,Rosa,Acetato,Cuadrado,Aro Completo,Hombre,125.0,17.0,54.0,145.0,Seal Harbor MK4188U 4047,149.0,,149.0,False,,False,True,True,True,2026-08-02T09:41:42+00:00
https://www.optica2000.com/gafas-graduadas/michael-kors-seal-harbor-mk4188u-4040/725125544160,optica2000,725125544160,Michael Kors Seal Harbor MK4188U 4040,Michael Kors,,Verde,Acetato,Cuadrado,Aro Completo,Hombre,125.0,17.0,54.0,145.0,Seal Harbor MK4188U 4040,149.0,,149.0,False,,False,True,True,True,2026-08-02T09:55:31+00:00
https://www.optica2000.com/gafas-graduadas/michael-kors-tordrillo-mk3084-1001/725125510530,optica2000,725125510530,Michael Kors Tordrillo MK3084 1001,Michael Kors,,Bronce,Metal,Cuadrado,Aro Completo,Hombre,130.0,18.0,56.0,145.0,Tordrillo MK3084 1001,149.0,,149.0,False,,False,True,True,True,2026-08-02T09:39:01+00:00
https://www.optica2000.com/gafas-graduadas/michael-kors-tordrillo-mk3084-1001/725125510554,optica2000,725125510554,Michael Kors Tordrillo MK3084 1899,Michael Kors,,Oro,Metal,Cuadrado,Aro Completo,Hombre,130.0,18.0,56.0,145.0,Tordrillo MK3084 1899,149.0,,149.0,False,,False,True,True,True,2026-08-02T09:55:06+00:00
https://www.optica2000.com/gafas-graduadas/michael-kors-tortola-mk4135u-3006/725125523653,optica2000,725125523653,Michael Kors Tortola MK4135U 3006,Michael Kors,,Havana,Inyectado,Redondo,Aro Completo,Mujer,125.0,17.0,54.0,140.0,Tortola MK4135U 3006,139.0,,139.0,False,,False,True,True,True,2026-08-02T10:05:04+00:00
https://www.optica2000.com/gafas-graduadas/michael-kors-westerly-mk4187u-4039/725125544023,optica2000,725125544023,Michael Kors Westerly MK4187U 4048,Michael Kors,,Azul,Acetato,Redondo,Aro Completo,Hombre,124.0,20.0,52.0,145.0,Westerly MK4187U 4048,149.0,,149.0,False,,False,True,True,True,2026-08-02T10:02:26+00:00
https://www.optica2000.com/gafas-graduadas/michael-kors-westerly-mk4187u-4039/725125544061,optica2000,725125544061,Michael Kors Westerly MK4187U 4047,Michael Kors,,Rosa,Acetato,Redondo,Aro Completo,Hombre,124.0,20.0,52.0,145.0,Westerly MK4187U 4047,149.0,,149.0,False,,False,True,True,True,2026-08-02T09:42:27+00:00
https://www.optica2000.com/gafas-graduadas/michael-kors-westerly-mk4187u-4039/725125544139,optica2000,725125544139,Michael Kors Westerly MK4187U 4039,Michael Kors,,Marrón,Acetato,Redondo,Aro Completo,Hombre,124.0,20.0,52.0,145.0,Westerly MK4187U 4039,149.0,,149.0,False,,False,True,True,True,2026-08-02T10:05:58+00:00
https://www.optica2000.com/gafas-graduadas/michael-kors-wolf-creek-mk4174u-4039/725125539319,optica2000,725125539319,Michael Kors Wolf Creek MK4174U 4039,Michael Kors,,Marrón,Acetato,Cuadrado,Aro Completo,Hombre,126.0,18.0,54.0,145.0,Wolf Creek MK4174U 4039,149.0,,149.0,False,,False,True,True,True,2026-08-02T09:49:33+00:00
https://www.optica2000.com/gafas-graduadas/michael-kors-wolf-creek-mk4174u-4039/725125539333,optica2000,725125539333,Michael Kors Wolf Creek MK4174U 4040,Michael Kors,,Verde,Acetato,Cuadrado,Aro Completo,Hombre,126.0,18.0,54.0,145.0,Wolf Creek MK4174U 4040,149.0,,149.0,False,,False,True,True,True,2026-08-02T10:03:23+00:00
https://www.optica2000.com/gafas-graduadas/michael-kors-yellowstone-mk4130-3943/725125523387,optica2000,725125523387,Michael Kors Yellowstone MK4130 3943,Michael Kors,,Verde,Acetato,Rectángulo,Aro Completo,Hombre,128.0,18.0,55.0,145.0,Yellowstone MK4130 3943,165.0,,165.0,False,,False,True,True,True,2026-08-02T10:05:55+00:00
https://www.optica2000.com/gafas-graduadas/michael-kors-zambia-mk3106-1005/725125545679,optica2000,725125545679,Michael Kors Zambia MK3106 1005,Michael Kors,,Negro,Metal,Rectángulo,Semi Al Aire,Hombre,135.0,19.0,58.0,145.0,Zambia MK3106 1005,191.0,,191.0,False,,False,True,True,True,2026-08-02T09:48:41+00:00
https://www.optica2000.com/gafas-graduadas/michael-kors-zambia-mk3106-1005/725125545778,optica2000,725125545778,Michael Kors Zambia MK3106 1014,Michael Kors,,Oro,Metal,Rectángulo,Semi Al Aire,Hombre,135.0,19.0,58.0,145.0,Zambia MK3106 1014,191.0,,191.0,False,,False,True,True,True,2026-08-02T09:49:47+00:00
https://www.optica2000.com/gafas-graduadas/michaelkors-0mk3012-1113-51-17/725125961486,optica2000,725125961486,Michael Kors 0MK3012 1113,Michael Kors,,Negro,Metal,Ojo de gato,Aro Completo,Mujer,119.0,17.0,51.0,135.0,0MK3012 1113,165.0,,165.0,False,,False,True,True,True,2026-08-02T09:54:01+00:00
https://www.optica2000.com/gafas-graduadas/michaelkors-0mk3017-1108-53-18/725125382496,optica2000,725125382496,Michael Kors 0MK3017 1108,Michael Kors,,Oro,Metal,Cuadrado,Aro Completo,Mujer,124.0,18.0,53.0,140.0,0MK3017 1108,150.0,,150.0,False,,False,True,True,False,2026-08-02T10:04:55+00:00
https://www.optica2000.com/gafas-graduadas/michaelkors-0mk3030-1108-54-17/725125010078,optica2000,725125010078,Michael Kors 0MK3030 1108,Michael Kors,,Bronce,Metal,Ojo de gato,Aro Completo,Mujer,125.0,17.0,54.0,140.0,0MK3030 1108,139.0,,139.0,False,,False,True,True,True,2026-08-02T10:02:49+00:00
https://www.optica2000.com/gafas-graduadas/michaelkors-0mk3035-1108-54-16/725125068758,optica2000,725125068758,Michael Kors 0MK3035 1108,Michael Kors,,Oro,Metal,Ojo de gato,Aro Completo,Mujer,124.0,16.0,54.0,140.0,0MK3035 1108,139.0,,139.0,False,,False,True,True,True,2026-08-02T09:53:01+00:00
https://www.optica2000.com/gafas-graduadas/michaelkors-0mk3055-1108-54-20/725125380195,optica2000,725125380195,Michael Kors 0MK3055 1108,Michael Kors,,Rosa,Acero,Redondo,Aro Completo,Mujer,128.0,20.0,54.0,140.0,0MK3055 1108,142.0,,142.0,False,,False,True,True,False,2026-08-02T09:32:06+00:00
https://www.optica2000.com/gafas-graduadas/michaelkors-0mk3056-1108-55-16/725125379632,optica2000,725125379632,Michael Kors 0MK3056 1108,Michael Kors,,Bronce,Acero,Cuadrado,Aro Completo,Mujer,126.0,16.0,55.0,140.0,0MK3056 1108,71.0,142.0,142.0,True,50.0,True,True,True,True,2026-08-02T09:59:48+00:00
https://www.optica2000.com/gafas-graduadas/michaelkors-0mk3069-1108-54-17/725125402743,optica2000,725125402743,Michael Kors 0MK3069 1108,Michael Kors,,Oro,Metal,Redondo,Aro Completo,Mujer,125.0,17.0,54.0,140.0,0MK3069 1108,70.0,140.0,140.0,True,50.0,True,True,True,False,2026-08-02T10:09:27+00:00
https://www.optica2000.com/gafas-graduadas/michaelkors-0mk4067u-3015-53-16/725125032285,optica2000,725125032285,Michael Kors Santa Clara MK4067U 3015,Michael Kors,,Transparente,Acetato,Rectángulo,Aro Completo,Mujer,122.0,16.0,53.0,140.0,Santa Clara MK4067U 3015,139.0,,139.0,False,,False,True,True,True,2026-08-02T09:46:49+00:00
https://www.optica2000.com/gafas-graduadas/michaelkors-0mk4067u-3015-53-16/725125518260,optica2000,725125518260,Michael Kors Santa Clara MK4067U 3998,Michael Kors,,Havana,Acetato,Rectángulo,Aro Completo,Mujer,126.0,16.0,55.0,140.0,Santa Clara MK4067U 3998,139.0,,139.0,False,,False,True,True,True,2026-08-02T09:48:48+00:00
https://www.optica2000.com/gafas-graduadas/michaelkors-0mk4090-3251-54-16/725125380119,optica2000,725125380119,Michael Kors 0MK4090 3251,Michael Kors,,Rosa,Acetato,Rectángulo,Aro Completo,Mujer,124.0,16.0,54.0,140.0,0MK4090 3251,158.0,,158.0,False,,False,True,True,False,2026-08-02T09:38:22+00:00
https://www.optica2000.com/gafas-graduadas/michaelkors-0mk4094u-3912-53-16/725125383561,optica2000,725125383561,Michael Kors 0MK4094U 3912,Michael Kors,,Negro,Inyectado,Cuadrado,Aro Completo,Mujer,122.0,16.0,53.0,140.0,0MK4094U 3912,149.0,,149.0,False,,False,True,True,True,2026-08-02T10:07:13+00:00
https://www.optica2000.com/gafas-graduadas/michaelkors-0mk4109u-3005-52-16/725125403139,optica2000,725125403139,Michael Kors 0MK4109U 3005,Michael Kors,,Negro,Acetato,Ojo de gato,Aro Completo,Mujer,120.0,16.0,52.0,140.0,0MK4109U 3005,139.0,,139.0,False,,False,True,True,True,2026-08-02T09:54:52+00:00
https://www.optica2000.com/gafas-graduadas/michaelkors-0mk4115u-3950-54-17/725125405690,optica2000,725125405690,Michael Kors 0MK4115U 3950,Michael Kors,,Negro,Acetato,Cuadrado,Aro Completo,Mujer,125.0,17.0,54.0,140.0,0MK4115U 3950,165.0,,165.0,False,,False,True,True,True,2026-08-02T10:05:26+00:00
https://www.optica2000.com/gafas-graduadas/miraflex-0mf4001-k594-44-15/8056597794091,optica2000,8056597794091,Miraflex 0MF4001 K594,Miraflex,,Rojo,Inyectado,Rectángulo,Aro Completo,Junior,103.0,15.0,44.0,130.0,0MF4001 K594,19.5,39.0,39.0,True,50.0,True,True,True,False,2026-08-02T09:42:49+00:00
https://www.optica2000.com/gafas-graduadas/miraflex-0mf4002-l123-46-15/7895653267381,optica2000,7895653267381,Miraflex 0MF4002 L123,Miraflex,,Burdeos,Inyectado,Cuadrado,Aro Completo,Junior,107.0,15.0,46.0,130.0,0MF4002 L123,19.5,39.0,39.0,True,50.0,True,True,True,False,2026-08-02T09:45:10+00:00
https://www.optica2000.com/gafas-graduadas/miraflex-0mf4002-l124-48-15/7895653267398,optica2000,7895653267398,Miraflex 0MF4002 L124,Miraflex,,Azul,Inyectado,Cuadrado,Aro Completo,Junior,111.0,15.0,48.0,130.0,0MF4002 L124,19.5,39.0,39.0,True,50.0,True,True,True,False,2026-08-02T09:39:55+00:00
https://www.optica2000.com/gafas-graduadas/miraflex-0mf4003-k576-40-15/8056597794336,optica2000,8056597794336,Miraflex 0MF4003 K576,Miraflex,,Rojo,Inyectado,Redondo,Aro Completo,Junior,95.0,15.0,40.0,120.0,0MF4003 K576,23.0,46.0,46.0,True,50.0,True,True,True,False,2026-08-02T09:42:11+00:00
https://www.optica2000.com/gafas-graduadas/miraflex-0mf4004-k617-40-15/8056597794381,optica2000,8056597794381,Miraflex 0MF4004 K617,Miraflex,,Violeta,Inyectado,Rectángulo,Aro Completo,Junior,95.0,15.0,40.0,120.0,0MF4004 K617,23.0,46.0,46.0,True,50.0,True,True,True,False,2026-08-02T09:41:33+00:00
https://www.optica2000.com/gafas-graduadas/miraflex-0mf4005-k583-44-15/7895653261815,optica2000,7895653261815,Miraflex 0MF4005 K583,Miraflex,,Transparente,Inyectado,Cuadrado,Aro Completo,Junior,103.0,15.0,44.0,130.0,0MF4005 K583,46.0,,46.0,False,,False,True,True,True,2026-08-02T09:32:24+00:00
https://www.optica2000.com/gafas-graduadas/miraflex-0mf4005-k584-44-15/7895653261822,optica2000,7895653261822,Miraflex 0MF4005 K584,Miraflex,,Azul,Inyectado,Cuadrado,Aro Completo,Junior,103.0,15.0,44.0,130.0,0MF4005 K584,46.0,,46.0,False,,False,True,True,True,2026-08-02T09:39:57+00:00
https://www.optica2000.com/gafas-graduadas/miraflex-0mf4007-l140-48-15/7895653267916,optica2000,7895653267916,Miraflex 0MF4007 L140,Miraflex,,Transparente,Inyectado,Rectángulo,Aro Completo,Junior,111.0,15.0,48.0,130.0,0MF4007 L140,19.5,39.0,39.0,True,50.0,True,True,True,False,2026-08-02T10:06:41+00:00
https://www.optica2000.com/gafas-graduadas/miraflex-0mf4008-l132-40-15/7895653267992,optica2000,7895653267992,Miraflex 0MF4008 L132,Miraflex,,Transparente,Inyectado,Oval,Aro Completo,Junior,95.0,15.0,40.0,120.0,0MF4008 L132,46.0,,46.0,False,,False,True,True,True,2026-08-02T09:38:35+00:00
https://www.optica2000.com/gafas-graduadas/miraflex-0mf4008-l133-40-15/7895653268005,optica2000,7895653268005,Miraflex 0MF4008 L133,Miraflex,,Azul,Inyectado,Oval,Aro Completo,Junior,95.0,15.0,40.0,120.0,0MF4008 L133,23.0,46.0,46.0,True,50.0,True,True,True,False,2026-08-02T09:54:18+00:00
https://www.optica2000.com/gafas-graduadas/miraflex-mf4015/7895653280090,optica2000,7895653280090,Miraflex MF4015 L377,Miraflex,,Rojo,Inyectado,Redondo,Aro Completo,Junior,113.0,17.0,48.0,135.0,MF4015 L377,37.8,54.0,54.0,True,30.0,True,True,True,True,2026-08-02T09:59:49+00:00
https://www.optica2000.com/gafas-graduadas/miraflex-mf4015/7895653280106,optica2000,7895653280106,Miraflex MF4015 L378,Miraflex,,Gris,Inyectado,Redondo,Aro Completo,Junior,113.0,17.0,48.0,135.0,MF4015 L378,54.0,,54.0,False,,False,True,True,True,2026-08-02T10:00:53+00:00
https://www.optica2000.com/gafas-graduadas/miraflex-mf4026-n215/7895653206151,optica2000,7895653206151,Miraflex MF4026 N212,Miraflex,,Violeta,Inyectado,Rectángulo,Aro Completo,Junior,103.0,15.0,44.0,120.0,MF4026 N212,46.0,,46.0,False,,False,True,True,True,2026-08-02T09:56:22+00:00
https://www.optica2000.com/gafas-graduadas/miraflex-mf4026-n215/7895653206182,optica2000,7895653206182,Miraflex MF4026 N215,Miraflex,,Rosa,Inyectado,Rectángulo,Aro Completo,Junior,103.0,15.0,44.0,120.0,MF4026 N215,46.0,,46.0,False,,False,True,True,True,2026-08-02T10:02:17+00:00
https://www.optica2000.com/gafas-graduadas/miraflex-mf4026-n215/7895653206205,optica2000,7895653206205,Miraflex MF4026 N213,Miraflex,,Negro,Inyectado,Rectángulo,Aro Completo,Junior,103.0,15.0,44.0,120.0,MF4026 N213,46.0,,46.0,False,,False,True,True,True,2026-08-02T09:57:28+00:00
https://www.optica2000.com/gafas-graduadas/miraflex-mf4026-n215/7895653206212,optica2000,7895653206212,Miraflex MF4026 N214,Miraflex,,Transparente,Inyectado,Rectángulo,Aro Completo,Junior,105.0,15.0,45.0,130.0,MF4026 N214,46.0,,46.0,False,,False,True,True,True,2026-08-02T09:46:32+00:00
https://www.optica2000.com/gafas-graduadas/miraflex-mf4027-n216/7895653206243,optica2000,7895653206243,Miraflex MF4027 N217,Miraflex,,Azul,Inyectado,Cuadrado,Aro Completo,Junior,103.0,15.0,44.0,120.0,MF4027 N217,46.0,,46.0,False,,False,True,True,True,2026-08-02T09:44:33+00:00
https://www.optica2000.com/gafas-graduadas/miraflex-mf4027-n216/7895653206274,optica2000,7895653206274,Miraflex MF4027 N216,Miraflex,,Negro,Inyectado,Cuadrado,Aro Completo,Junior,111.0,15.0,48.0,130.0,MF4027 N216,46.0,,46.0,False,,False,True,True,True,2026-08-02T09:38:38+00:00
https://www.optica2000.com/gafas-graduadas/miraflex-mf4027-n216/7895653206298,optica2000,7895653206298,Miraflex MF4027 N218,Miraflex,,Transparente,Inyectado,Cuadrado,Aro Completo,Junior,111.0,15.0,48.0,130.0,MF4027 N218,46.0,,46.0,False,,False,True,True,True,2026-08-02T09:49:19+00:00
https://www.optica2000.com/gafas-graduadas/miraflex-mf4028-n221/7895653206366,optica2000,7895653206366,Miraflex MF4028 N221,Miraflex,,Azul,Inyectado,,,"Unisex, Mujer, Hombre",95.0,15.0,40.0,110.0,MF4028 N221,54.0,,54.0,False,,False,True,True,True,2026-08-02T09:55:25+00:00
https://www.optica2000.com/gafas-graduadas/miraflex-mf4028-n223/7895653206380,optica2000,7895653206380,Miraflex MF4028 N223,Miraflex,,Rosa,Inyectado,,,"Unisex, Mujer, Hombre",95.0,15.0,40.0,110.0,MF4028 N223,54.0,,54.0,False,,False,True,True,True,2026-08-02T09:45:45+00:00
https://www.optica2000.com/gafas-graduadas/miraflex-mf4029-n227/7895653206441,optica2000,7895653206441,Miraflex MF4029 N225,Miraflex,,Rosa,Inyectado,Rectángulo,Aro Completo,"Unisex, Hombre, Mujer",99.0,15.0,42.0,120.0,MF4029 N225,54.0,,54.0,False,,False,True,True,True,2026-08-02T09:41:38+00:00
https://www.optica2000.com/gafas-graduadas/miraflex-mf4029-n227/7895653206465,optica2000,7895653206465,Miraflex MF4029 N227,Miraflex,,Azul,Inyectado,Rectángulo,Aro Completo,"Unisex, Hombre, Mujer",99.0,15.0,42.0,120.0,MF4029 N227,54.0,,54.0,False,,False,True,True,True,2026-08-02T09:54:39+00:00
https://www.optica2000.com/gafas-graduadas/miraflex-mf4031-n232/7895653206595,optica2000,7895653206595,Miraflex MF4031 N232,Miraflex,,Violeta,Inyectado,Ojo de gato,Aro Completo,Junior,99.0,15.0,42.0,120.0,MF4031 N232,46.0,,46.0,False,,False,True,True,True,2026-08-02T09:41:45+00:00
https://www.optica2000.com/gafas-graduadas/miraflex-mf4032-n236/7895653206632,optica2000,7895653206632,Miraflex MF4032 N236,Miraflex,,Azul,Inyectado,,,Junior,107.0,15.0,46.0,130.0,MF4032 N236,46.0,,46.0,False,,False,True,True,True,2026-08-02T09:56:45+00:00
https://www.optica2000.com/gafas-graduadas/miraflex-mf4032-n237/7895653206687,optica2000,7895653206687,Miraflex MF4032 N237,Miraflex,,Gris,Inyectado,,,"Unisex, Mujer, Hombre",109.0,15.0,47.0,130.0,MF4032 N237,46.0,,46.0,False,,False,True,True,True,2026-08-02T09:54:03+00:00
https://www.optica2000.com/gafas-graduadas/miraflex-mf4032-n239/7895653206700,optica2000,7895653206700,Miraflex MF4032 N239,Miraflex,,Rosa,Inyectado,,,Junior,111.0,15.0,48.0,130.0,MF4032 N239,46.0,,46.0,False,,False,True,True,True,2026-08-02T09:44:07+00:00
https://www.optica2000.com/gafas-graduadas/miraflex-mf4036-n360/7895653212923,optica2000,7895653212923,Miraflex MF4036 N360,Miraflex,,Gris,Inyectado,Redondo,Aro Completo,Junior,110.0,16.0,47.0,130.0,MF4036 N360,54.0,,54.0,False,,False,True,True,True,2026-08-02T10:01:33+00:00
https://www.optica2000.com/gafas-graduadas/miraflex-mf4039-n353/7895653213500,optica2000,7895653213500,Miraflex MF4039 N353,Miraflex,,Violeta,Inyectado,Ojo de gato,Aro Completo,Junior,116.0,16.0,50.0,130.0,MF4039 N353,54.0,,54.0,False,,False,True,True,True,2026-08-02T09:40:54+00:00
https://www.optica2000.com/gafas-graduadas/miraflex-mf4039-n353/7895653213579,optica2000,7895653213579,Miraflex MF4039 N355,Miraflex,,Transparente,Inyectado,Ojo de gato,Aro Completo,Junior,116.0,16.0,50.0,130.0,MF4039 N355,54.0,,54.0,False,,False,True,True,True,2026-08-02T09:46:02+00:00
https://www.optica2000.com/gafas-graduadas/miraflex-mf4040-n357/7895653213593,optica2000,7895653213593,Miraflex MF4040 N357,Miraflex,,Gris,Inyectado,Irregular,Aro Completo,Junior,119.0,15.0,52.0,130.0,MF4040 N357,54.0,,54.0,False,,False,True,True,True,2026-08-02T10:07:10+00:00
https://www.optica2000.com/gafas-graduadas/miraflex-mf4040-n357/7895653213609,optica2000,7895653213609,Miraflex MF4040 N358,Miraflex,,Negro,Inyectado,Irregular,Aro Completo,Junior,119.0,15.0,52.0,130.0,MF4040 N358,54.0,,54.0,False,,False,True,True,True,2026-08-02T10:06:25+00:00
https://www.optica2000.com/gafas-graduadas/moncler-me1003-1004/8056262500132,optica2000,8056262500132,Moncler ME1003 1004,Moncler,,Plata,Acero,Irregular,Aro Completo,"Unisex, Hombre, Mujer",128.0,18.0,55.0,140.0,ME1003 1004,340.0,,340.0,False,,False,True,True,True,2026-08-02T09:39:30+00:00
https://www.optica2000.com/gafas-graduadas/moncler-me2012-3001/8056262448083,optica2000,8056262448083,Moncler ME2012 3001,Moncler,,Negro,Acetato,Redondo,Aro Completo,"Unisex, Hombre, Mujer",126.0,20.0,53.0,145.0,ME2012 3001,280.0,,280.0,False,,False,True,True,True,2026-08-02T10:08:33+00:00
https://www.optica2000.com/gafas-graduadas/moncler-me2012-3003/8056262448113,optica2000,8056262448113,Moncler ME2012 3003,Moncler,,Marrón,Acetato,Redondo,Aro Completo,"Unisex, Hombre, Mujer",122.0,20.0,51.0,145.0,ME2012 3003,280.0,,280.0,False,,False,True,True,False,2026-08-02T10:07:16+00:00
https://www.optica2000.com/gafas-graduadas/nanovista-campernao3040146-01-46-14/8435648709602,optica2000,8435648709602,Nanovista CAMPER NAO3040146 1,Nanovista,,Rosa,Plástico,Cuadrado,Aro Completo,Junior,,14.0,46.0,,CAMPER NAO3040146 1,99.0,,99.0,False,,False,True,True,True,2026-08-02T10:02:22+00:00
https://www.optica2000.com/gafas-graduadas/nanovista-crewnao571846sc-08-46-17/8435449131732,optica2000,8435449131732,Nanovista CREW NAO571846SC 8,Nanovista,,Azul,Plástico,Rectángulo,Aro Completo,Hombre,,17.0,46.0,,CREW NAO571846SC 8,55.0,110.0,110.0,True,50.0,True,True,True,False,2026-08-02T09:44:20+00:00
https://www.optica2000.com/gafas-graduadas/nanovista-nao3030450-marino-50-15/8435648709404,optica2000,8435648709404,Nanovista NAO3030450 MARINO,Nanovista,,Azul,Plástico,Cuadrado,Aro Completo,Junior,115.0,15.0,50.0,127.0,NAO3030450 MARINO,99.0,,99.0,False,,False,True,True,False,2026-08-02T09:52:18+00:00
https://www.optica2000.com/gafas-graduadas/nanovista-nao3040746-marino-46-14/8435648709817,optica2000,8435648709817,Nanovista NAO3040746 MARINO,Nanovista,,Azul,Plástico,Rectángulo,Aro Completo,Hombre,106.0,14.0,46.0,127.0,NAO3040746 MARINO,69.3,99.0,99.0,True,30.0,True,True,True,True,2026-08-02T10:07:53+00:00
https://www.optica2000.com/gafas-graduadas/nanovista-nao3160350-grirojaz-48-17/8435648711933,optica2000,8435648711933,Nanovista NAO3160350 GRI ROJ AZ,Nanovista,,Gris,Plástico,Cuadrado,Aro Completo,Hombre,113.0,17.0,48.0,,NAO3160350 GRI ROJ AZ,49.5,99.0,99.0,True,50.0,True,True,True,False,2026-08-02T09:47:17+00:00
https://www.optica2000.com/gafas-graduadas/nuance-aw5001-06/8056262233153,optica2000,8056262233153,Nuance Audio AW5001 Gafas auditivas,Nuance Audio,,Rojo,Acetato,Rectángulo Cuadrado,,"Unisex, Hombre, Mujer",126.0,18.0,54.0,150.0,AW5001 Gafas auditivas,770.0,,770.0,False,,False,True,True,False,2026-08-02T10:07:30+00:00
https://www.optica2000.com/gafas-graduadas/nuance-aw5001-06/8056262233184,optica2000,8056262233184,Nuance Audio AW5001 Gafas auditivas,Nuance Audio,,Negro,Acetato,Rectángulo Cuadrado,,"Unisex, Hombre, Mujer",126.0,18.0,54.0,150.0,AW5001 Gafas auditivas,770.0,,770.0,False,,False,True,True,False,2026-08-02T10:04:09+00:00
https://www.optica2000.com/gafas-graduadas/nuance-aw5001-06/8056262316665,optica2000,8056262316665,Nuance Audio AW5001 Gafas auditivas,Nuance Audio,,Azul,Acetato,Rectángulo Cuadrado,,"Unisex, Hombre, Mujer",126.0,18.0,54.0,150.0,AW5001 Gafas auditivas,770.0,,770.0,False,,False,True,True,True,2026-08-02T10:00:56+00:00
https://www.optica2000.com/gafas-graduadas/nuance-aw5002-06/8056262234617,optica2000,8056262234617,Nuance Audio AW5002 Gafas auditivas,Nuance Audio,,Rojo,Acetato,Redondo,,"Unisex, Hombre, Mujer",118.0,22.0,48.0,150.0,AW5002 Gafas auditivas,770.0,,770.0,False,,False,True,True,False,2026-08-02T09:56:43+00:00
https://www.optica2000.com/gafas-graduadas/nuance-aw5002-06/8056262234648,optica2000,8056262234648,Nuance Audio AW5002 Gafas auditivas,Nuance Audio,,Negro,Acetato,Redondo,,"Unisex, Hombre, Mujer",118.0,22.0,48.0,150.0,AW5002 Gafas auditivas,770.0,,770.0,False,,False,True,True,False,2026-08-02T10:07:42+00:00
https://www.optica2000.com/gafas-graduadas/nuance-aw5002-06/8056262666319,optica2000,8056262666319,Nuance Audio AW5002 Gafas auditivas,Nuance Audio,,Azul,Acetato,Redondo,,"Unisex, Hombre, Mujer",118.0,22.0,48.0,150.0,AW5002 Gafas auditivas,770.0,,770.0,False,,False,True,True,False,2026-08-02T10:03:40+00:00
https://www.optica2000.com/gafas-graduadas/nuance-aw5004-06/8056262234228,optica2000,8056262234228,Nuance Audio AW5004 Gafas auditivas,Nuance Audio,,Rojo,Acetato,Rectángulo Cuadrado,,"Unisex, Hombre, Mujer",130.0,18.0,56.0,150.0,AW5004 Gafas auditivas,770.0,,770.0,False,,False,True,True,False,2026-08-02T09:48:43+00:00
https://www.optica2000.com/gafas-graduadas/nuance-aw5004-06/8056262234259,optica2000,8056262234259,Nuance Audio AW5004 Gafas auditivas,Nuance Audio,,Negro,Acetato,Rectángulo Cuadrado,,"Unisex, Hombre, Mujer",130.0,18.0,56.0,150.0,AW5004 Gafas auditivas,770.0,,770.0,False,,False,True,True,False,2026-08-02T10:02:37+00:00
https://www.optica2000.com/gafas-graduadas/nuance-aw5004-06/8056262666326,optica2000,8056262666326,Nuance Audio AW5004 Gafas auditivas,Nuance Audio,,Azul,Acetato,Rectángulo Cuadrado,,"Unisex, Hombre, Mujer",130.0,18.0,56.0,150.0,AW5004 Gafas auditivas,770.0,,770.0,False,,False,True,True,False,2026-08-02T10:00:37+00:00
https://www.optica2000.com/gafas-graduadas/oakley-0ox3218-321804-54-18/888392254672,optica2000,888392254672,Oakley 0OX3218 321804,Oakley,,Negro,C_5,Rectángulo,Semi Al Aire,Hombre,126.0,18.0,54.0,136.0,0OX3218 321804,179.0,,179.0,False,,False,True,True,True,2026-08-02T09:41:57+00:00
https://www.optica2000.com/gafas-graduadas/oakley-0ox3227-322701-55-17/888392287915,optica2000,888392287915,Oakley 0OX3227 322701,Oakley,,Negro,C_5,Rectángulo,Aro Completo,Hombre,127.0,17.0,55.0,139.0,0OX3227 322701,184.0,,184.0,False,,False,True,True,False,2026-08-02T09:59:08+00:00
https://www.optica2000.com/gafas-graduadas/oakley-0ox3227-322709-55-17/888392596277,optica2000,888392596277,Oakley 0OX3227 322709,Oakley,,Bronce,C_5,Rectángulo,Aro Completo,Hombre,127.0,17.0,55.0,139.0,0OX3227 322709,191.0,,191.0,False,,False,True,True,True,2026-08-02T09:53:04+00:00
https://www.optica2000.com/gafas-graduadas/oakley-0ox5118-511801-53-18/888392192677,optica2000,888392192677,Oakley 0OX5118 511801,Oakley,,Verde,Titanio,Rectángulo,Rimless,Hombre,124.0,18.0,53.0,139.0,0OX5118 511801,251.0,,251.0,False,,False,True,True,True,2026-08-02T09:43:50+00:00
https://www.optica2000.com/gafas-graduadas/oakley-0ox8032-803201-55-16/888392561787,optica2000,888392561787,Oakley 0OX8032 803201,Oakley,,Negro,O_matter,Rectángulo,Aro Completo,Hombre,126.0,16.0,55.0,141.0,0OX8032 803201,147.0,,147.0,False,,False,True,True,True,2026-08-02T09:55:54+00:00
https://www.optica2000.com/gafas-graduadas/oakley-0ox8081-808101-53-18/888392193032,optica2000,888392193032,Oakley 0OX8081 808101,Oakley,,Negro,O_matter,Rectángulo,Aro Completo,"Unisex, Hombre, Mujer",124.0,18.0,53.0,139.0,0OX8081 808101,142.0,,142.0,False,,False,True,True,True,2026-08-02T09:44:08+00:00
https://www.optica2000.com/gafas-graduadas/oakley-0ox8081-808103-51-18/888392192288,optica2000,888392192288,Oakley 0OX8081 808103,Oakley,,Azul,O_matter,Rectángulo,Aro Completo,"Unisex, Hombre, Mujer",120.0,18.0,51.0,139.0,0OX8081 808103,135.0,,135.0,False,,False,True,True,False,2026-08-02T10:09:28+00:00
https://www.optica2000.com/gafas-graduadas/oakley-0ox8139-813905-50-21/888392604804,optica2000,888392604804,Oakley 0OX8139 813905,Oakley,,Transparente,O_matter,Redondo,Aro Completo,Hombre,121.0,21.0,50.0,140.0,0OX8139 813905,167.0,,167.0,False,,False,True,True,True,2026-08-02T09:59:22+00:00
https://www.optica2000.com/gafas-graduadas/oakley-0ox8153-815305-55-17/888392407733,optica2000,888392407733,Oakley 0OX8153 815305,Oakley,,Gris,O_matter,Rectángulo,Aro Completo,Hombre,127.0,17.0,55.0,136.0,0OX8153 815305,201.0,,201.0,False,,False,True,True,True,2026-08-02T09:59:02+00:00
https://www.optica2000.com/gafas-graduadas/oakley-0ox8153-815311-53-17/888392596604,optica2000,888392596604,Oakley 0OX8153 815311,Oakley,,Verde,O_matter,Rectángulo,Aro Completo,Hombre,123.0,17.0,53.0,136.0,0OX8153 815311,201.0,,201.0,False,,False,True,True,True,2026-08-02T10:00:08+00:00
https://www.optica2000.com/gafas-graduadas/oakley-0ox8173-817302-55-16/888392546340,optica2000,888392546340,Oakley 0OX8173 817302,Oakley,,Negro,O_matter,Cuadrado,Aro Completo,Hombre,126.0,16.0,55.0,141.0,0OX8173 817302,82.5,165.0,165.0,True,50.0,True,True,True,False,2026-08-02T10:00:22+00:00
https://www.optica2000.com/gafas-graduadas/oakley-0ox8178-817803-55-18/888392612885,optica2000,888392612885,Oakley 0OX8178 817803,Oakley,,Transparente,O_matter,Rectángulo,Aro Completo,Hombre,128.0,18.0,55.0,142.0,0OX8178 817803,136.0,,136.0,False,,False,True,True,True,2026-08-02T09:47:55+00:00
https://www.optica2000.com/gafas-graduadas/oakley-enigma-mass-ox8191-819101/888392662361,optica2000,888392662361,Oakley OX8191 819101,Oakley,,Negro,O_matter,Cuadrado,Aro Completo,"Unisex, Hombre, Mujer",129.0,15.0,57.0,141.0,OX8191 819101,201.0,,201.0,False,,False,True,True,True,2026-08-02T10:08:57+00:00
https://www.optica2000.com/gafas-graduadas/oakley-enigma-mass-ox8191-819104/888392662439,optica2000,888392662439,Oakley OX8191 819104,Oakley,,Negro,O_matter,Cuadrado,Aro Completo,"Unisex, Hombre, Mujer",125.0,15.0,55.0,141.0,OX8191 819104,194.0,,194.0,False,,False,True,True,True,2026-08-02T10:05:02+00:00
https://www.optica2000.com/gafas-graduadas/oakley-fuller-ox3227-322701/888392459114,optica2000,888392459114,Oakley OX3227 322701,Oakley,,Negro,C_5,Rectángulo,Aro Completo,Hombre,131.0,17.0,57.0,139.0,OX3227 322701,191.0,,191.0,False,,False,True,True,True,2026-08-02T09:40:26+00:00
https://www.optica2000.com/gafas-graduadas/oakley-kylian-mbappe-signature-series-enigma-mass-ox8191-819106/888392676634,optica2000,888392676634,Oakley Kylian Mbappe© Signature Series Enigma Mass OX8191 819106,Oakley,,Marrón,O_matter,Cuadrado,Aro Completo,"Unisex, Hombre, Mujer",125.0,15.0,55.0,141.0,Kylian Mbappe© Signature Series Enigma Mass OX8191 819106,221.0,,221.0,False,,False,True,True,True,2026-08-02T09:54:24+00:00
https://www.optica2000.com/gafas-graduadas/oakley-ox8184/888392618948,optica2000,888392618948,Oakley OX8184 Exchange R OX8184 818402,Oakley,,Gris,O_matter,Redondo,Aro Completo,Hombre,126.0,16.0,55.0,135.0,OX8184 Exchange R OX8184 818402,184.0,,184.0,False,,False,True,True,True,2026-08-02T09:32:14+00:00
https://www.optica2000.com/gafas-graduadas/oakley-ox8184/888392618955,optica2000,888392618955,Oakley OX8184 Exchange R OX8184 818403,Oakley,,Transparente,O_matter,Redondo,Aro Completo,Hombre,122.0,16.0,53.0,135.0,OX8184 Exchange R OX8184 818403,184.0,,184.0,False,,False,True,True,True,2026-08-02T09:58:30+00:00
https://www.optica2000.com/gafas-graduadas/oakley-rafter-ox8178-817801/888392612830,optica2000,888392612830,Oakley OX8178 817801,Oakley,,Negro,O_matter,Rectángulo,Aro Completo,Hombre,132.0,18.0,57.0,142.0,OX8178 817801,136.0,,136.0,False,,False,True,True,True,2026-08-02T09:59:17+00:00
https://www.optica2000.com/gafas-graduadas/oakley-socket-5-5-ox3218-321803/888392446930,optica2000,888392446930,Oakley OX3218 321803,Oakley,,Azul,C_5,Rectángulo,Semi Al Aire,Hombre,130.0,18.0,56.0,140.0,OX3218 321803,179.0,,179.0,False,,False,True,True,True,2026-08-02T09:44:16+00:00
https://www.optica2000.com/gafas-graduadas/oakley-stunt-glider-ox8198-819802/888392678898,optica2000,888392678898,Oakley Stunt Glider OX8198 819802,Oakley,,Gris,O_matter,Rectángulo,Semi al Aire,"Unisex, Hombre, Mujer",135.0,11.0,62.0,137.0,Stunt Glider OX8198 819802,210.0,,210.0,False,,False,True,True,True,2026-08-02T10:01:01+00:00
https://www.optica2000.com/gafas-graduadas/oakley-wheel-house-ox8166-816608/888392647610,optica2000,888392647610,Oakley OX8166 816608,Oakley,,Negro,O_matter,,Aro Completo,Hombre,120.0,16.0,52.0,140.0,OX8166 816608,184.0,,184.0,False,,False,True,True,True,2026-08-02T09:42:00+00:00
https://www.optica2000.com/gafas-graduadas/oakley-wingfold-evs-ox5115-511502/888392192387,optica2000,888392192387,Oakley OX5115 511502,Oakley,,Negro,Titanio,Cuadrado,Al Aire,Hombre,124.0,18.0,53.0,139.0,OX5115 511502,251.0,,251.0,False,,False,True,True,True,2026-08-02T10:01:34+00:00
https://www.optica2000.com/gafas-graduadas/persol-0po2486v-1109-51-19/8056597543910,optica2000,8056597543910,Persol 0PO2486V 1109,Persol,,Oro,Metal,Redondo,Aro Completo,"Unisex, Hombre, Mujer",121.0,19.0,51.0,145.0,0PO2486V 1109,132.5,265.0,265.0,True,50.0,True,True,True,False,2026-08-02T09:51:56+00:00
https://www.optica2000.com/gafas-graduadas/persol-0po3007vm-24-50-19/8056597057455,optica2000,8056597057455,Persol 0PO3007VM 24,Persol,,Havana,Acetato,Cuadrado,Aro Completo,Hombre,119.0,19.0,50.0,145.0,0PO3007VM 24,240.0,,240.0,False,,False,True,True,True,2026-08-02T09:52:52+00:00
https://www.optica2000.com/gafas-graduadas/persol-0po3092v-9015-48-19/8053672294507,optica2000,8053672294507,Persol 0PO3092V 9015,Persol,,Havana,Acetato,Redondo,Aro Completo,Hombre,115.0,19.0,48.0,145.0,0PO3092V 9015,230.0,,230.0,False,,False,True,True,True,2026-08-02T09:48:23+00:00
https://www.optica2000.com/gafas-graduadas/persol-0po3189v-1053-55-18/8053672825558,optica2000,8053672825558,Persol 0PO3189V 1053,Persol,,Azul,Acetato,Cuadrado,Aro Completo,Hombre,128.0,18.0,55.0,145.0,0PO3189V 1053,122.5,245.0,245.0,True,50.0,True,True,True,False,2026-08-02T09:55:58+00:00
https://www.optica2000.com/gafas-graduadas/persol-0po3189v-24-53-18/8053672825480,optica2000,8053672825480,Persol 0PO3189V 24,Persol,,Marrón,Acetato,Cuadrado,Aro Completo,Hombre,124.0,18.0,53.0,145.0,0PO3189V 24,255.0,,255.0,False,,False,True,True,True,2026-08-02T10:01:49+00:00
https://www.optica2000.com/gafas-graduadas/persol-0po3258v-95-48-21/8056597355384,optica2000,8056597355384,Persol 0PO3258V 95,Persol,,Negro,Acetato,Redondo,Aro Completo,"Unisex, Hombre, Mujer",117.0,21.0,48.0,145.0,0PO3258V 95,100.0,200.0,200.0,True,50.0,True,True,True,False,2026-08-02T09:51:09+00:00
https://www.optica2000.com/gafas-graduadas/persol-0po3281v-95-50-21/8056597540001,optica2000,8056597540001,Persol 0PO3281V 95,Persol,,Negro,Acetato,Redondo,Aro Completo,"Unisex, Hombre, Mujer",121.0,21.0,50.0,145.0,0PO3281V 95,132.5,265.0,265.0,True,50.0,True,True,True,False,2026-08-02T09:43:19+00:00
https://www.optica2000.com/gafas-graduadas/persol-0po3329v-1103-54-18/8056597923613,optica2000,8056597923613,Persol 0PO3329V 1103,Persol,,Gris,Acetato,Aviador,Aro Completo,"Unisex, Hombre, Mujer",126.0,18.0,54.0,145.0,0PO3329V 1103,285.0,,285.0,False,,False,True,True,True,2026-08-02T09:52:39+00:00
https://www.optica2000.com/gafas-graduadas/persol-0po3329v-24-54-18/8056597923668,optica2000,8056597923668,Persol 0PO3329V 24,Persol,,Havana,Acetato,Aviador,Aro Completo,"Unisex, Hombre, Mujer",126.0,18.0,54.0,145.0,0PO3329V 24,295.0,,295.0,False,,False,True,True,True,2026-08-02T09:50:41+00:00
https://www.optica2000.com/gafas-graduadas/persol-0po3337v-24-52-19/8056597923132,optica2000,8056597923132,Persol 0PO3337V 24,Persol,,Havana,Acetato,Redondo,Aro Completo,"Unisex, Hombre, Mujer",123.0,19.0,52.0,145.0,0PO3337V 24,240.0,,240.0,False,,False,True,True,False,2026-08-02T09:45:48+00:00
https://www.optica2000.com/gafas-graduadas/persol-0po3339v-95-54-20/8056597923019,optica2000,8056597923019,Persol 0PO3339V 95,Persol,,Negro,Acetato,Rectángulo,Aro Completo,"Unisex, Hombre, Mujer",128.0,20.0,54.0,145.0,0PO3339V 95,235.0,,235.0,False,,False,True,True,True,2026-08-02T09:54:57+00:00
https://www.optica2000.com/gafas-graduadas/persol-lynn-po3371v-24/8056262357651,optica2000,8056262357651,Persol PO3371V 24,Persol,,Havana,Acetato,Aviador,Aro Completo,"Unisex, Hombre, Mujer",125.0,19.0,53.0,145.0,PO3371V 24,275.0,,275.0,False,,False,True,True,True,2026-08-02T09:56:54+00:00
https://www.optica2000.com/gafas-graduadas/persol-lynn-po3371v-95/8056262357682,optica2000,8056262357682,Persol PO3371V 95,Persol,,Negro,Acetato,Aviador,Aro Completo,"Unisex, Hombre, Mujer",129.0,19.0,55.0,145.0,PO3371V 95,275.0,,275.0,False,,False,True,True,True,2026-08-02T09:50:42+00:00
https://www.optica2000.com/gafas-graduadas/persol-po3189v-1196/8056597995610,optica2000,8056597995610,Persol PO3189V 1196,Persol,,Gris,Acetato,Cuadrado,Aro Completo,Hombre,128.0,18.0,55.0,145.0,PO3189V 1196,255.0,,255.0,False,,False,True,True,True,2026-08-02T10:08:11+00:00
https://www.optica2000.com/gafas-graduadas/persol-po3343v/8056597984164,optica2000,8056597984164,Persol PO3343V 1052,Persol,,Havana,Acetato,Panto,,Unisex,123.0,21.0,51.0,145.0,PO3343V 1052,255.0,,255.0,False,,False,True,True,True,2026-08-02T10:02:40+00:00
https://www.optica2000.com/gafas-graduadas/persol-po3368v-24/8056262350157,optica2000,8056262350157,Persol PO3368V 24,Persol,,Havana,Acetato,,,"Unisex, Hombre, Mujer",130.0,18.0,56.0,145.0,PO3368V 24,275.0,,275.0,False,,False,True,True,True,2026-08-02T09:57:15+00:00
https://www.optica2000.com/gafas-graduadas/persol-po3368v-95/8056262350171,optica2000,8056262350171,Persol PO3368V 95,Persol,,Negro,Acetato,Aviador,Aro Completo,"Unisex, Hombre, Mujer",130.0,18.0,56.0,145.0,PO3368V 95,275.0,,275.0,False,,False,True,True,True,2026-08-02T09:51:00+00:00
https://www.optica2000.com/gafas-graduadas/persol-po3372v-1223/8056262360309,optica2000,8056262360309,Persol PO3372V 1223,Persol,,Burdeos,Acetato,,,"Unisex, Hombre, Mujer",127.0,21.0,53.0,145.0,PO3372V 1223,245.0,,245.0,False,,False,True,True,True,2026-08-02T09:59:04+00:00
https://www.optica2000.com/gafas-graduadas/persol-po3372v-95/8056262360361,optica2000,8056262360361,Persol PO3372V 95,Persol,,Negro,Acetato,Cuadrado,Aro Completo,"Unisex, Hombre, Mujer",127.0,21.0,53.0,145.0,PO3372V 95,255.0,,255.0,False,,False,True,True,True,2026-08-02T10:01:36+00:00
https://www.optica2000.com/gafas-graduadas/polo-ralph-lauren-ph1190-9157/8056597050579,optica2000,8056597050579,Polo Ralph Lauren PH1190 9157,Polo Ralph Lauren,,Gris,Metal,Rectángulo,Aro Completo,Hombre,129.0,17.0,56.0,145.0,PH1190 9157,139.0,,139.0,False,,False,True,True,True,2026-08-02T10:02:28+00:00
https://www.optica2000.com/gafas-graduadas/polo-ralph-lauren-ph1215-9215/8056262049716,optica2000,8056262049716,Polo Ralph Lauren PH1215 9215,Polo Ralph Lauren,,Gris,Metal,Rectángulo,Aro Completo,Hombre,125.0,17.0,54.0,145.0,PH1215 9215,139.0,,139.0,False,,False,True,True,True,2026-08-02T09:32:00+00:00
https://www.optica2000.com/gafas-graduadas/polo-ralph-lauren-ph1238-9223/8056262396797,optica2000,8056262396797,Polo Ralph Lauren PH1238 9223,Polo Ralph Lauren,,Negro,Metal,Redondo,Aro Completo,Hombre,127.0,19.0,54.0,145.0,PH1238 9223,150.0,,150.0,False,,False,True,True,True,2026-08-02T09:41:36+00:00
https://www.optica2000.com/gafas-graduadas/polo-ralph-lauren-ph1238-9223/8056262396872,optica2000,8056262396872,Polo Ralph Lauren PH1238 9436,Polo Ralph Lauren,,Azul,Metal,Redondo,Aro Completo,Hombre,123.0,19.0,52.0,145.0,PH1238 9436,150.0,,150.0,False,,False,True,True,True,2026-08-02T10:08:21+00:00
https://www.optica2000.com/gafas-graduadas/polo-ralph-lauren-ph1243-9215/8056262533277,optica2000,8056262533277,Polo Ralph Lauren PH1243 9215,Polo Ralph Lauren,,Gris,Metal,Rectángulo,Aro Completo,Hombre,132.0,16.0,58.0,145.0,PH1243 9215,165.0,,165.0,False,,False,True,True,True,2026-08-02T10:06:32+00:00
https://www.optica2000.com/gafas-graduadas/polo-ralph-lauren-ph1243-9215/8056262533321,optica2000,8056262533321,Polo Ralph Lauren PH1243 9273,Polo Ralph Lauren,,Azul,Metal,Rectángulo,Aro Completo,Hombre,128.0,16.0,56.0,145.0,PH1243 9273,165.0,,165.0,False,,False,True,True,True,2026-08-02T09:46:43+00:00
https://www.optica2000.com/gafas-graduadas/polo-ralph-lauren-ph1244-9215/8056262830338,optica2000,8056262830338,Polo Ralph Lauren PH1244 9215,Polo Ralph Lauren,,Gris,Metal,Rectángulo,Aro Completo,Hombre,132.0,18.0,57.0,150.0,PH1244 9215,150.0,,150.0,False,,False,True,True,True,2026-08-02T09:40:14+00:00
https://www.optica2000.com/gafas-graduadas/polo-ralph-lauren-ph1244-9215/8056262830383,optica2000,8056262830383,Polo Ralph Lauren PH1244 9224,Polo Ralph Lauren,,Negro,Metal,Rectángulo,Aro Completo,Hombre,136.0,18.0,59.0,150.0,PH1244 9224,150.0,,150.0,False,,False,True,True,True,2026-08-02T09:42:17+00:00
https://www.optica2000.com/gafas-graduadas/polo-ralph-lauren-ph1244-9215/8056262830567,optica2000,8056262830567,Polo Ralph Lauren PH1244 9364,Polo Ralph Lauren,,Azul,Metal,Rectángulo,Aro Completo,Hombre,136.0,18.0,59.0,150.0,PH1244 9364,150.0,,150.0,False,,False,True,True,True,2026-08-02T09:46:26+00:00
https://www.optica2000.com/gafas-graduadas/polo-ralph-lauren-ph2117/8053672240061,optica2000,8053672240061,Polo Ralph Lauren PH2117 5470,Polo Ralph Lauren,,Azul,Acetato,Rectángulo Cuadrado,,Hombre,124.0,16.0,54.0,145.0,PH2117 5470,150.0,,150.0,False,,False,True,True,True,2026-08-02T09:32:30+00:00
https://www.optica2000.com/gafas-graduadas/polo-ralph-lauren-ph2267-5001/8056597912969,optica2000,8056597912969,Polo Ralph Lauren PH2267 5001,Polo Ralph Lauren,,Negro,Acetato,Cuadrado,Aro Completo,Hombre,124.0,20.0,52.0,145.0,PH2267 5001,165.0,,165.0,False,,False,True,True,True,2026-08-02T09:48:08+00:00
https://www.optica2000.com/gafas-graduadas/polo-ralph-lauren-ph2277/8056262018705,optica2000,8056262018705,Polo Ralph Lauren PH2277 6137,Polo Ralph Lauren,,Havana,Acetato,Rectángulo Cuadrado,,Hombre,124.0,20.0,52.0,145.0,PH2277 6137,221.0,,221.0,False,,False,True,True,False,2026-08-02T09:51:53+00:00
https://www.optica2000.com/gafas-graduadas/polo-ralph-lauren-ph2283u-5465/8056262185346,optica2000,8056262185346,Polo Ralph Lauren PH2283U 5465,Polo Ralph Lauren,,Azul,Acetato,Redondo,Aro Completo,Hombre,120.0,20.0,50.0,145.0,PH2283U 5465,125.3,179.0,179.0,True,30.0,True,True,True,True,2026-08-02T10:01:45+00:00
https://www.optica2000.com/gafas-graduadas/polo-ralph-lauren-ph2290u-5001/8056262396957,optica2000,8056262396957,Polo Ralph Lauren PH2290U 5001,Polo Ralph Lauren,,Negro,Inyectado,Rectángulo,Aro Completo,Hombre,125.0,17.0,54.0,145.0,PH2290U 5001,139.0,,139.0,False,,False,True,True,True,2026-08-02T10:02:10+00:00
https://www.optica2000.com/gafas-graduadas/polo-ralph-lauren-ph2290u-5620/8056262396988,optica2000,8056262396988,Polo Ralph Lauren PH2290U 5620,Polo Ralph Lauren,,Azul,Inyectado,Rectángulo,Aro Completo,Hombre,129.0,17.0,56.0,145.0,PH2290U 5620,139.0,,139.0,False,,False,True,True,True,2026-08-02T09:57:09+00:00
https://www.optica2000.com/gafas-graduadas/polo-ralph-lauren-ph2295u-5003/8056262538258,optica2000,8056262538258,Polo Ralph Lauren PH2295U 5003,Polo Ralph Lauren,,Havana,Acetato,Cuadrado,Aro Completo,Hombre,127.0,17.0,55.0,145.0,PH2295U 5003,165.0,,165.0,False,,False,True,True,True,2026-08-02T10:06:17+00:00
https://www.optica2000.com/gafas-graduadas/polo-ralph-lauren-ph2295u-5003/8056262538302,optica2000,8056262538302,Polo Ralph Lauren PH2295U 6314,Polo Ralph Lauren,,Azul,Acetato,Cuadrado,Aro Completo,Hombre,123.0,17.0,53.0,145.0,PH2295U 6314,165.0,,165.0,False,,False,True,True,True,2026-08-02T09:39:05+00:00
https://www.optica2000.com/gafas-graduadas/polo-ralph-lauren-ph2297-6315/8056262538388,optica2000,8056262538388,Polo Ralph Lauren PH2297 6314,Polo Ralph Lauren,,Azul,Acetato,Redondo,Aro Completo,Hombre,116.0,20.0,48.0,145.0,PH2297 6314,165.0,,165.0,False,,False,True,True,True,2026-08-02T09:41:27+00:00
https://www.optica2000.com/gafas-graduadas/polo-ralph-lauren-ph2297-6315/8056262538456,optica2000,8056262538456,Polo Ralph Lauren PH2297 6315,Polo Ralph Lauren,,Marrón,Acetato,Redondo,Aro Completo,Hombre,120.0,20.0,50.0,145.0,PH2297 6315,165.0,,165.0,False,,False,True,True,True,2026-08-02T09:43:37+00:00
https://www.optica2000.com/gafas-graduadas/polo-ralph-lauren-ph2301u-5735/8056262832998,optica2000,8056262832998,Polo Ralph Lauren PH2301U 5735,Polo Ralph Lauren,,Azul,Inyectado,Rectángulo,Aro Completo,Hombre,129.0,17.0,56.0,150.0,PH2301U 5735,129.0,,129.0,False,,False,True,True,True,2026-08-02T09:43:40+00:00
https://www.optica2000.com/gafas-graduadas/polo-ralph-lauren-ph2301u-5735/8056262833070,optica2000,8056262833070,Polo Ralph Lauren PH2301U 6312,Polo Ralph Lauren,,Verde,Inyectado,Rectángulo,Aro Completo,Hombre,129.0,17.0,56.0,150.0,PH2301U 6312,129.0,,129.0,False,,False,True,True,True,2026-08-02T09:50:18+00:00
https://www.optica2000.com/gafas-graduadas/polo-ralph-lauren-ph2301u-5735/8056262833148,optica2000,8056262833148,Polo Ralph Lauren PH2301U 6362,Polo Ralph Lauren,,Gris,Inyectado,Rectángulo,Aro Completo,Hombre,133.0,17.0,58.0,150.0,PH2301U 6362,129.0,,129.0,False,,False,True,True,True,2026-08-02T09:44:22+00:00
https://www.optica2000.com/gafas-graduadas/polo-ralph-lauren-ph2302u-5001/8056262833216,optica2000,8056262833216,Polo Ralph Lauren PH2302U 5001,Polo Ralph Lauren,,Negro,Acetato,Rectángulo,Aro Completo,Hombre,127.0,17.0,55.0,145.0,PH2302U 5001,139.0,,139.0,False,,False,True,True,True,2026-08-02T09:49:42+00:00
https://www.optica2000.com/gafas-graduadas/polo-ralph-lauren-ph2302u-5001/8056262833247,optica2000,8056262833247,Polo Ralph Lauren PH2302U 5003,Polo Ralph Lauren,,Havana,Acetato,Rectángulo,Aro Completo,Hombre,131.0,17.0,57.0,145.0,PH2302U 5003,139.0,,139.0,False,,False,True,True,True,2026-08-02T10:00:01+00:00
https://www.optica2000.com/gafas-graduadas/polo-ralph-lauren-ph2304u-5955/8056262833452,optica2000,8056262833452,Polo Ralph Lauren PH2304U 5955,Polo Ralph Lauren,,Azul,Acetato,Redondo,Aro Completo,Hombre,120.0,20.0,50.0,145.0,PH2304U 5955,150.0,,150.0,False,,False,True,True,True,2026-08-02T09:57:02+00:00
https://www.optica2000.com/gafas-graduadas/polo-ralph-lauren-ph2304u-5955/8056262833537,optica2000,8056262833537,Polo Ralph Lauren PH2304U 6357,Polo Ralph Lauren,,Amarillo,Acetato,Redondo,Aro Completo,Hombre,116.0,20.0,48.0,145.0,PH2304U 6357,150.0,,150.0,False,,False,True,True,True,2026-08-02T09:55:43+00:00
https://www.optica2000.com/gafas-graduadas/polo-ralph-lauren-ph4228u-500171/8056262483152,optica2000,8056262483152,Polo Ralph Lauren PH4228U 500171,Polo Ralph Lauren,,Negro,Inyectado,,,Hombre,127.0,17.0,55.0,147.0,PH4228U 500171,165.0,,165.0,False,,False,True,True,True,2026-08-02T09:41:15+00:00
https://www.optica2000.com/gafas-graduadas/polo-ralph-lauren-ph4228u-500187/8056262396537,optica2000,8056262396537,Polo Ralph Lauren PH4228U 500187,Polo Ralph Lauren,,Negro,Inyectado,Cuadrado,Aro Completo,Hombre,127.0,17.0,55.0,147.0,PH4228U 500187,165.0,,165.0,False,,False,True,True,True,2026-08-02T09:42:25+00:00
https://www.optica2000.com/gafas-graduadas/poloralphlauren-0ph1147-9119-54-16/8053672239324,optica2000,8053672239324,Polo Ralph Lauren 0PH1147 9119,Polo Ralph Lauren,,Azul,Metal,Rectángulo,Aro Completo,Hombre,122.0,16.0,53.0,145.0,0PH1147 9119,175.0,,175.0,False,,False,True,True,True,2026-08-02T09:42:37+00:00
https://www.optica2000.com/gafas-graduadas/poloralphlauren-0ph1157-9038-55-17/8053672422290,optica2000,8053672422290,Polo Ralph Lauren 0PH1157 9038,Polo Ralph Lauren,,Negro,Metal,Rectángulo,Aro Completo,Hombre,127.0,17.0,55.0,145.0,0PH1157 9038,147.0,,147.0,False,,False,True,True,True,2026-08-02T09:55:04+00:00
https://www.optica2000.com/gafas-graduadas/poloralphlauren-0ph1187-9303-55-17/8053672948714,optica2000,8053672948714,Polo Ralph Lauren 0PH1187 9303,Polo Ralph Lauren,,Azul,Metal,Rectángulo,Semi al aire,Hombre,127.0,17.0,55.0,145.0,0PH1187 9303,70.0,140.0,140.0,True,50.0,True,True,True,False,2026-08-02T10:00:32+00:00
https://www.optica2000.com/gafas-graduadas/poloralphlauren-0ph1219-9273-54-17/8056597839846,optica2000,8056597839846,Polo Ralph Lauren 0PH1219 9273,Polo Ralph Lauren,,Azul,Metal,Rectángulo,Aro Completo,Hombre,125.0,17.0,54.0,150.0,0PH1219 9273,63.0,126.0,126.0,True,50.0,True,True,True,False,2026-08-02T09:44:58+00:00
https://www.optica2000.com/gafas-graduadas/poloralphlauren-0ph2083-5007-48-20/713132376980,optica2000,713132376980,Polo Ralph Lauren 0PH2083 5007,Polo Ralph Lauren,,Havana,Acetato,Redondo,Aro Completo,Hombre,116.0,20.0,48.0,145.0,0PH2083 5007,165.0,,165.0,False,,False,True,True,True,2026-08-02T09:51:06+00:00
https://www.optica2000.com/gafas-graduadas/poloralphlauren-0ph2126-5504-53-16/8053672312041,optica2000,8053672312041,Polo Ralph Lauren 0PH2126 5504,Polo Ralph Lauren,,Negro,Inyectado,Rectángulo,Aro Completo,Hombre,122.0,16.0,53.0,145.0,0PH2126 5504,150.0,,150.0,False,,False,True,True,True,2026-08-02T10:05:59+00:00
https://www.optica2000.com/gafas-graduadas/poloralphlauren-0ph2211-5667-55-18/8056597050388,optica2000,8056597050388,Polo Ralph Lauren 0PH2211 5667,Polo Ralph Lauren,,Azul,Acetato,Rectángulo,Aro Completo,Hombre,128.0,18.0,55.0,145.0,0PH2211 5667,140.0,,140.0,False,,False,True,True,False,2026-08-02T09:32:27+00:00
https://www.optica2000.com/gafas-graduadas/poloralphlauren-0ph2244-5003-54-19/8056597598774,optica2000,8056597598774,Polo Ralph Lauren 0PH2244 5003,Polo Ralph Lauren,,Havana,Acetato,Redondo,Aro Completo,Hombre,127.0,19.0,54.0,145.0,0PH2244 5003,65.0,130.0,130.0,True,50.0,True,True,True,False,2026-08-02T09:56:00+00:00
https://www.optica2000.com/gafas-graduadas/poloralphlauren-0ph2267-5017-50-20/8056597915984,optica2000,8056597915984,Polo Ralph Lauren 0PH2267 5017,Polo Ralph Lauren,,Marrón,Acetato,Cuadrado,Aro Completo,Hombre,120.0,20.0,50.0,145.0,0PH2267 5017,165.0,,165.0,False,,False,True,True,True,2026-08-02T09:52:30+00:00
https://www.optica2000.com/gafas-graduadas/poloralphlauren-0ph2269-5001-55-18/8056597912693,optica2000,8056597912693,Polo Ralph Lauren 0PH2269 5001,Polo Ralph Lauren,,Negro,Acetato,Cuadrado,Aro Completo,Hombre,128.0,18.0,55.0,145.0,0PH2269 5001,79.0,158.0,158.0,True,50.0,True,True,True,False,2026-08-02T09:54:27+00:00
https://www.optica2000.com/gafas-graduadas/poloralphlauren-0ph2269-5331-53-18/8056597912778,optica2000,8056597912778,Polo Ralph Lauren 0PH2269 5331,Polo Ralph Lauren,,Transparente,Acetato,Cuadrado,Aro Completo,Hombre,124.0,18.0,53.0,145.0,0PH2269 5331,158.0,,158.0,False,,False,True,True,True,2026-08-02T09:48:34+00:00
https://www.optica2000.com/gafas-graduadas/poloralphlauren-0ph4183u-588687-50-20/8056597848503,optica2000,8056597848503,Polo Ralph Lauren 0PH4183U 588687,Polo Ralph Lauren,,Negro,Inyectado,Redondo,Aro Completo,Hombre,120.0,20.0,50.0,145.0,0PH4183U 588687,180.0,,180.0,False,,False,True,True,True,2026-08-02T10:01:42+00:00
https://www.optica2000.com/gafas-graduadas/poloralphlauren-PH2212-5303-55-19/8056262855867,optica2000,8056262855867,Polo Ralph Lauren PH2212 5869,Polo Ralph Lauren,,Transparente,Inyectado,Rectángulo,Aro Completo,Hombre,133.0,19.0,57.0,145.0,PH2212 5869,129.0,,129.0,False,,False,True,True,True,2026-08-02T09:58:27+00:00
https://www.optica2000.com/gafas-graduadas/poloralphlauren-PH2212-5303-55-19/8056597105521,optica2000,8056597105521,Polo Ralph Lauren PH2212 5303,Polo Ralph Lauren,,Azul,Inyectado,Rectángulo,Aro Completo,Hombre,129.0,19.0,55.0,145.0,PH2212 5303,129.0,,129.0,False,,False,True,True,True,2026-08-02T09:32:10+00:00
https://www.optica2000.com/gafas-graduadas/prada-0pr-d03vu-20d1o1/8056262874769,optica2000,8056262874769,Prada 0PR D03VU 16K1O1,Prada,,Negro,Acetato,Redondo,Aro completo,Mujer,127.0,18.0,54.0,140.0,0PR D03VU 16K1O1,360.0,,360.0,False,,False,True,True,True,2026-08-02T10:01:02+00:00
https://www.optica2000.com/gafas-graduadas/prada-0pr-d03vu-20d1o1/8056262874790,optica2000,8056262874790,Prada 0PR D03VU 20D1O1,Prada,,Havana,Acetato,Redondo,Aro completo,Mujer,127.0,18.0,54.0,140.0,0PR D03VU 20D1O1,360.0,,360.0,False,,False,True,True,True,2026-08-02T09:38:25+00:00
https://www.optica2000.com/gafas-graduadas/prada-0pr-d03vu-20d1o1/8056262874806,optica2000,8056262874806,Prada 0PR D03VU 24G1O1,Prada,,Havana,Acetato,Redondo,Aro completo,Mujer,127.0,18.0,54.0,140.0,0PR D03VU 24G1O1,360.0,,360.0,False,,False,True,True,True,2026-08-02T10:05:35+00:00
https://www.optica2000.com/gafas-graduadas/prada-0pr05wv-3891o1-53-19/8056597241885,optica2000,8056597241885,Prada 0PR 05WV 3891O1,Prada,,Negro,Acetato,Ojo de gato,Aro Completo,Mujer,125.0,19.0,53.0,140.0,0PR 05WV 3891O1,161.0,230.0,230.0,True,30.0,False,True,True,False,2026-08-02T09:47:14+00:00
https://www.optica2000.com/gafas-graduadas/prada-0pr09yv-21b1o1-54-18/8056597626309,optica2000,8056597626309,Prada 0PR 09YV 21B1O1,Prada,,Negro,Acetato,Ojo de gato,Aro Completo,Mujer,126.0,18.0,54.0,140.0,0PR 09YV 21B1O1,320.0,,320.0,False,,False,True,True,True,2026-08-02T09:49:15+00:00
https://www.optica2000.com/gafas-graduadas/prada-0pr16zv-vau1o1-53-17/8056597876131,optica2000,8056597876131,Prada 0PR 16ZV VAU1O1,Prada,,Havana,Acetato,Cuadrado,Aro Completo,Mujer,123.0,17.0,53.0,145.0,0PR 16ZV VAU1O1,230.0,,230.0,False,,False,True,True,False,2026-08-02T09:47:40+00:00
https://www.optica2000.com/gafas-graduadas/prada-0pr19wv-1ab1o1-53-17/8056597438353,optica2000,8056597438353,Prada 0PR 19WV 1AB1O1,Prada,,Negro,Acetato,Ojo de gato,Aro Completo,Mujer,123.0,17.0,53.0,140.0,0PR 19WV 1AB1O1,260.0,,260.0,False,,False,True,True,True,2026-08-02T09:42:43+00:00
https://www.optica2000.com/gafas-graduadas/prada-0pr20zv-16k1o1-52-17/8056597875929,optica2000,8056597875929,Prada 0PR 20ZV 16K1O1,Prada,,Negro,Acetato,Ojo de gato,Aro Completo,Mujer,121.0,17.0,52.0,145.0,0PR 20ZV 16K1O1,231.0,330.0,330.0,True,30.0,True,True,True,False,2026-08-02T09:47:44+00:00
https://www.optica2000.com/gafas-graduadas/prada-0pr56wv-02h1o1-54-19/8056597263177,optica2000,8056597263177,Prada 0PR 56WV 02H1O1,Prada,,Marrón,Metal,Rectángulo,Aro Completo,Mujer,127.0,19.0,54.0,140.0,0PR 56WV 02H1O1,175.0,250.0,250.0,True,30.0,False,True,True,False,2026-08-02T10:07:25+00:00
https://www.optica2000.com/gafas-graduadas/prada-0pr56zv-svf1o1-53-18/8056597879750,optica2000,8056597879750,Prada 0PR 56ZV SVF1O1,Prada,,Rosa,Metal,Cuadrado,Aro Completo,Mujer,124.0,18.0,53.0,140.0,0PR 56ZV SVF1O1,290.0,,290.0,False,,False,True,True,False,2026-08-02T09:50:16+00:00
https://www.optica2000.com/gafas-graduadas/prada-0pra03v-16k1o1-52-18/8056597970525,optica2000,8056597970525,Prada 0PR A03V 16K1O1,Prada,,Negro,Acetato,Cuadrado,Aro Completo,Mujer,122.0,18.0,52.0,140.0,0PR A03V 16K1O1,320.0,,320.0,False,,False,True,True,True,2026-08-02T10:07:33+00:00
https://www.optica2000.com/gafas-graduadas/prada-0pra06v-13p1o1-54-19/8056597969840,optica2000,8056597969840,Prada 0PR A06V 13P1O1,Prada,,Negro,Acetato,Cuadrado,Aro Completo,Mujer,127.0,19.0,54.0,140.0,0PR A06V 13P1O1,217.0,310.0,310.0,True,30.0,False,True,True,False,2026-08-02T09:53:33+00:00
https://www.optica2000.com/gafas-graduadas/prada-0pra07v-07r1o1-52-17/8056597970242,optica2000,8056597970242,Prada 0PR A07V 07R1O1,Prada,,Havana,Acetato,Cuadrado,Aro Completo,Mujer,121.0,17.0,52.0,140.0,0PR A07V 07R1O1,217.0,310.0,310.0,True,30.0,False,True,True,False,2026-08-02T09:55:24+00:00
https://www.optica2000.com/gafas-graduadas/prada-linea-rossa-ps-01qv-18k1o1/8056262328309,optica2000,8056262328309,Prada Linea Rossa PS 01QV 18K1O1,Prada Linea Rossa,,Gris,Nylon,Rectángulo,Aro Completo,Hombre,129.0,17.0,56.0,145.0,PS 01QV 18K1O1,250.0,,250.0,False,,False,True,True,True,2026-08-02T09:59:52+00:00
https://www.optica2000.com/gafas-graduadas/prada-linea-rossa-ps-02rv-01d1o1/8056262318010,optica2000,8056262318010,Prada Linea Rossa PS 02RV 01D1O1,Prada Linea Rossa,,Gris,Inyectado,Rectángulo,Aro Completo,Hombre,125.0,17.0,54.0,145.0,PS 02RV 01D1O1,280.0,,280.0,False,,False,True,True,True,2026-08-02T09:51:30+00:00
https://www.optica2000.com/gafas-graduadas/prada-linea-rossa-ps-02sv-1bo1o1/8056262673355,optica2000,8056262673355,Prada Linea Rossa PS 02SV 1BO1O1,Prada Linea Rossa,,Negro,Inyectado,Rectángulo,Aro Completo,Hombre,130.0,18.0,56.0,145.0,PS 02SV 1BO1O1,300.0,,300.0,False,,False,True,True,True,2026-08-02T09:54:10+00:00
https://www.optica2000.com/gafas-graduadas/prada-linea-rossa-ps-02sv-1bo1o1/8056262673416,optica2000,8056262673416,Prada Linea Rossa PS 02SV 16X1O1,Prada Linea Rossa,,Gris,Inyectado,Rectángulo,Aro Completo,Hombre,126.0,18.0,54.0,145.0,PS 02SV 16X1O1,300.0,,300.0,False,,False,True,True,True,2026-08-02T09:59:29+00:00
https://www.optica2000.com/gafas-graduadas/prada-linea-rossa-ps-03qv/8056262225448,optica2000,8056262225448,Prada Linea Rossa PS 03QV CZH1O1,Prada Linea Rossa,,,Inyectado,Rectángulo Cuadrado,,Hombre,128.0,18.0,55.0,145.0,PS 03QV CZH1O1,280.0,,280.0,False,,False,True,True,True,2026-08-02T09:48:31+00:00
https://www.optica2000.com/gafas-graduadas/prada-linea-rossa-ps-04mv/8056597152686,optica2000,8056597152686,Prada Linea Rossa PS 04MV Lifestyle PS 04MV 1BO1O1,Prada Linea Rossa,,Negro,Nailon,Rectángulo Cuadrado,,Hombre,128.0,16.0,56.0,145.0,PS 04MV Lifestyle PS 04MV 1BO1O1,230.0,,230.0,False,,False,True,True,True,2026-08-02T09:39:02+00:00
https://www.optica2000.com/gafas-graduadas/prada-linea-rossa-ps-04rv-1ab1o1/8056262344750,optica2000,8056262344750,Prada Linea Rossa PS 04RV 1AB1O1,Prada Linea Rossa,,Negro,Inyectado,Rectángulo,Aro Completo,Hombre,119.0,19.0,50.0,145.0,PS 04RV 1AB1O1,270.0,,270.0,False,,False,True,True,True,2026-08-02T09:48:30+00:00
https://www.optica2000.com/gafas-graduadas/prada-linea-rossa-ps-04rv-czh1o1/8056262344729,optica2000,8056262344729,Prada Linea Rossa PS 04RV CZH1O1,Prada Linea Rossa,,Azul,Inyectado,Rectángulo,Aro Completo,Hombre,115.0,19.0,48.0,145.0,PS 04RV CZH1O1,280.0,,280.0,False,,False,True,True,True,2026-08-02T09:57:30+00:00
https://www.optica2000.com/gafas-graduadas/prada-linea-rossa-ps-05rv-01d1o1/8056262488119,optica2000,8056262488119,Prada Linea Rossa PS 05RV 01D1O1,Prada Linea Rossa,,Gris,Inyectado,Rectángulo,Aro Completo,Hombre,121.0,17.0,52.0,145.0,PS 05RV 01D1O1,175.0,250.0,250.0,True,30.0,True,True,True,False,2026-08-02T09:49:35+00:00
https://www.optica2000.com/gafas-graduadas/prada-linea-rossa-ps-05rv-1ab1o1/8056262488065,optica2000,8056262488065,Prada Linea Rossa PS 05RV 1AB1O1,Prada Linea Rossa,,Negro,Inyectado,Rectángulo,Aro Completo,Hombre,125.0,17.0,54.0,145.0,PS 05RV 1AB1O1,260.0,,260.0,False,,False,True,True,True,2026-08-02T09:41:56+00:00
https://www.optica2000.com/gafas-graduadas/prada-linea-rossa-ps-06pv/8056597897297,optica2000,8056597897297,Prada Linea Rossa PS 06PV 5811O1,Prada Linea Rossa,,Havana,Nylon,Rectángulo Cuadrado,,Hombre,128.0,18.0,55.0,145.0,PS 06PV 5811O1,230.0,,230.0,False,,False,True,True,False,2026-08-02T09:53:52+00:00
https://www.optica2000.com/gafas-graduadas/prada-linea-rossa-ps-06rv-01d1o1/8056262488270,optica2000,8056262488270,Prada Linea Rossa PS 06RV 01D1O1,Prada Linea Rossa,,Gris,Inyectado,Rectángulo,Aro Completo,Hombre,129.0,19.0,55.0,145.0,PS 06RV 01D1O1,260.0,,260.0,False,,False,True,True,True,2026-08-02T10:01:15+00:00
https://www.optica2000.com/gafas-graduadas/prada-linea-rossa-ps-06rv-1ab1o1/8056262488201,optica2000,8056262488201,Prada Linea Rossa PS 06RV 1AB1O1,Prada Linea Rossa,,Negro,Inyectado,Rectángulo,Aro Completo,Hombre,125.0,19.0,53.0,145.0,PS 06RV 1AB1O1,175.0,250.0,250.0,True,30.0,True,True,True,False,2026-08-02T10:04:28+00:00
https://www.optica2000.com/gafas-graduadas/prada-linea-rossa-ps-07rv-1bo1o1/8056262488843,optica2000,8056262488843,Prada Linea Rossa PS 07RV 1BO1O1,Prada Linea Rossa,,Negro,Inyectado,Rectángulo,Aro Completo,Hombre,128.0,18.0,55.0,145.0,PS 07RV 1BO1O1,240.0,,240.0,False,,False,True,True,True,2026-08-02T09:48:05+00:00
https://www.optica2000.com/gafas-graduadas/prada-linea-rossa-ps-07rv-czh1o1/8056262488812,optica2000,8056262488812,Prada Linea Rossa PS 07RV CZH1O1,Prada Linea Rossa,,Azul,Inyectado,Rectángulo,Aro Completo,Hombre,124.0,18.0,53.0,145.0,PS 07RV CZH1O1,240.0,,240.0,False,,False,True,True,True,2026-08-02T10:06:07+00:00
https://www.optica2000.com/gafas-graduadas/prada-pr-02zv-2az1o1/8056597745093,optica2000,8056597745093,Prada PR 02ZV 2AZ1O1,Prada,,Transparente,Acetato,Ojo de gato,Aro Completo,Mujer,121.0,17.0,52.0,140.0,PR 02ZV 2AZ1O1,240.0,,240.0,False,,False,True,True,True,2026-08-02T10:07:39+00:00
https://www.optica2000.com/gafas-graduadas/prada-pr-16zv-1ab1o1/8056597876117,optica2000,8056597876117,Prada PR 16ZV 1AB1O1,Prada,,Negro,Acetato,Cuadrado,Aro Completo,Mujer,123.0,17.0,53.0,145.0,PR 16ZV 1AB1O1,240.0,,240.0,False,,False,True,True,True,2026-08-02T09:43:23+00:00
https://www.optica2000.com/gafas-graduadas/prada-pr-17zv-22a1o1/8056262346662,optica2000,8056262346662,Prada PR 17ZV 22A1O1,Prada,,Havana,Acetato,Rectángulo,Aro Completo,Mujer,122.0,18.0,52.0,140.0,PR 17ZV 22A1O1,175.0,250.0,250.0,True,30.0,True,True,True,False,2026-08-02T09:39:49+00:00
https://www.optica2000.com/gafas-graduadas/prada-pr-a18v/8056262143650,optica2000,8056262143650,Prada PR A18V 16K1O1,Prada,,Negro,Acetato,Cuadrado,Aro Completo,Mujer,119.0,19.0,50.0,145.0,PR A18V 16K1O1,330.0,,330.0,False,,False,True,True,True,2026-08-02T10:03:42+00:00
https://www.optica2000.com/gafas-graduadas/prada-pr-a18v/8056262144688,optica2000,8056262144688,Prada PR A18V 14P1O1,Prada,,Havana,Acetato,Cuadrado,Aro Completo,Mujer,123.0,19.0,52.0,145.0,PR A18V 14P1O1,330.0,,330.0,False,,False,True,True,True,2026-08-02T09:51:50+00:00
https://www.optica2000.com/gafas-graduadas/prada-pr-a57v-1bc1o1/8056262146842,optica2000,8056262146842,Prada PR A57V 1BC1O1,Prada,,Plata,Metal,Oval,Aro Completo,Mujer,127.0,19.0,54.0,135.0,PR A57V 1BC1O1,290.0,,290.0,False,,False,True,True,True,2026-08-02T10:04:31+00:00
https://www.optica2000.com/gafas-graduadas/prada-pr-a57v-5ak1o1/8056262146804,optica2000,8056262146804,Prada PR A57V 5AK1O1,Prada,,Oro,Metal,Oval,Aro Completo,Mujer,127.0,19.0,54.0,135.0,PR A57V 5AK1O1,290.0,,290.0,False,,False,True,True,True,2026-08-02T09:55:42+00:00
https://www.optica2000.com/gafas-graduadas/prada-pr-b01v-16k1o1/8056262363911,optica2000,8056262363911,Prada PR B01V 16K1O1,Prada,,Oro,Acetato,Ojo de gato,Aro Completo,Mujer,127.0,19.0,54.0,145.0,PR B01V 16K1O1,340.0,,340.0,False,,False,True,True,True,2026-08-02T09:45:07+00:00
https://www.optica2000.com/gafas-graduadas/prada-pr-b01v-19z1o1/8056262363904,optica2000,8056262363904,Prada PR B01V 19Z1O1,Prada,,Verde,Acetato,Ojo de gato,Aro Completo,Mujer,123.0,19.0,52.0,145.0,PR B01V 19Z1O1,340.0,,340.0,False,,False,True,True,True,2026-08-02T09:55:36+00:00
https://www.optica2000.com/gafas-graduadas/prada-pr-b02v-16k1o1/8056262363607,optica2000,8056262363607,Prada PR B02V 16K1O1,Prada,,Negro,Acetato,Rectángulo,Aro Completo,Hombre,130.0,16.0,57.0,145.0,PR B02V 16K1O1,360.0,,360.0,False,,False,True,True,True,2026-08-02T10:01:37+00:00
https://www.optica2000.com/gafas-graduadas/prada-pr-b02v-17t1o1/8056262362549,optica2000,8056262362549,Prada PR B02V 17T1O1,Prada,,Oro,Acetato,Rectángulo,Aro Completo,Hombre,130.0,16.0,57.0,145.0,PR B02V 17T1O1,360.0,,360.0,False,,False,True,True,True,2026-08-02T10:04:46+00:00
https://www.optica2000.com/gafas-graduadas/prada-pr-b03v-07r1o1/8056262366097,optica2000,8056262366097,Prada PR B03V 07R1O1,Prada,,Marrón,Acetato,,,Mujer,125.0,17.0,54.0,140.0,PR B03V 07R1O1,260.0,,260.0,False,,False,True,True,True,2026-08-02T09:57:42+00:00
https://www.optica2000.com/gafas-graduadas/prada-pr-b03v-3891o1/8056262366141,optica2000,8056262366141,Prada PR B03V 3891O1,Prada,,Negro,Acetato,,,Mujer,121.0,17.0,52.0,140.0,PR B03V 3891O1,250.0,,250.0,False,,False,True,True,True,2026-08-02T10:05:07+00:00
https://www.optica2000.com/gafas-graduadas/prada-pr-b11v-17n1o1/8056262505397,optica2000,8056262505397,Prada PR B11V 17N1O1,Prada,,Havana,Acetato,Rectángulo,Aro Completo,Mujer,124.0,20.0,52.0,145.0,PR B11V 17N1O1,360.0,,360.0,False,,False,True,True,True,2026-08-02T10:02:52+00:00
https://www.optica2000.com/gafas-graduadas/prada-pr-b11v-28d1o1/8056262505403,optica2000,8056262505403,Prada PR B11V 28D1O1,Prada,,Marrón,Acetato,Rectángulo,Aro Completo,Mujer,120.0,20.0,50.0,145.0,PR B11V 28D1O1,360.0,,360.0,False,,False,True,True,True,2026-08-02T09:41:14+00:00
https://www.optica2000.com/gafas-graduadas/prada-pr-c11v-14p1o1/8056262575505,optica2000,8056262575505,Prada PR C11V 14P1O1,Prada,,Havana,Acetato,Ojo de gato,Aro Completo,Mujer,119.0,17.0,51.0,145.0,PR C11V 14P1O1,320.0,,320.0,False,,False,True,True,True,2026-08-02T10:00:19+00:00
https://www.optica2000.com/gafas-graduadas/prada-pr-c12v-23g1o1/8056262573136,optica2000,8056262573136,Prada PR C12V 23G1O1,Prada,,Marrón,Acetato,Rectángulo,Aro Completo,Mujer,127.0,19.0,54.0,140.0,PR C12V 23G1O1,360.0,,360.0,False,,False,True,True,True,2026-08-02T09:56:32+00:00
https://www.optica2000.com/gafas-graduadas/pradalinearossa-0ps01ov-czh1o1-50-19/8056597529518,optica2000,8056597529518,Prada Linea Rossa 0PS 01OV CZH1O1,Prada Linea Rossa,,Transparente,Nylon,Rectángulo,Aro Completo,Hombre,119.0,19.0,50.0,145.0,0PS 01OV CZH1O1,147.0,210.0,210.0,True,30.0,False,True,True,False,2026-08-02T09:38:20+00:00
https://www.optica2000.com/gafas-graduadas/pradalinearossa-0ps01qv-tfy1o1-54-17/8056597882163,optica2000,8056597882163,Prada Linea Rossa 0PS 01QV TFY1O1,Prada Linea Rossa,,Azul,Nylon,Rectángulo,Aro Completo,Hombre,125.0,17.0,54.0,145.0,0PS 01QV TFY1O1,250.0,,250.0,False,,False,True,True,True,2026-08-02T09:58:35+00:00
https://www.optica2000.com/gafas-graduadas/pradalinearossa-0ps04iv-czh1o1-55-18/8053672837292,optica2000,8053672837292,Prada Linea Rossa 0PS 04IV CZH1O1,Prada Linea Rossa,,Transparente,Nylon,Rectángulo,Aro Completo,Hombre,128.0,18.0,55.0,140.0,0PS 04IV CZH1O1,147.0,210.0,210.0,True,30.0,False,True,True,False,2026-08-02T10:00:25+00:00
https://www.optica2000.com/gafas-graduadas/pradalinearossa-0ps04iv-dg01o1-55-18/8053672837254,optica2000,8053672837254,Prada Linea Rossa 0PS 04IV DG01O1,Prada Linea Rossa,,Negro,Nylon,Rectángulo,Aro Completo,Hombre,128.0,18.0,55.0,140.0,0PS 04IV DG01O1,147.0,210.0,210.0,True,30.0,False,True,True,False,2026-08-02T09:48:46+00:00
https://www.optica2000.com/gafas-graduadas/pradalinearossa-0ps04nv-dg01o1-54-17/8056597374279,optica2000,8056597374279,Prada Linea Rossa 0PS 04NV DG01O1,Prada Linea Rossa,,Negro,Nylon,Rectángulo,Aro Completo,Hombre,125.0,17.0,54.0,145.0,0PS 04NV DG01O1,161.0,230.0,230.0,True,30.0,False,True,True,False,2026-08-02T10:01:27+00:00
https://www.optica2000.com/gafas-graduadas/pradalinearossa-0ps06pv-2az1o1-55-18/8056597880855,optica2000,8056597880855,Prada Linea Rossa 0PS 06PV 2AZ1O1,Prada Linea Rossa,,Transparente,Nylon,Rectángulo,Aro Completo,Hombre,128.0,18.0,55.0,145.0,0PS 06PV 2AZ1O1,240.0,,240.0,False,,False,True,True,True,2026-08-02T09:56:40+00:00
https://www.optica2000.com/gafas-graduadas/pradalinearossa-0ps06pv-dg01o1-55-18/8056597897310,optica2000,8056597897310,Prada Linea Rossa 0PS 06PV DG01O1,Prada Linea Rossa,,Negro,Nylon,Rectángulo,Aro Completo,Hombre,128.0,18.0,55.0,145.0,0PS 06PV DG01O1,240.0,,240.0,False,,False,True,True,True,2026-08-02T10:01:16+00:00
https://www.optica2000.com/gafas-graduadas/pradalinearossa-0ps09ov-14c1o1-55-19/8056597661348,optica2000,8056597661348,Prada Linea Rossa 0PS 09OV 14C1O1,Prada Linea Rossa,,Gris,Nylon,Rectángulo,Aro Completo,Hombre,129.0,19.0,55.0,145.0,0PS 09OV 14C1O1,161.0,230.0,230.0,True,30.0,False,True,True,False,2026-08-02T09:41:32+00:00
https://www.optica2000.com/gafas-graduadas/pradalinearossa-0ps50gv-dg01o1-55-17/8053672448245,optica2000,8053672448245,Prada Linea Rossa 0PS 50GV DG01O1,Prada Linea Rossa,,Negro,Metal,Rectángulo,Aro Completo,Hombre,127.0,17.0,55.0,140.0,0PS 50GV DG01O1,240.0,,240.0,False,,False,True,True,True,2026-08-02T10:08:44+00:00
https://www.optica2000.com/gafas-graduadas/pradalinearossa-0ps51qv-1bo1o1-55-19/8056597968423,optica2000,8056597968423,Prada Linea Rossa 0PS 51QV 1BO1O1,Prada Linea Rossa,,Negro,Metal,Rectángulo,Semi Al Aire,Hombre,129.0,19.0,55.0,145.0,0PS 51QV 1BO1O1,310.0,,310.0,False,,False,True,True,False,2026-08-02T09:46:46+00:00
https://www.optica2000.com/gafas-graduadas/ralph-0ra6046-9095-53-17/8056597101738,optica2000,8056597101738,Ralph 0RA6046 9095,Ralph,,Rosa,Metal,Ojo de gato,Aro Completo,Mujer,123.0,17.0,53.0,140.0,0RA6046 9095,120.0,,120.0,False,,False,True,True,True,2026-08-02T10:02:07+00:00
https://www.optica2000.com/gafas-graduadas/ralph-0ra6055-9427-54-16/8056597809528,optica2000,8056597809528,Ralph 0RA6055 9427,Ralph,,Rosa,Metal,Ojo de gato,Aro Completo,Mujer,124.0,16.0,54.0,145.0,0RA6055 9427,60.0,120.0,120.0,True,50.0,True,True,True,False,2026-08-02T10:05:22+00:00
https://www.optica2000.com/gafas-graduadas/ralph-0ra6058-9427-53-17/8056597954822,optica2000,8056597954822,Ralph 0RA6058 9427,Ralph,,Bronce,Metal,Ojo de gato,Aro Completo,Mujer,123.0,17.0,53.0,145.0,0RA6058 9427,120.0,,120.0,False,,False,True,True,True,2026-08-02T09:52:45+00:00
https://www.optica2000.com/gafas-graduadas/ralph-0ra7044-601-52-16/8053672321852,optica2000,8053672321852,Ralph 0RA7044 601,Ralph,,Marrón,Acetato,Ojo de gato,Aro Completo,Mujer,120.0,16.0,52.0,135.0,0RA7044 601,110.0,,110.0,False,,False,True,True,True,2026-08-02T09:44:50+00:00
https://www.optica2000.com/gafas-graduadas/ralph-0ra7089-1693-53-17/8053672801378,optica2000,8053672801378,Ralph 0RA7089 1693,Ralph,,Rosa,Acetato,Rectángulo,Aro Completo,Mujer,123.0,17.0,53.0,140.0,0RA7089 1693,104.0,,104.0,False,,False,True,True,False,2026-08-02T09:57:25+00:00
https://www.optica2000.com/gafas-graduadas/ralph-0ra7133u-5987-53-16/8056597508186,optica2000,8056597508186,Ralph 0RA7133U 5987,Ralph,,Marrón,Acetato,Rectángulo,Aro Completo,Mujer,122.0,16.0,53.0,140.0,0RA7133U 5987,69.3,99.0,99.0,True,30.0,True,True,True,False,2026-08-02T10:08:50+00:00
https://www.optica2000.com/gafas-graduadas/ralph-0ra7137u-6008-53-18/8056597601719,optica2000,8056597601719,Ralph 0RA7137U 6008,Ralph,,Transparente,Acetato,Rectángulo,Aro Completo,Mujer,124.0,18.0,53.0,145.0,0RA7137U 6008,49.5,99.0,99.0,True,50.0,True,True,True,True,2026-08-02T09:52:21+00:00
https://www.optica2000.com/gafas-graduadas/ralph-0ra7149u-6070-52-18/8056597807142,optica2000,8056597807142,Ralph 0RA7149U 6070,Ralph,,Havana,Inyectado,Redondo,Aro Completo,Mujer,122.0,18.0,52.0,145.0,0RA7149U 6070,55.0,110.0,110.0,True,50.0,True,True,True,False,2026-08-02T09:58:38+00:00
https://www.optica2000.com/gafas-graduadas/ralph-0ra7151-6058-52-17/8056597806770,optica2000,8056597806770,Ralph 0RA7151 6058,Ralph,,Rosa,Acetato,Oval,Aro Completo,Mujer,121.0,17.0,52.0,145.0,0RA7151 6058,110.0,,110.0,False,,False,True,True,True,2026-08-02T09:42:56+00:00
https://www.optica2000.com/gafas-graduadas/ralph-0ra7154u-5001-52-17/8056597905206,optica2000,8056597905206,Ralph 0RA7154U 5001,Ralph,,Negro,Acetato,Rectángulo,Aro Completo,Mujer,121.0,17.0,52.0,145.0,0RA7154U 5001,49.5,99.0,99.0,True,50.0,True,True,True,False,2026-08-02T09:41:47+00:00
https://www.optica2000.com/gafas-graduadas/ralph-0ra7158u-6117-53-18/8056597905428,optica2000,8056597905428,Ralph 0RA7158U 6117,Ralph,,Transparente,Acetato,Cuadrado,Aro Completo,Mujer,124.0,18.0,53.0,145.0,0RA7158U 6117,99.0,,99.0,False,,False,True,True,True,2026-08-02T09:51:39+00:00
https://www.optica2000.com/gafas-graduadas/ralph-RA7039-1081-53-16/713132449493,optica2000,713132449493,Ralph RA7039 1081,Ralph,,Rojo,Acetato,Cuadrado,Aro Completo,Hombre,122.0,16.0,53.0,135.0,RA7039 1081,99.0,,99.0,False,,False,True,True,True,2026-08-02T09:50:56+00:00
https://www.optica2000.com/gafas-graduadas/ralph-RA7039-1081-53-16/8056597810296,optica2000,8056597810296,Ralph RA7039 6074,Ralph,,Verde,Acetato,Cuadrado,Aro Completo,Mujer,118.0,16.0,51.0,135.0,RA7039 6074,99.0,,99.0,False,,False,True,True,True,2026-08-02T09:59:54+00:00
https://www.optica2000.com/gafas-graduadas/ralph-lauren-rl5122-9150/8056597902465,optica2000,8056597902465,Ralph Lauren RL5122 9150,Ralph Lauren,,Oro,Metal,Ojo de gato,Semi al Aire,Mujer,125.0,17.0,54.0,145.0,RL5122 9150,200.0,,200.0,False,,False,True,True,True,2026-08-02T10:08:35+00:00
https://www.optica2000.com/gafas-graduadas/ralph-lauren-rl5123-9004/8056597903356,optica2000,8056597903356,Ralph Lauren RL5123 9004,Ralph Lauren,,Negro,Metal,Ojo de gato,Aro Completo,Mujer,124.0,16.0,54.0,145.0,RL5123 9004,235.0,,235.0,False,,False,True,True,True,2026-08-02T09:51:08+00:00
https://www.optica2000.com/gafas-graduadas/ralph-lauren-rl5132-9452/8056262485354,optica2000,8056262485354,Ralph Lauren RL5132 9452,Ralph Lauren,,Oro,Acero,Ojo de gato,Semi Al Aire,Mujer,123.0,17.0,53.0,145.0,RL5132 9452,252.0,,252.0,False,,False,True,True,False,2026-08-02T09:48:58+00:00
https://www.optica2000.com/gafas-graduadas/ralph-lauren-rl6237u-6110/8056597902236,optica2000,8056597902236,Ralph Lauren RL6237U 6110,Ralph Lauren,,Rosa,Acetato,Oval,Aro Completo,Mujer,125.0,17.0,54.0,145.0,RL6237U 6110,165.2,236.0,236.0,True,30.0,True,True,True,True,2026-08-02T09:59:11+00:00
https://www.optica2000.com/gafas-graduadas/ralph-lauren-rl6247u-5001/8056262181850,optica2000,8056262181850,Ralph Lauren RL6247U 5001,Ralph Lauren,,Negro,Inyectado,Ojo de gato,Aro Completo,Mujer,126.0,16.0,55.0,145.0,RL6247U 5001,252.0,,252.0,False,,False,True,True,True,2026-08-02T09:56:04+00:00
https://www.optica2000.com/gafas-graduadas/ralph-lauren-rl6251u-5001/8056262480977,optica2000,8056262480977,Ralph Lauren RL6251U 5001,Ralph Lauren,,Negro,Inyectado,Cuadrado,Aro Completo,Mujer,123.0,17.0,53.0,145.0,RL6251U 5001,245.0,,245.0,False,,False,True,True,True,2026-08-02T09:43:46+00:00
https://www.optica2000.com/gafas-graduadas/ralph-lauren-rl6251u-6247/8056262481042,optica2000,8056262481042,Ralph Lauren RL6251U 6247,Ralph Lauren,,Azul,Inyectado,Cuadrado,Aro Completo,Mujer,127.0,17.0,55.0,145.0,RL6251U 6247,236.0,,236.0,False,,False,True,True,True,2026-08-02T09:39:42+00:00
https://www.optica2000.com/gafas-graduadas/ralph-lauren-rl6252u-5001/8056262485231,optica2000,8056262485231,Ralph Lauren RL6252U 5001,Ralph Lauren,,Negro,Inyectado,Rectángulo,Aro Completo,Mujer,123.0,17.0,53.0,145.0,RL6252U 5001,236.0,,236.0,False,,False,True,True,True,2026-08-02T09:41:18+00:00
https://www.optica2000.com/gafas-graduadas/ralph-lauren-rl6252u-6241/8056262485248,optica2000,8056262485248,Ralph Lauren RL6252U 6241,Ralph Lauren,,Havana,Inyectado,Rectángulo,Aro Completo,Mujer,123.0,17.0,53.0,145.0,RL6252U 6241,245.0,,245.0,False,,False,True,True,True,2026-08-02T09:39:07+00:00
https://www.optica2000.com/gafas-graduadas/ralph-lauren-rl6255u-6305/8056262532898,optica2000,8056262532898,Ralph Lauren RL6255U 6089,Ralph Lauren,,Havana,Acetato,Rectángulo,Aro Completo,Mujer,127.0,17.0,55.0,145.0,RL6255U 6089,280.0,,280.0,False,,False,True,True,True,2026-08-02T10:02:58+00:00
https://www.optica2000.com/gafas-graduadas/ralph-lauren-rl6255u-6305/8056262532980,optica2000,8056262532980,Ralph Lauren RL6255U 6305,Ralph Lauren,,Rosa,Acetato,Rectángulo,Aro Completo,Mujer,123.0,17.0,53.0,145.0,RL6255U 6305,280.0,,280.0,False,,False,True,True,True,2026-08-02T09:46:13+00:00
https://www.optica2000.com/gafas-graduadas/ralph-ra6061-9004/8056262227381,optica2000,8056262227381,Ralph RA6061 9004,Ralph,,Oro,Metal,Ojo de gato,Aro Completo,Mujer,122.0,16.0,53.0,145.0,RA6061 9004,120.0,,120.0,False,,False,True,True,True,2026-08-02T09:53:06+00:00
https://www.optica2000.com/gafas-graduadas/ralph-ra6061-9004/8056262227428,optica2000,8056262227428,Ralph RA6061 9427,Ralph,,Rosa,Metal,Ojo de gato,Aro Completo,Mujer,122.0,16.0,53.0,145.0,RA6061 9427,120.0,,120.0,False,,False,True,True,True,2026-08-02T09:38:43+00:00
https://www.optica2000.com/gafas-graduadas/ralph-ra6062-9443/8056262458945,optica2000,8056262458945,Ralph RA6062 9443,Ralph,,Negro,Metal,Cuadrado,Aro Completo,Mujer,126.0,16.0,55.0,145.0,RA6062 9443,129.0,,129.0,False,,False,True,True,True,2026-08-02T09:45:35+00:00
https://www.optica2000.com/gafas-graduadas/ralph-ra6062-9480/8056262458976,optica2000,8056262458976,Ralph RA6062 9480,Ralph,,Azul,Metal,Cuadrado,Aro Completo,Mujer,122.0,16.0,53.0,145.0,RA6062 9480,129.0,,129.0,False,,False,True,True,True,2026-08-02T09:58:01+00:00
https://www.optica2000.com/gafas-graduadas/ralph-ra6064-9493/8056262828526,optica2000,8056262828526,Ralph RA6064 9493,Ralph,,Oro,Metal,Irregular,Aro completo,Mujer,122.0,16.0,53.0,145.0,RA6064 9493,129.0,,129.0,False,,False,True,True,True,2026-08-02T09:39:31+00:00
https://www.optica2000.com/gafas-graduadas/ralph-ra6064-9493/8056262828557,optica2000,8056262828557,Ralph RA6064 9494,Ralph,,Oro,Metal,Irregular,Aro completo,Mujer,126.0,16.0,55.0,145.0,RA6064 9494,129.0,,129.0,False,,False,True,True,True,2026-08-02T09:31:54+00:00
https://www.optica2000.com/gafas-graduadas/ralph-ra7146-5003/8056597698894,optica2000,8056597698894,Ralph RA7146 5003,Ralph,,Havana,Acetato,Cuadrado,Aro Completo,Mujer,123.0,17.0,53.0,145.0,RA7146 5003,99.0,,99.0,False,,False,True,True,False,2026-08-02T10:00:35+00:00
https://www.optica2000.com/gafas-graduadas/ralph-ra7147-5002/8056597821216,optica2000,8056597821216,Ralph RA7147 5002,Ralph,,Transparente,Acetato,Cuadrado,Aro Completo,Mujer,129.0,19.0,55.0,145.0,RA7147 5002,99.0,,99.0,False,,False,True,True,True,2026-08-02T09:49:24+00:00
https://www.optica2000.com/gafas-graduadas/ralph-ra7161u/8056262006030,optica2000,8056262006030,Ralph RA7161U 5003,Ralph,,Havana,Acetato,Cuadrado,Aro Completo,Mujer,122.0,16.0,53.0,145.0,RA7161U 5003,110.0,,110.0,False,,False,True,True,True,2026-08-02T09:59:20+00:00
https://www.optica2000.com/gafas-graduadas/ralph-ra7161u/8056262006078,optica2000,8056262006078,Ralph RA7161U 6155,Ralph,,Rosa,Acetato,Cuadrado,Aro Completo,Hombre,122.0,16.0,53.0,145.0,RA7161U 6155,110.0,,110.0,False,,False,True,True,False,2026-08-02T09:41:54+00:00
https://www.optica2000.com/gafas-graduadas/ralph-ra7173u-5001/8056262227343,optica2000,8056262227343,Ralph RA7173U 5001,Ralph,,Negro,Acetato,Redondo,Aro Completo,Mujer,123.0,17.0,53.0,145.0,RA7173U 5001,110.0,,110.0,False,,False,True,True,True,2026-08-02T09:47:56+00:00
https://www.optica2000.com/gafas-graduadas/ralph-ra7173u-5001/8056262227411,optica2000,8056262227411,Ralph RA7173U 6058,Ralph,,Rosa,Acetato,Redondo,Aro Completo,Mujer,127.0,17.0,55.0,145.0,RA7173U 6058,110.0,,110.0,False,,False,True,True,True,2026-08-02T09:55:32+00:00
https://www.optica2000.com/gafas-graduadas/ralph-ra7174u-5575/8056262227848,optica2000,8056262227848,Ralph RA7174U 6059,Ralph,,Azul,Acetato,Rectángulo,Aro Completo,Mujer,127.0,17.0,55.0,145.0,RA7174U 6059,99.0,,99.0,False,,False,True,True,True,2026-08-02T09:40:42+00:00
https://www.optica2000.com/gafas-graduadas/ralph-ra7174u-5575/8056262227985,optica2000,8056262227985,Ralph RA7174U 5575,Ralph,,Rosa,Acetato,Rectángulo,Aro Completo,Mujer,123.0,17.0,53.0,145.0,RA7174U 5575,99.0,,99.0,False,,False,True,True,True,2026-08-02T10:07:57+00:00
https://www.optica2000.com/gafas-graduadas/ralph-ra7178u-5001/8056262458662,optica2000,8056262458662,Ralph RA7178U 5001,Ralph,,Negro,Inyectado,Ojo de gato,Aro Completo,Mujer,125.0,17.0,54.0,145.0,RA7178U 5001,99.0,,99.0,False,,False,True,True,True,2026-08-02T09:56:28+00:00
https://www.optica2000.com/gafas-graduadas/ralph-ra7178u-5746/8056262458679,optica2000,8056262458679,Ralph RA7178U 5746,Ralph,,Violeta,Inyectado,Ojo de gato,Aro Completo,Mujer,121.0,17.0,52.0,145.0,RA7178U 5746,99.0,,99.0,False,,False,True,True,True,2026-08-02T09:51:11+00:00
https://www.optica2000.com/gafas-graduadas/ralph-ra7179u-6058/8056262460238,optica2000,8056262460238,Ralph RA7179U 6058,Ralph,,Havana,Acetato,Rectángulo,Aro Completo,Mujer,126.0,16.0,55.0,145.0,RA7179U 6058,110.0,,110.0,False,,False,True,True,True,2026-08-02T09:47:41+00:00
https://www.optica2000.com/gafas-graduadas/ralph-ra7179u-6239/8056262460351,optica2000,8056262460351,Ralph RA7179U 6239,Ralph,,Violeta,Acetato,Rectángulo,Aro Completo,Mujer,122.0,16.0,53.0,145.0,RA7179U 6239,110.0,,110.0,False,,False,True,True,True,2026-08-02T09:48:14+00:00
https://www.optica2000.com/gafas-graduadas/ralph-ra7180u-6279/8056262460405,optica2000,8056262460405,Ralph RA7180U 6279,Ralph,,Verde,Acetato,,,Mujer,127.0,17.0,55.0,145.0,RA7180U 6279,110.0,,110.0,False,,False,True,True,True,2026-08-02T09:43:41+00:00
https://www.optica2000.com/gafas-graduadas/ralph-ra7182u-5003/8056262459430,optica2000,8056262459430,Ralph RA7182U 5003,Ralph,,Havana,Acetato,Redondo,Aro Completo,Mujer,114.0,16.0,49.0,140.0,RA7182U 5003,99.0,,99.0,False,,False,True,True,True,2026-08-02T10:01:25+00:00
https://www.optica2000.com/gafas-graduadas/ralph-ra7182u-6119/8056262459546,optica2000,8056262459546,Ralph RA7182U 6119,Ralph,,Azul,Acetato,Redondo,Aro Completo,Mujer,123.0,17.0,53.0,145.0,RA7182U 6119,99.0,,99.0,False,,False,True,True,True,2026-08-02T09:59:58+00:00
https://www.optica2000.com/gafas-graduadas/ralph-ra7189u-6290/8056262534267,optica2000,8056262534267,Ralph RA7189U 6117,Ralph,,Beige,Acetato,Redondo,Aro Completo,Mujer,114.0,16.0,49.0,140.0,RA7189U 6117,110.0,,110.0,False,,False,True,True,True,2026-08-02T10:08:36+00:00
https://www.optica2000.com/gafas-graduadas/ralph-ra7189u-6290/8056262534304,optica2000,8056262534304,Ralph RA7189U 6290,Ralph,,Rosa,Acetato,Redondo,Aro Completo,Mujer,123.0,17.0,53.0,145.0,RA7189U 6290,110.0,,110.0,False,,False,True,True,True,2026-08-02T09:41:30+00:00
https://www.optica2000.com/gafas-graduadas/ralph-ra7194u-6297/8056262828229,optica2000,8056262828229,Ralph RA7194U 6297,Ralph,,Negro,Acetato,Rectángulo,Aro Completo,Mujer,122.0,16.0,53.0,145.0,RA7194U 6297,110.0,,110.0,False,,False,True,True,True,2026-08-02T09:50:05+00:00
https://www.optica2000.com/gafas-graduadas/ralph-ra7194u-6297/8056262828359,optica2000,8056262828359,Ralph RA7194U 6303,Ralph,,Havana,Acetato,Rectángulo,Aro Completo,Mujer,126.0,16.0,55.0,145.0,RA7194U 6303,110.0,,110.0,False,,False,True,True,True,2026-08-02T09:56:57+00:00
https://www.optica2000.com/gafas-graduadas/ralph-ra7196u-5003/8056262828120,optica2000,8056262828120,Ralph RA7196U 5003,Ralph,,Marrón,Acetato,Cuadrado,Aro Completo,Mujer,121.0,17.0,52.0,145.0,RA7196U 5003,110.0,,110.0,False,,False,True,True,False,2026-08-02T09:39:28+00:00
https://www.optica2000.com/gafas-graduadas/ralph-ra7196u-5003/8056262828410,optica2000,8056262828410,Ralph RA7196U 6343,Ralph,,Havana,Acetato,Cuadrado,Aro Completo,Mujer,125.0,17.0,54.0,145.0,RA7196U 6343,110.0,,110.0,False,,False,True,True,True,2026-08-02T10:08:19+00:00
https://www.optica2000.com/gafas-graduadas/ralph-ra7196u-5003/8056262840924,optica2000,8056262840924,Ralph RA7196U 6206,Ralph,,Verde,Acetato,Cuadrado,Aro Completo,Mujer,125.0,17.0,54.0,145.0,RA7196U 6206,110.0,,110.0,False,,False,True,True,True,2026-08-02T10:07:05+00:00
https://www.optica2000.com/gafas-graduadas/ralph-ra7198u-5002/8056262828182,optica2000,8056262828182,Ralph RA7198U 5002,Ralph,,Transparente,Acetato,Ojo de gato,Aro Completo,Mujer,118.0,16.0,51.0,145.0,RA7198U 5002,99.0,,99.0,False,,False,True,True,True,2026-08-02T09:38:37+00:00
https://www.optica2000.com/gafas-graduadas/ralph-ra7198u-5002/8056262828298,optica2000,8056262828298,Ralph RA7198U 5003,Ralph,,Marrón,Acetato,Ojo de gato,Aro Completo,Mujer,122.0,16.0,53.0,145.0,RA7198U 5003,99.0,,99.0,False,,False,True,True,True,2026-08-02T10:06:01+00:00
https://www.optica2000.com/gafas-graduadas/ralphlauren-0rl5099-9003-52-16/8053672758238,optica2000,8053672758238,Ralph Lauren 0RL5099 9003,Ralph Lauren,,Negro,Metal,Ojo de gato,Aro Completo,Mujer,120.0,16.0,52.0,140.0,0RL5099 9003,75.0,150.0,150.0,True,50.0,True,True,True,False,2026-08-02T09:46:34+00:00
https://www.optica2000.com/gafas-graduadas/ralphlauren-0rl5099-9395-55-16/8056597125130,optica2000,8056597125130,Ralph Lauren 0RL5099 9395,Ralph Lauren,,Marrón,Metal,Ojo de gato,Aro Completo,Mujer,126.0,16.0,55.0,140.0,0RL5099 9395,165.0,,165.0,False,,False,True,True,True,2026-08-02T10:04:22+00:00
https://www.optica2000.com/gafas-graduadas/ralphlauren-0rl5120-9450-54-17/8056597836791,optica2000,8056597836791,Ralph Lauren 0RL5120 9450,Ralph Lauren,,Marrón,Metal,Redondo,Aro Completo,Mujer,125.0,17.0,54.0,145.0,0RL5120 9450,249.0,,249.0,False,,False,True,True,True,2026-08-02T10:04:35+00:00
https://www.optica2000.com/gafas-graduadas/ralphlauren-0rl5123-9150-54-16/8056597903370,optica2000,8056597903370,Ralph Lauren 0RL5123 9150,Ralph Lauren,,Havana,Metal,Ojo de gato,Aro Completo,Mujer,124.0,16.0,54.0,145.0,0RL5123 9150,235.0,,235.0,False,,False,True,True,True,2026-08-02T10:08:01+00:00
https://www.optica2000.com/gafas-graduadas/ralphlauren-0rl6056-5220-53-16/713132333259,optica2000,713132333259,Ralph Lauren 0RL6056 5220,Ralph Lauren,,Rosa,Acetato,Rectángulo,Aro Completo,Mujer,122.0,16.0,53.0,135.0,0RL6056 5220,75.0,150.0,150.0,True,50.0,True,True,True,False,2026-08-02T10:02:56+00:00
https://www.optica2000.com/gafas-graduadas/ralphlauren-0rl6062-5877-52-16/8056597551779,optica2000,8056597551779,Ralph Lauren 0RL6062 5877,Ralph Lauren,,Violeta,Acetato,Cuadrado,Aro Completo,Mujer,120.0,16.0,52.0,135.0,0RL6062 5877,70.0,140.0,140.0,True,50.0,True,True,True,False,2026-08-02T09:57:33+00:00
https://www.optica2000.com/gafas-graduadas/ralphlauren-0rl6135-5276-52-16/8053672418682,optica2000,8053672418682,Ralph Lauren 0RL6135 5276,Ralph Lauren,,Azul,Acetato,Rectángulo,Aro Completo,Mujer,120.0,16.0,52.0,140.0,0RL6135 5276,77.5,155.0,155.0,True,50.0,True,True,True,False,2026-08-02T09:45:29+00:00
https://www.optica2000.com/gafas-graduadas/ralphlauren-0rl6136-5003-53-16/8053672418743,optica2000,8053672418743,Ralph Lauren 0RL6136 5003,Ralph Lauren,,Havana,Acetato,Rectángulo,Aro Completo,Mujer,122.0,16.0,53.0,135.0,0RL6136 5003,75.0,150.0,150.0,True,50.0,True,True,True,False,2026-08-02T09:49:10+00:00
https://www.optica2000.com/gafas-graduadas/ralphlauren-0rl6223b-5001-55-16/8056597619837,optica2000,8056597619837,Ralph Lauren 0RL6223B 5001,Ralph Lauren,,Negro,Acetato,Ojo de gato,Aro Completo,Mujer,126.0,16.0,55.0,140.0,0RL6223B 5001,85.0,170.0,170.0,True,50.0,True,True,True,False,2026-08-02T09:32:33+00:00
https://www.optica2000.com/gafas-graduadas/ralphlauren-0rl6227u-5003-52-16/8056597704007,optica2000,8056597704007,Ralph Lauren 0RL6227U 5003,Ralph Lauren,,Havana,Acetato,Oval,Aro Completo,Mujer,120.0,16.0,52.0,145.0,0RL6227U 5003,89.5,179.0,179.0,True,50.0,True,True,True,False,2026-08-02T09:58:07+00:00
https://www.optica2000.com/gafas-graduadas/ralphlauren-0rl6227u-5912-52-16/8056597704021,optica2000,8056597704021,Ralph Lauren 0RL6227U 5912,Ralph Lauren,,Burdeos,Acetato,Oval,Aro Completo,Mujer,120.0,16.0,52.0,145.0,0RL6227U 5912,89.5,179.0,179.0,True,50.0,True,True,True,False,2026-08-02T10:02:38+00:00
https://www.optica2000.com/gafas-graduadas/ralphlauren-0rl6230u-6031-53-16/8056597703925,optica2000,8056597703925,Ralph Lauren 0RL6230U 6031,Ralph Lauren,,Violeta,Acetato,Rectángulo,Aro Completo,Mujer,122.0,16.0,53.0,145.0,0RL6230U 6031,165.0,,165.0,False,,False,True,True,True,2026-08-02T09:58:13+00:00
https://www.optica2000.com/gafas-graduadas/ralphlauren-0rl6232u-6052-52-16/8056597825283,optica2000,8056597825283,Ralph Lauren 0RL6232U 6052,Ralph Lauren,,Violeta,Acetato,Ojo de gato,Aro Completo,Mujer,120.0,16.0,52.0,145.0,0RL6232U 6052,84.0,168.0,168.0,True,50.0,True,True,True,False,2026-08-02T09:43:56+00:00
https://www.optica2000.com/gafas-graduadas/ralphlauren-0rl6236u-5001-53-17/8056597901970,optica2000,8056597901970,Ralph Lauren 0RL6236U 5001,Ralph Lauren,,Havana,Acetato,Cuadrado,Aro Completo,Mujer,123.0,17.0,53.0,145.0,0RL6236U 5001,236.0,,236.0,False,,False,True,True,True,2026-08-02T09:38:23+00:00
https://www.optica2000.com/gafas-graduadas/ralphlauren-0rl6237u-5003-52-17/8056597902205,optica2000,8056597902205,Ralph Lauren 0RL6237U 5003,Ralph Lauren,,Havana,Acetato,Oval,Aro Completo,Mujer,121.0,17.0,52.0,145.0,0RL6237U 5003,118.0,236.0,236.0,True,50.0,True,True,True,False,2026-08-02T09:49:27+00:00
https://www.optica2000.com/gafas-graduadas/ralphlauren-0rl6238u-5007-52-17/8056597902106,optica2000,8056597902106,Ralph Lauren 0RL6238U 5007,Ralph Lauren,,Transparente,Acetato,Ojo de gato,Aro Completo,Mujer,121.0,17.0,52.0,145.0,0RL6238U 5007,118.0,236.0,236.0,True,50.0,True,True,True,False,2026-08-02T10:07:58+00:00
https://www.optica2000.com/gafas-graduadas/ray-ban-ari-optics-rb3758v-2502/8056262417560,optica2000,8056262417560,Ray-Ban RB3758V 2502,Ray-Ban,,Gris,Metal,Cuadrado,Aro Completo,"Unisex, Hombre, Mujer",128.0,16.0,56.0,145.0,RB3758V 2502,137.0,,137.0,False,,False,True,True,True,2026-08-02T09:59:25+00:00
https://www.optica2000.com/gafas-graduadas/ray-ban-aviator-max-optics-rb3925v-2500/8056262664049,optica2000,8056262664049,Ray-Ban Aviator Max Optics RB3925V 2500,Ray-Ban,,Oro,Metal,Aviador,Aro Completo,"Unisex, Hombre, Mujer",130.0,16.0,57.0,145.0,Aviator Max Optics RB3925V 2500,179.0,,179.0,False,,False,True,True,True,2026-08-02T10:00:09+00:00
https://www.optica2000.com/gafas-graduadas/ray-ban-hexagonal-optics-rb6448-2501/8056597124508,optica2000,8056597124508,Ray-Ban RB6448 2501,Ray-Ban,,Plata,Metal,Hexagonal,Aro Completo,"Unisex, Hombre, Mujer",123.0,21.0,51.0,145.0,RB6448 2501,163.0,,163.0,False,,False,True,True,False,2026-08-02T09:44:28+00:00
https://www.optica2000.com/gafas-graduadas/ray-ban-laurene-optics-bio-based-rb7256-8260/8056262456866,optica2000,8056262456866,Ray-Ban RB7256 8260,Ray-Ban,,Negro,Acetato moldado,Cuadrado,Aro Completo,"Unisex, Hombre, Mujer",124.0,18.0,53.0,145.0,RB7256 8260,163.0,,163.0,False,,False,True,True,True,2026-08-02T09:52:10+00:00
https://www.optica2000.com/gafas-graduadas/ray-ban-laurene-optics-bio-based-rb7256-8315/8056262456880,optica2000,8056262456880,Ray-Ban RB7256 8315,Ray-Ban,,Marrón,Acetato moldado,Cuadrado,Aro Completo,"Unisex, Hombre, Mujer",124.0,18.0,53.0,145.0,RB7256 8315,169.0,,169.0,False,,False,True,True,True,2026-08-02T09:57:12+00:00
https://www.optica2000.com/gafas-graduadas/ray-ban-laurene-optics-bio-based-rb7256-8431/8056262456903,optica2000,8056262456903,Ray-Ban RB7256 8431,Ray-Ban,,Gris,Acetato moldado,Cuadrado,Aro Completo,"Unisex, Hombre, Mujer",124.0,18.0,53.0,145.0,RB7256 8431,169.0,,169.0,False,,False,True,True,True,2026-08-02T10:05:32+00:00
https://www.optica2000.com/gafas-graduadas/ray-ban-mega-clubmaster-optics-liteforce-rb7316v-5204/8056262275740,optica2000,8056262275740,Ray-Ban RB7316V 5204,Ray-Ban,,Oro,Peek,Cuadrado,Aro Completo,"Unisex, Hombre, Mujer",125.0,21.0,52.0,145.0,RB7316V 5204,194.0,,194.0,False,,False,True,True,True,2026-08-02T10:06:11+00:00
https://www.optica2000.com/gafas-graduadas/ray-ban-meta-blayzer-optics-rw7001-2077-50/8056262944554,optica2000,8056262944554,Ray-Ban Meta Blayzer Optics (Gen 2) RW7001 2077,Ray-Ban,,Negro,Inyectado,Rectángulo,,"Unisex, Hombre, Mujer",119.0,19.0,50.0,150.0,Meta Blayzer Optics (Gen 2) RW7001 2077,469.0,,469.0,False,,False,True,True,True,2026-08-02T09:52:57+00:00
https://www.optica2000.com/gafas-graduadas/ray-ban-meta-blayzer-optics-rw7001-2077-54/8056262944561,optica2000,8056262944561,Ray-Ban Meta Blayzer Optics (Gen 2) RW7001 2077,Ray-Ban,,Negro,Inyectado,Rectángulo,,"Unisex, Hombre, Mujer",127.0,19.0,54.0,155.0,Meta Blayzer Optics (Gen 2) RW7001 2077,469.0,,469.0,False,,False,True,True,False,2026-08-02T09:58:26+00:00
https://www.optica2000.com/gafas-graduadas/ray-ban-meta-blayzer-optics-rw7001-8526-50/8056262944578,optica2000,8056262944578,Ray-Ban Meta Blayzer Optics (Gen 2) RW7001 8526,Ray-Ban,,Negro,Inyectado,Rectángulo,,"Unisex, Hombre, Mujer",119.0,19.0,50.0,150.0,Meta Blayzer Optics (Gen 2) RW7001 8526,469.0,,469.0,False,,False,True,True,True,2026-08-02T09:47:04+00:00
https://www.optica2000.com/gafas-graduadas/ray-ban-meta-blayzer-optics-rw7001-8526-54/8056262944585,optica2000,8056262944585,Ray-Ban Meta Blayzer Optics (Gen 2) RW7001 8526,Ray-Ban,,Negro,Inyectado,Rectángulo,,"Unisex, Hombre, Mujer",127.0,19.0,54.0,155.0,Meta Blayzer Optics (Gen 2) RW7001 8526,469.0,,469.0,False,,False,True,True,True,2026-08-02T10:01:08+00:00
https://www.optica2000.com/gafas-graduadas/ray-ban-meta-blayzer-optics-rw7001-8528-50/8056262944592,optica2000,8056262944592,Ray-Ban Meta Blayzer Optics (Gen 2) RW7001 8530,Ray-Ban,,Havana,Inyectado,Rectángulo,,"Unisex, Hombre, Mujer",119.0,19.0,50.0,155.0,Meta Blayzer Optics (Gen 2) RW7001 8530,469.0,,469.0,False,,False,True,True,True,2026-08-02T09:42:36+00:00
https://www.optica2000.com/gafas-graduadas/ray-ban-meta-blayzer-optics-rw7001-8528-54/8056262944608,optica2000,8056262944608,Ray-Ban Meta Blayzer Optics (Gen 2) RW7001 8530,Ray-Ban,,Havana,Inyectado,Rectángulo,,"Unisex, Hombre, Mujer",127.0,19.0,54.0,155.0,Meta Blayzer Optics (Gen 2) RW7001 8530,469.0,,469.0,False,,False,True,True,True,2026-08-02T10:03:33+00:00
https://www.optica2000.com/gafas-graduadas/ray-ban-meta-blayzer-optics-rw7001-8529-50/8056262945056,optica2000,8056262945056,Ray-Ban Meta Blayzer Optics (Gen 2) RW7001 8529,Ray-Ban,,Gris,Inyectado,Rectángulo,,"Unisex, Hombre, Mujer",119.0,19.0,50.0,150.0,Meta Blayzer Optics (Gen 2) RW7001 8529,469.0,,469.0,False,,False,True,True,True,2026-08-02T09:50:27+00:00
https://www.optica2000.com/gafas-graduadas/ray-ban-meta-blayzer-optics-rw7001-8529-54/8056262945063,optica2000,8056262945063,Ray-Ban Meta Blayzer Optics (Gen 2) RW7001 8529,Ray-Ban,,Gris,Inyectado,Rectángulo,,"Unisex, Hombre, Mujer",127.0,19.0,54.0,155.0,Meta Blayzer Optics (Gen 2) RW7001 8529,469.0,,469.0,False,,False,True,True,True,2026-08-02T09:43:11+00:00
https://www.optica2000.com/gafas-graduadas/ray-ban-meta-blayzer-optics-rw7001-8530-50/8056262945087,optica2000,8056262945087,Ray-Ban Meta Blayzer Optics (Gen 2) RW7001 8530,Ray-Ban,,Verde,Inyectado,Rectángulo,,"Unisex, Hombre, Mujer",119.0,19.0,50.0,150.0,Meta Blayzer Optics (Gen 2) RW7001 8530,469.0,,469.0,False,,False,True,True,True,2026-08-02T09:40:58+00:00
https://www.optica2000.com/gafas-graduadas/ray-ban-meta-blayzer-optics-rw7001-8530-54/8056262945094,optica2000,8056262945094,Ray-Ban Meta Blayzer Optics (Gen 2) RW7001 8530,Ray-Ban,,Verde,Inyectado,Rectángulo,,"Unisex, Hombre, Mujer",127.0,19.0,54.0,155.0,Meta Blayzer Optics (Gen 2) RW7001 8530,469.0,,469.0,False,,False,True,True,True,2026-08-02T10:08:25+00:00
https://www.optica2000.com/gafas-graduadas/ray-ban-meta-scriber-optics-rw7002-2000/8056262945315,optica2000,8056262945315,Ray-Ban Meta Scriber Optics (Gen 2) RW7002 2000,Ray-Ban,,Negro,Inyectado,Redondo,,"Unisex, Hombre, Mujer",120.0,22.0,49.0,150.0,Meta Scriber Optics (Gen 2) RW7002 2000,469.0,,469.0,False,,False,True,True,True,2026-08-02T09:32:45+00:00
https://www.optica2000.com/gafas-graduadas/ray-ban-meta-scriber-optics-rw7002-8526/8056262945322,optica2000,8056262945322,Ray-Ban Meta Scriber Optics (Gen 2) RW7002 8526,Ray-Ban,,Negro,Inyectado,Redondo,,"Unisex, Hombre, Mujer",120.0,22.0,49.0,150.0,Meta Scriber Optics (Gen 2) RW7002 8526,469.0,,469.0,False,,False,True,True,True,2026-08-02T09:55:10+00:00
https://www.optica2000.com/gafas-graduadas/ray-ban-meta-scriber-optics-rw7002-8528/8056262945339,optica2000,8056262945339,Ray-Ban Meta Scriber Optics (Gen 2) RW7002 8528,Ray-Ban,,Havana,Inyectado,Redondo,,"Unisex, Hombre, Mujer",120.0,22.0,49.0,150.0,Meta Scriber Optics (Gen 2) RW7002 8528,469.0,,469.0,False,,False,True,True,True,2026-08-02T10:07:43+00:00
https://www.optica2000.com/gafas-graduadas/ray-ban-meta-scriber-optics-rw7002-8531/8056262945346,optica2000,8056262945346,Ray-Ban Meta Scriber Optics (Gen 2) RW7002 8531,Ray-Ban,,Marrón,Inyectado,Redondo,,"Unisex, Hombre, Mujer",120.0,22.0,49.0,150.0,Meta Scriber Optics (Gen 2) RW7002 8531,469.0,,469.0,False,,False,True,True,True,2026-08-02T10:08:40+00:00
https://www.optica2000.com/gafas-graduadas/ray-ban-meta-scriber-optics-rw7002-8532/8056262945353,optica2000,8056262945353,Ray-Ban Meta Scriber Optics (Gen 2) RW7002 8532,Ray-Ban,,Marrón,Inyectado,Redondo,,"Unisex, Hombre, Mujer",120.0,22.0,49.0,150.0,Meta Scriber Optics (Gen 2) RW7002 8532,469.0,,469.0,False,,False,True,True,True,2026-08-02T09:49:18+00:00
https://www.optica2000.com/gafas-graduadas/ray-ban-optics-by-asap-rocky-rb3927v-2500/8056262904138,optica2000,8056262904138,Ray-Ban Optics By A$AP Rocky RB3927V 2509,Ray-Ban,,Negro,Metal,Rectángulo,Aro completo,"Unisex, Hombre, Mujer",125.0,21.0,52.0,145.0,Optics By A$AP Rocky RB3927V 2509,179.0,,179.0,False,,False,True,True,True,2026-08-02T09:48:16+00:00
https://www.optica2000.com/gafas-graduadas/ray-ban-optics-by-asap-rocky-rb3927v-2500/8056262904183,optica2000,8056262904183,Ray-Ban Optics By A$AP Rocky RB3927V 2500,Ray-Ban,,Oro,Metal,Rectángulo,Aro completo,"Unisex, Hombre, Mujer",129.0,21.0,54.0,145.0,Optics By A$AP Rocky RB3927V 2500,179.0,,179.0,False,,False,True,True,True,2026-08-02T10:06:45+00:00
https://www.optica2000.com/gafas-graduadas/ray-ban-optics-kids-bio-based-rb1631-3928/8056262097007,optica2000,8056262097007,Ray-Ban RB1631 3928,Ray-Ban,,Negro,Inyectado,Redondo,Aro Completo,Junior,110.0,16.0,47.0,130.0,RB1631 3928,76.0,,76.0,False,,False,True,True,True,2026-08-02T09:32:20+00:00
https://www.optica2000.com/gafas-graduadas/ray-ban-optics-kids-bio-based-rb1631-3933/8056262096932,optica2000,8056262096932,Ray-Ban RB1631 3933,Ray-Ban,,Rosa,Inyectado,Redondo,Aro Completo,Junior,106.0,16.0,45.0,130.0,RB1631 3933,76.0,,76.0,False,,False,True,True,True,2026-08-02T09:38:59+00:00
https://www.optica2000.com/gafas-graduadas/ray-ban-optics-kids-bio-based-rb1950-7203/8056262736395,optica2000,8056262736395,Ray-Ban Optics Kids Bio-Based RB1950 7204,Ray-Ban,,Rojo,Inyectado,Cuadrado,Aro Completo,Junior,105.0,17.0,44.0,130.0,Optics Kids Bio-Based RB1950 7204,97.0,,97.0,False,,False,True,True,True,2026-08-02T09:53:00+00:00
https://www.optica2000.com/gafas-graduadas/ray-ban-optics-kids-bio-based-rb1950-7203/8056262736449,optica2000,8056262736449,Ray-Ban Optics Kids Bio-Based RB1950 7203,Ray-Ban,,Azul,Inyectado,Cuadrado,Aro Completo,Junior,109.0,17.0,46.0,130.0,Optics Kids Bio-Based RB1950 7203,97.0,,97.0,False,,False,True,True,True,2026-08-02T09:40:48+00:00
https://www.optica2000.com/gafas-graduadas/ray-ban-optics-kids-rb1642-3996/8056262418666,optica2000,8056262418666,Ray-Ban RB1642 3996,Ray-Ban,,Azul,Acetato,Rectángulo,Aro Completo,Junior,108.0,16.0,46.0,135.0,RB1642 3996,97.0,,97.0,False,,False,True,True,True,2026-08-02T09:32:17+00:00
https://www.optica2000.com/gafas-graduadas/ray-ban-optics-kids-rb1642-3998/8056262418710,optica2000,8056262418710,Ray-Ban RB1642 3998,Ray-Ban,,Rojo,Acetato,Rectángulo,Aro Completo,Junior,112.0,16.0,48.0,135.0,RB1642 3998,97.0,,97.0,False,,False,True,True,True,2026-08-02T09:32:39+00:00
https://www.optica2000.com/gafas-graduadas/ray-ban-optics-kids-rb9082v-7501/8056262418956,optica2000,8056262418956,Ray-Ban RB9082V 7501,Ray-Ban,,Negro,Nylon,Redondo,Aro Completo,Junior,107.0,17.0,45.0,130.0,RB9082V 7501,107.0,,107.0,False,,False,True,True,True,2026-08-02T09:43:05+00:00
https://www.optica2000.com/gafas-graduadas/ray-ban-optics-kids-rb9082v-7504/8056262419038,optica2000,8056262419038,Ray-Ban RB9082V 7504,Ray-Ban,,Violeta,Nylon,Redondo,Aro Completo,Junior,111.0,17.0,47.0,130.0,RB9082V 7504,107.0,,107.0,False,,False,True,True,True,2026-08-02T09:50:13+00:00
https://www.optica2000.com/gafas-graduadas/ray-ban-optics-kids-rb9551v-4094/8056262275146,optica2000,8056262275146,Ray-Ban RB9551V 4094,Ray-Ban,,Azul,Metal,Cuadrado,Aro Completo,Junior,108.0,16.0,46.0,125.0,RB9551V 4094,86.0,,86.0,False,,False,True,True,True,2026-08-02T09:43:20+00:00
https://www.optica2000.com/gafas-graduadas/ray-ban-optics-rb3768v-2500/8056262562369,optica2000,8056262562369,Ray-Ban Optics RB3768V 2500,Ray-Ban,,Oro,Metal,Rectángulo,Al Aire,"Unisex, Hombre, Mujer",125.0,17.0,54.0,145.0,Optics RB3768V 2500,157.0,,157.0,False,,False,True,True,True,2026-08-02T10:06:47+00:00
https://www.optica2000.com/gafas-graduadas/ray-ban-optics-rb3768v-2500/8056262562390,optica2000,8056262562390,Ray-Ban Optics RB3768V 2501,Ray-Ban,,Plata,Metal,Rectángulo,Al Aire,"Unisex, Hombre, Mujer",129.0,17.0,56.0,145.0,Optics RB3768V 2501,157.0,,157.0,False,,False,True,True,True,2026-08-02T09:59:32+00:00
https://www.optica2000.com/gafas-graduadas/ray-ban-optics-rb5440-2000/8056262414248,optica2000,8056262414248,Ray-Ban RB5440 2000,Ray-Ban,,Negro,Acetato,Rectángulo,Aro Completo,"Unisex, Hombre, Mujer",128.0,18.0,55.0,145.0,RB5440 2000,147.0,,147.0,False,,False,True,True,True,2026-08-02T09:42:53+00:00
https://www.optica2000.com/gafas-graduadas/ray-ban-optics-rb5440-8424/8056262414323,optica2000,8056262414323,Ray-Ban RB5440 8424,Ray-Ban,,Azul,Acetato,Rectángulo,Aro Completo,"Unisex, Hombre, Mujer",128.0,18.0,55.0,145.0,RB5440 8424,147.0,,147.0,False,,False,True,True,True,2026-08-02T09:55:48+00:00
https://www.optica2000.com/gafas-graduadas/ray-ban-optics-rb5440-8425/8056262414347,optica2000,8056262414347,Ray-Ban RB5440 8425,Ray-Ban,,Amarillo,Acetato,Rectángulo,Aro Completo,"Unisex, Hombre, Mujer",128.0,18.0,55.0,145.0,RB5440 8425,147.0,,147.0,False,,False,True,True,True,2026-08-02T09:51:17+00:00
https://www.optica2000.com/gafas-graduadas/ray-ban-optics-rb5441-2000/8056262413777,optica2000,8056262413777,Ray-Ban RB5441 2000,Ray-Ban,,Negro,Acetato,Cuadrado,Aro Completo,"Unisex, Hombre, Mujer",126.0,20.0,53.0,145.0,RB5441 2000,147.0,,147.0,False,,False,True,True,True,2026-08-02T09:42:18+00:00
https://www.optica2000.com/gafas-graduadas/ray-ban-optics-rb5441-2012/8056262413791,optica2000,8056262413791,Ray-Ban RB5441 2012,Ray-Ban,,Havana,Acetato,Cuadrado,Aro Completo,"Unisex, Hombre, Mujer",126.0,20.0,53.0,145.0,RB5441 2012,147.0,,147.0,False,,False,True,True,True,2026-08-02T09:43:14+00:00
https://www.optica2000.com/gafas-graduadas/ray-ban-optics-rb5441-8425/8056262413852,optica2000,8056262413852,Ray-Ban RB5441 8425,Ray-Ban,,Amarillo,Acetato,Cuadrado,Aro Completo,"Unisex, Hombre, Mujer",126.0,20.0,53.0,145.0,RB5441 8425,147.0,,147.0,False,,False,True,True,True,2026-08-02T09:50:01+00:00
https://www.optica2000.com/gafas-graduadas/ray-ban-optics-rb5442d-2012/8056262460849,optica2000,8056262460849,Ray-Ban RB5442D 2012,Ray-Ban,,Havana,Acetato,Cuadrado,Aro Completo,"Unisex, Hombre, Mujer",122.0,18.0,52.0,145.0,RB5442D 2012,169.0,,169.0,False,,False,True,True,True,2026-08-02T09:41:08+00:00
https://www.optica2000.com/gafas-graduadas/ray-ban-optics-rb5442d-8438/8056262460870,optica2000,8056262460870,Ray-Ban RB5442D 8438,Ray-Ban,,Marrón,Acetato,Cuadrado,Aro Completo,"Unisex, Hombre, Mujer",122.0,18.0,52.0,145.0,RB5442D 8438,169.0,,169.0,False,,False,True,True,True,2026-08-02T09:56:09+00:00
https://www.optica2000.com/gafas-graduadas/ray-ban-optics-rb5445-8453/8056262561195,optica2000,8056262561195,Ray-Ban Optics RB5445 2000,Ray-Ban,,Negro,Acetato,Cuadrado,Aro Completo,"Unisex, Hombre, Mujer",127.0,19.0,54.0,145.0,Optics RB5445 2000,145.0,,145.0,False,,False,True,True,True,2026-08-02T09:55:46+00:00
https://www.optica2000.com/gafas-graduadas/ray-ban-optics-rb5445-8453/8056262561270,optica2000,8056262561270,Ray-Ban Optics RB5445 8453,Ray-Ban,,Gris,Acetato,Cuadrado,Aro Completo,"Unisex, Hombre, Mujer",127.0,19.0,54.0,145.0,Optics RB5445 8453,145.0,,145.0,False,,False,True,True,True,2026-08-02T09:54:48+00:00
https://www.optica2000.com/gafas-graduadas/ray-ban-optics-rb5446-2000/8056262561065,optica2000,8056262561065,Ray-Ban Optics RB5446 2000,Ray-Ban,,Negro,Acetato,Cuadrado,Aro Completo,"Unisex, Hombre, Mujer",125.0,19.0,53.0,145.0,Optics RB5446 2000,145.0,,145.0,False,,False,True,True,True,2026-08-02T09:41:21+00:00
https://www.optica2000.com/gafas-graduadas/ray-ban-optics-rb5448-8460/8056262561652,optica2000,8056262561652,Ray-Ban Optics RB5448 2000,Ray-Ban,,Negro,Acetato,Rectángulo,Aro Completo,"Unisex, Hombre, Mujer",129.0,19.0,55.0,145.0,Optics RB5448 2000,157.0,,157.0,False,,False,True,True,True,2026-08-02T09:49:01+00:00
https://www.optica2000.com/gafas-graduadas/ray-ban-optics-rb5448-8460/8056262561720,optica2000,8056262561720,Ray-Ban Optics RB5448 8460,Ray-Ban,,Havana,Acetato,Rectángulo,Aro Completo,"Unisex, Hombre, Mujer",125.0,19.0,53.0,145.0,Optics RB5448 8460,207.0,,207.0,False,,False,True,True,True,2026-08-02T10:03:05+00:00
https://www.optica2000.com/gafas-graduadas/ray-ban-optics-rb7159-2000/8053672823394,optica2000,8053672823394,Ray-Ban RB7159 2000,Ray-Ban,,Negro,Propionato,Redondo,Aro Completo,"Unisex, Hombre, Mujer",124.0,20.0,52.0,145.0,RB7159 2000,173.0,,173.0,False,,False,True,True,False,2026-08-02T10:03:04+00:00
https://www.optica2000.com/gafas-graduadas/ray-ban-optics-rb7208-5204/8056597730303,optica2000,8056597730303,Ray-Ban RB7208 5204,Ray-Ban,,Negro,Peek,Rectángulo,Aro Completo,"Unisex, Hombre, Mujer",122.0,18.0,52.0,145.0,RB7208 5204,194.0,,194.0,False,,False,True,True,True,2026-08-02T09:32:12+00:00
https://www.optica2000.com/gafas-graduadas/ray-ban-optics-rb7255-2000/8056262453766,optica2000,8056262453766,Ray-Ban RB7255 2000,Ray-Ban,,Negro,Nylon,Oval,Aro Completo,"Unisex, Hombre, Mujer",126.0,20.0,53.0,145.0,RB7255 2000,184.0,,184.0,False,,False,True,True,True,2026-08-02T09:39:04+00:00
https://www.optica2000.com/gafas-graduadas/ray-ban-optics-rb7255-8125/8056262453742,optica2000,8056262453742,Ray-Ban RB7255 8125,Ray-Ban,,Gris,Nylon,Oval,Aro Completo,"Unisex, Hombre, Mujer",122.0,20.0,51.0,145.0,RB7255 8125,184.0,,184.0,False,,False,True,True,True,2026-08-02T09:45:59+00:00
https://www.optica2000.com/gafas-graduadas/ray-ban-optics-rb7550-3221/8056262564219,optica2000,8056262564219,Ray-Ban Optics RB7550 3221,Ray-Ban,,Gris,Metal,Rectángulo,Aro Completo,"Unisex, Hombre, Mujer",132.0,18.0,57.0,145.0,Optics RB7550 3221,212.0,,212.0,False,,False,True,True,True,2026-08-02T09:53:30+00:00
https://www.optica2000.com/gafas-graduadas/ray-ban-optics-rb7550-3221/8056262564226,optica2000,8056262564226,Ray-Ban Optics RB7550 3222,Ray-Ban,,Negro,Metal,Rectángulo,Aro Completo,"Unisex, Hombre, Mujer",128.0,18.0,55.0,145.0,Optics RB7550 3222,212.0,,212.0,False,,False,True,True,True,2026-08-02T09:46:20+00:00
https://www.optica2000.com/gafas-graduadas/ray-ban-optics-rb7553-3217/8056262565797,optica2000,8056262565797,Ray-Ban Optics RB7553 3216,Ray-Ban,,Plata,Metal,Redondo,Semi al Aire,"Unisex, Hombre, Mujer",120.0,20.0,50.0,140.0,Optics RB7553 3216,222.0,,222.0,False,,False,True,True,True,2026-08-02T09:39:08+00:00
https://www.optica2000.com/gafas-graduadas/ray-ban-optics-rb7553-3217/8056262565827,optica2000,8056262565827,Ray-Ban Optics RB7553 3217,Ray-Ban,,Oro,Metal,Redondo,Semi al Aire,"Unisex, Hombre, Mujer",124.0,20.0,52.0,140.0,Optics RB7553 3217,222.0,,222.0,False,,False,True,True,True,2026-08-02T09:43:10+00:00
https://www.optica2000.com/gafas-graduadas/ray-ban-optics-rb8416-2916/8053672667684,optica2000,8053672667684,Ray-Ban RB8416 2916,Ray-Ban,,Negro,Metal,Cuadrado,Aro Completo,"Unisex, Hombre, Mujer",127.0,17.0,55.0,145.0,RB8416 2916,215.0,,215.0,False,,False,True,True,True,2026-08-02T10:07:21+00:00
https://www.optica2000.com/gafas-graduadas/ray-ban-optics-rb8903-5263/8053672667707,optica2000,8053672667707,Ray-Ban RB8903 5263,Ray-Ban,,Negro,Inyectado,Cuadrado,Aro Completo,"Unisex, Hombre, Mujer",128.0,18.0,55.0,145.0,RB8903 5263,215.0,,215.0,False,,False,True,True,True,2026-08-02T09:40:08+00:00
https://www.optica2000.com/gafas-graduadas/ray-ban-rb1632/8056262047637,optica2000,8056262047637,Ray-Ban RB1632 Optics Kids Bio-Based RB1632 3937,Ray-Ban,,Azul,Inyectado,Panto,,Junior,112.0,16.0,48.0,130.0,RB1632 Optics Kids Bio-Based RB1632 3937,76.0,,76.0,False,,False,True,True,True,2026-08-02T09:39:34+00:00
https://www.optica2000.com/gafas-graduadas/ray-ban-rb2241v/8056262037836,optica2000,8056262037836,Ray-Ban RB2241V Wayfarer Way Optics RB2241V 2000,Ray-Ban,,Negro,Propionato,Redondo,Aro Completo,"Unisex, Hombre, Mujer",123.0,21.0,51.0,150.0,RB2241V Wayfarer Way Optics RB2241V 2000,163.0,,163.0,False,,False,True,True,True,2026-08-02T09:45:09+00:00
https://www.optica2000.com/gafas-graduadas/ray-ban-rb2241v/8056262037911,optica2000,8056262037911,Ray-Ban RB2241V Wayfarer Way Optics RB2241V 8362,Ray-Ban,,Verde,Propionato,Redondo,Aro Completo,"Unisex, Hombre, Mujer",123.0,21.0,51.0,150.0,RB2241V Wayfarer Way Optics RB2241V 8362,155.0,,155.0,False,,False,True,True,True,2026-08-02T09:55:37+00:00
https://www.optica2000.com/gafas-graduadas/ray-ban-rb2242v/8056262132708,optica2000,8056262132708,Ray-Ban RB2242V Wayfarer Oval Optics Change RB2242V 8292,Ray-Ban,,Violeta,Propionato,Oval,Aro Completo,"Unisex, Hombre, Mujer",122.0,22.0,50.0,150.0,RB2242V Wayfarer Oval Optics Change RB2242V 8292,213.0,,213.0,False,,False,True,True,True,2026-08-02T09:44:10+00:00
https://www.optica2000.com/gafas-graduadas/ray-ban-rb2242v/8056262132722,optica2000,8056262132722,Ray-Ban RB2242V Wayfarer Oval Optics Change RB2242V 8294,Ray-Ban,,Marrón,Propionato,Oval,Aro Completo,"Unisex, Hombre, Mujer",122.0,22.0,50.0,150.0,RB2242V Wayfarer Oval Optics Change RB2242V 8294,213.0,,213.0,False,,False,True,True,True,2026-08-02T09:49:44+00:00
https://www.optica2000.com/gafas-graduadas/ray-ban-rb4340v/8056262099049,optica2000,8056262099049,Ray-Ban RB4340V Wayfarer Ease Optics Change RB4340V 8382,Ray-Ban,,Azul/Marrón,Propionato,Cuadrado,Aro Completo,"Unisex, Hombre, Mujer",122.0,22.0,50.0,150.0,RB4340V Wayfarer Ease Optics Change RB4340V 8382,219.0,,219.0,False,,False,True,True,False,2026-08-02T10:07:07+00:00
https://www.optica2000.com/gafas-graduadas/ray-ban-rb4340v/8056262182789,optica2000,8056262182789,Ray-Ban RB4340V Wayfarer Ease Optics RB4340V 8291,Ray-Ban,,Beige/Marrón,Propionato,Cuadrado,Aro Completo,"Unisex, Hombre, Mujer",122.0,22.0,50.0,150.0,RB4340V Wayfarer Ease Optics RB4340V 8291,170.4,213.0,213.0,True,20.0,True,True,True,False,2026-08-02T09:50:25+00:00
https://www.optica2000.com/gafas-graduadas/ray-ban-rb7047-5752/7895653344983,optica2000,7895653344983,Ray-Ban RB7047 5752,Ray-Ban,,Azul,Inyectado,Cuadrado,Aro Completo,"Unisex, Hombre, Mujer",125.0,17.0,54.0,140.0,RB7047 5752,137.0,,137.0,False,,False,True,True,True,2026-08-02T10:04:18+00:00
https://www.optica2000.com/gafas-graduadas/ray-ban-rb7066-8139/8056262661659,optica2000,8056262661659,Ray-Ban RB7066 8139,Ray-Ban,,Violeta,Inyectado,Cuadrado,Aro Completo,"Unisex, Hombre, Mujer",121.0,17.0,52.0,140.0,RB7066 8139,137.0,,137.0,False,,False,True,True,True,2026-08-02T09:54:33+00:00
https://www.optica2000.com/gafas-graduadas/ray-ban-rb9097v/8056597828499,optica2000,8056597828499,Ray-Ban RB9097V Elliot Optics Kids RB9097V 3897,Ray-Ban,,Azul,Nailon,Irregular,,Junior,108.0,16.0,46.0,130.0,RB9097V Elliot Optics Kids RB9097V 3897,76.0,,76.0,False,,False,True,True,True,2026-08-02T10:07:31+00:00
https://www.optica2000.com/gafas-graduadas/ray-ban-round-metal-rb3447v-3224/7895653344525,optica2000,7895653344525,Ray-Ban Round Metal RB3447V 3224,Ray-Ban,,Azul,Metal,Redondo,Aro Completo,"Unisex, Hombre, Mujer",121.0,21.0,50.0,145.0,Round Metal RB3447V 3224,169.0,,169.0,False,,False,True,True,True,2026-08-02T09:42:14+00:00
https://www.optica2000.com/gafas-graduadas/ray-ban-shilo-optics-bio-based-rb7257-8260/8056262414415,optica2000,8056262414415,Ray-Ban RB7257 8260,Ray-Ban,,Negro,Inyectado,Oval,Aro Completo,"Unisex, Hombre, Mujer",128.0,20.0,54.0,145.0,RB7257 8260,137.0,,137.0,False,,False,True,True,True,2026-08-02T09:56:49+00:00
https://www.optica2000.com/gafas-graduadas/ray-ban-shilo-optics-bio-based-rb7257-8320/8056262414422,optica2000,8056262414422,Ray-Ban RB7257 8320,Ray-Ban,,Havana,Inyectado,Oval,Aro Completo,"Unisex, Hombre, Mujer",124.0,20.0,52.0,145.0,RB7257 8320,137.0,,137.0,False,,False,True,True,True,2026-08-02T09:54:04+00:00
https://www.optica2000.com/gafas-graduadas/ray-ban-skyler-optics-rb5510-2000/8056262489161,optica2000,8056262489161,Ray-Ban RB5510 2000,Ray-Ban,,Negro,Acetato,Ojo de gato,Aro Completo,Mujer,124.0,20.0,52.0,145.0,RB5510 2000,169.0,,169.0,False,,False,True,True,True,2026-08-02T09:43:53+00:00
https://www.optica2000.com/gafas-graduadas/ray-ban-skyler-optics-rb5510-8118/8056262489192,optica2000,8056262489192,Ray-Ban RB5510 8118,Ray-Ban,,Havana,Acetato,Ojo de gato,Aro Completo,Mujer,120.0,20.0,50.0,145.0,RB5510 8118,169.0,,169.0,False,,False,True,True,True,2026-08-02T10:00:31+00:00
https://www.optica2000.com/gafas-graduadas/ray-ban-skyler-optics-rb5510-8449/8056262489222,optica2000,8056262489222,Ray-Ban RB5510 8449,Ray-Ban,,Marrón,Acetato,Ojo de gato,Aro Completo,Mujer,124.0,20.0,52.0,145.0,RB5510 8449,163.0,,163.0,False,,False,True,True,True,2026-08-02T10:03:51+00:00
https://www.optica2000.com/gafas-graduadas/rayban-0rx0298v-2144-50-21/8056597942881,optica2000,8056597942881,Ray-Ban 0RX0298V 2144,Ray-Ban,,Havana,Acetato,Cuadrado,Aro Completo,"Unisex, Hombre, Mujer",121.0,21.0,50.0,145.0,0RX0298V 2144,173.0,,173.0,False,,False,True,True,True,2026-08-02T09:51:05+00:00
https://www.optica2000.com/gafas-graduadas/rayban-0rx0298v-8324-50-21/8056597942942,optica2000,8056597942942,Ray-Ban 0RX0298V 8324,Ray-Ban,,Azul,Acetato,Cuadrado,Aro Completo,"Unisex, Hombre, Mujer",121.0,21.0,50.0,145.0,0RX0298V 8324,173.0,,173.0,False,,False,True,True,True,2026-08-02T09:31:59+00:00
https://www.optica2000.com/gafas-graduadas/rayban-0rx3447v-2500-47-21/8053672727708,optica2000,8053672727708,Ray-Ban 0RX3447V 2500,Ray-Ban,,Oro,Metal,Redondo,Aro Completo,"Unisex, Hombre, Mujer",115.0,21.0,47.0,140.0,0RX3447V 2500,169.0,,169.0,False,,False,True,True,True,2026-08-02T09:40:33+00:00
https://www.optica2000.com/gafas-graduadas/rayban-0rx3447v-2620-50-21/8053672357066,optica2000,8053672357066,Ray-Ban 0RX3447V 2620,Ray-Ban,,Gris,Metal,Redondo,Aro Completo,"Unisex, Hombre, Mujer",121.0,21.0,50.0,145.0,0RX3447V 2620,169.0,,169.0,False,,False,True,True,True,2026-08-02T09:43:02+00:00
https://www.optica2000.com/gafas-graduadas/rayban-0rx3582v-2943-49-20/8053672823585,optica2000,8053672823585,Ray-Ban 0RX3582V 2943,Ray-Ban,,Oro,Metal,Redondo,Aro Completo,"Unisex, Hombre, Mujer",118.0,20.0,49.0,140.0,0RX3582V 2943,169.0,,169.0,False,,False,True,True,True,2026-08-02T09:38:56+00:00
https://www.optica2000.com/gafas-graduadas/rayban-0rx3947v-2501-51-22/8053672971095,optica2000,8053672971095,Ray-Ban 0RX3947V 2501,Ray-Ban,,Plata,Metal,Redondo,Semi al Aire,"Unisex, Hombre, Mujer",124.0,22.0,51.0,145.0,0RX3947V 2501,163.0,,163.0,False,,False,True,True,True,2026-08-02T09:38:47+00:00
https://www.optica2000.com/gafas-graduadas/rayban-0rx4340v-2000-50-22/8053672808469,optica2000,8053672808469,Ray-Ban 0RX4340V 2000,Ray-Ban,,Negro,Propionato,Cuadrado,Aro Completo,"Unisex, Hombre, Mujer",122.0,22.0,50.0,150.0,0RX4340V 2000,169.0,,169.0,False,,False,True,True,True,2026-08-02T10:04:52+00:00
https://www.optica2000.com/gafas-graduadas/rayban-0rx4340v-2012-50-22/8053672808476,optica2000,8053672808476,Ray-Ban 0RX4340V 2012,Ray-Ban,,Havana,Propionato,Cuadrado,Aro Completo,"Unisex, Hombre, Mujer",122.0,22.0,50.0,150.0,0RX4340V 2012,163.0,,163.0,False,,False,True,True,True,2026-08-02T09:56:41+00:00
https://www.optica2000.com/gafas-graduadas/rayban-0rx5154-2000-49-21/805289270102,optica2000,805289270102,Ray-Ban 0RX5154 2000,Ray-Ban,,Negro,Acetato,Cuadrado,Aro Completo,"Unisex, Hombre, Mujer",119.0,21.0,49.0,140.0,0RX5154 2000,179.0,,179.0,False,,False,True,True,True,2026-08-02T09:48:49+00:00
https://www.optica2000.com/gafas-graduadas/rayban-0rx5393-2012-49-17/8056597317894,optica2000,8056597317894,Ray-Ban 0RX5393 2012,Ray-Ban,,Havana,Acetato,Cuadrado,Aro Completo,"Unisex, Hombre, Mujer",115.0,17.0,49.0,145.0,0RX5393 2012,169.0,,169.0,False,,False,True,True,True,2026-08-02T10:00:23+00:00
https://www.optica2000.com/gafas-graduadas/rayban-0rx5397-8175-50-19/8056597624190,optica2000,8056597624190,Ray-Ban 0RX5397 8175,Ray-Ban,,Havana,Acetato,Redondo,Aro Completo,"Unisex, Hombre, Mujer",119.0,19.0,50.0,145.0,0RX5397 8175,169.0,,169.0,False,,False,True,True,True,2026-08-02T09:48:13+00:00
https://www.optica2000.com/gafas-graduadas/rayban-0rx5422-8311-52-16/8056597939928,optica2000,8056597939928,Ray-Ban 0RX5422 8311,Ray-Ban,,Rojo,Acetato,Ojo de gato,Aro Completo,Mujer,120.0,16.0,52.0,140.0,0RX5422 8311,169.0,,169.0,False,,False,True,True,True,2026-08-02T09:58:39+00:00
https://www.optica2000.com/gafas-graduadas/rayban-0rx6375-2861-51-18/8053672875492,optica2000,8053672875492,Ray-Ban 0RX6375 2861,Ray-Ban,,Plata,Metal,Redondo,Semi al aire,"Unisex, Hombre, Mujer",120.0,18.0,51.0,145.0,0RX6375 2861,147.0,,147.0,False,,False,True,True,True,2026-08-02T09:42:03+00:00
https://www.optica2000.com/gafas-graduadas/rayban-0rx6375-2890-51-18/8053672767902,optica2000,8053672767902,Ray-Ban 0RX6375 2890,Ray-Ban,,Oro,Metal,Redondo,Aro Completo,"Unisex, Hombre, Mujer",120.0,18.0,51.0,145.0,0RX6375 2890,147.0,,147.0,False,,False,True,True,True,2026-08-02T09:46:17+00:00
https://www.optica2000.com/gafas-graduadas/rayban-0rx6375-2944-53-18/8053672767872,optica2000,8053672767872,Ray-Ban 0RX6375 2944,Ray-Ban,,Negro,Metal,Redondo,Aro Completo,"Unisex, Hombre, Mujer",124.0,18.0,53.0,145.0,0RX6375 2944,147.0,,147.0,False,,False,True,True,False,2026-08-02T09:53:51+00:00
https://www.optica2000.com/gafas-graduadas/rayban-0rx6448-2991-51-21/8056597124423,optica2000,8056597124423,Ray-Ban 0RX6448 2991,Ray-Ban,,Negro,Metal,Hexagonal,Aro Completo,"Unisex, Hombre, Mujer",123.0,21.0,51.0,145.0,0RX6448 2991,169.0,,169.0,False,,False,True,True,True,2026-08-02T09:51:29+00:00
https://www.optica2000.com/gafas-graduadas/rayban-0rx6448-3094-51-21/8056597266673,optica2000,8056597266673,Ray-Ban 0RX6448 3094,Ray-Ban,,Rosa,Metal,Hexagonal,Aro Completo,"Unisex, Hombre, Mujer",123.0,21.0,51.0,145.0,0RX6448 3094,169.0,,169.0,False,,False,True,True,True,2026-08-02T09:43:43+00:00
https://www.optica2000.com/gafas-graduadas/rayban-0rx6465-2945-51-20/8056597357654,optica2000,8056597357654,Ray-Ban 0RX6465 2945,Ray-Ban,,Havana,Metal,Hexagonal,Aro Completo,"Unisex, Hombre, Mujer",122.0,20.0,51.0,140.0,0RX6465 2945,169.0,,169.0,False,,False,True,True,True,2026-08-02T09:51:57+00:00
https://www.optica2000.com/gafas-graduadas/rayban-0rx6489-2500-55-14/8053672741841,optica2000,8053672741841,Ray-Ban 0RX6489 2500,Ray-Ban,,Oro,Metal,Aviador,Aro Completo,"Unisex, Hombre, Mujer",122.0,14.0,54.0,140.0,0RX6489 2500,169.0,,169.0,False,,False,True,True,True,2026-08-02T09:54:45+00:00
https://www.optica2000.com/gafas-graduadas/rayban-0rx7047-5196-54-17/8053672357936,optica2000,8053672357936,Ray-Ban 0RX7047 5196,Ray-Ban,,Negro,Inyectado,Cuadrado,Aro Completo,"Unisex, Hombre, Mujer",125.0,17.0,54.0,140.0,0RX7047 5196,137.0,,137.0,False,,False,True,True,True,2026-08-02T09:57:20+00:00
https://www.optica2000.com/gafas-graduadas/rayban-0rx7140-2000-49-20/8053672822557,optica2000,8053672822557,Ray-Ban 0RX7140 2000,Ray-Ban,,Negro,Inyectado,Redondo,Aro Completo,Mujer,118.0,20.0,49.0,150.0,0RX7140 2000,190.0,,190.0,False,,False,True,True,False,2026-08-02T09:59:51+00:00
https://www.optica2000.com/gafas-graduadas/rayban-0rx7140-5687-51-20/8053672822601,optica2000,8053672822601,Ray-Ban 0RX7140 5687,Ray-Ban,,Marrón,Inyectado,Redondo,Aro Completo,Mujer,122.0,20.0,51.0,150.0,0RX7140 5687,184.0,,184.0,False,,False,True,True,False,2026-08-02T09:49:45+00:00
https://www.optica2000.com/gafas-graduadas/rayban-0rx7216-8379-51-20/8056262098486,optica2000,8056262098486,Ray-Ban 0RX7216 8379,Ray-Ban,,Transparente,Propionato,Cuadrado,Aro Completo,"Unisex, Hombre, Mujer",122.0,20.0,51.0,145.0,0RX7216 8379,121.1,173.0,173.0,True,30.0,True,True,True,False,2026-08-02T09:45:50+00:00
https://www.optica2000.com/gafas-graduadas/rayban-0ry1053-4064-45-18/8053672916799,optica2000,8053672916799,Ray-Ban 0RY1053 4064,Ray-Ban,,Negro,Metal,Redondo,Aro Completo,Junior,108.0,18.0,45.0,130.0,0RY1053 4064,81.9,117.0,117.0,True,30.0,True,True,True,True,2026-08-02T09:56:26+00:00
https://www.optica2000.com/gafas-graduadas/rayban-0ry1528-3542-48-16/713132438237,optica2000,713132438237,Ray-Ban 0RY1528 3542,Ray-Ban,,Negro,Acetato,Cuadrado,Aro Completo,Junior,112.0,16.0,48.0,130.0,0RY1528 3542,53.5,107.0,107.0,True,50.0,True,True,True,False,2026-08-02T09:41:26+00:00
https://www.optica2000.com/gafas-graduadas/rayban-0ry1531-3529-48-16/8053672051926,optica2000,8053672051926,Ray-Ban 0RY1531 3529,Ray-Ban,,Negro,Acetato,Cuadrado,Aro Completo,Junior,112.0,16.0,48.0,130.0,0RY1531 3529,107.0,,107.0,False,,False,True,True,True,2026-08-02T09:56:10+00:00
https://www.optica2000.com/gafas-graduadas/rayban-0ry1531-3647-48-16/8053672441307,optica2000,8053672441307,Ray-Ban 0RY1531 3647,Ray-Ban,,Azul,Acetato,Cuadrado,Aro Completo,Junior,112.0,16.0,48.0,130.0,0RY1531 3647,107.0,,107.0,False,,False,True,True,True,2026-08-02T10:00:38+00:00
https://www.optica2000.com/gafas-graduadas/rayban-0ry1549-3655-48-16/8053672491043,optica2000,8053672491043,Ray-Ban 0RY1549 3655,Ray-Ban,,Azul,Inyectado,Cuadrado,Aro Completo,Junior,112.0,16.0,48.0,125.0,0RY1549 3655,107.0,,107.0,False,,False,True,True,True,2026-08-02T09:54:15+00:00
https://www.optica2000.com/gafas-graduadas/rayban-0ry1554-3616-48-16/8053672610758,optica2000,8053672610758,Ray-Ban 0RY1554 3616,Ray-Ban,,Marrón,Inyectado,Redondo,Aro Completo,Junior,112.0,16.0,48.0,130.0,0RY1554 3616,96.0,,96.0,False,,False,True,True,True,2026-08-02T09:48:32+00:00
https://www.optica2000.com/gafas-graduadas/rayban-0ry1592-3529-48-16/8056597175487,optica2000,8056597175487,Ray-Ban 0RY1592 3529,Ray-Ban,,Negro,Acetato,Cuadrado,Aro Completo,Junior,112.0,16.0,48.0,130.0,0RY1592 3529,96.0,,96.0,False,,False,True,True,False,2026-08-02T10:03:39+00:00
https://www.optica2000.com/gafas-graduadas/rayban-0ry1598-3775-49-16/8056597175678,optica2000,8056597175678,Ray-Ban 0RY1598 3775,Ray-Ban,,Azul,Nylon,Cuadrado,Aro Completo,Junior,114.0,16.0,49.0,130.0,0RY1598 3775,86.0,,86.0,False,,False,True,True,True,2026-08-02T09:48:22+00:00
https://www.optica2000.com/gafas-graduadas/rayban-0ry1900-3834-47-15/8056597176392,optica2000,8056597176392,Ray-Ban 0RY1900 3834,Ray-Ban,,Transparente,Inyectado,Rectángulo,Aro Completo,Junior,109.0,15.0,47.0,125.0,0RY1900 3834,43.0,86.0,86.0,True,50.0,True,True,True,False,2026-08-02T09:41:59+00:00
https://www.optica2000.com/gafas-graduadas/rayban-0ry9078v-3950-48-16/8056597941723,optica2000,8056597941723,Ray-Ban 0RY9078V 3950,Ray-Ban,,Rojo,Inyectado,Cuadrado,Aro Completo,Junior,112.0,16.0,48.0,135.0,0RY9078V 3950,38.0,76.0,76.0,True,50.0,True,True,True,False,2026-08-02T10:09:01+00:00
https://www.optica2000.com/gafas-graduadas/rayban-0ry9095v-3685-47-16/8056597666046,optica2000,8056597666046,Ray-Ban 0RY9095V 3685,Ray-Ban,,Havana,Nylon,Cuadrado,Aro Completo,Junior,110.0,16.0,47.0,130.0,0RY9095V 3685,76.0,,76.0,False,,False,True,True,True,2026-08-02T09:40:06+00:00
https://www.optica2000.com/gafas-graduadas/scuderia-ferrari-fz7009-101/8056262407622,optica2000,8056262407622,Scuderia Ferrari FZ7009 101,Scuderia Ferrari,,Negro,Metal,Rectángulo,Semi Al Aire,Hombre,125.0,17.0,54.0,145.0,FZ7009 101,175.0,,175.0,False,,False,True,True,True,2026-08-02T09:31:51+00:00
https://www.optica2000.com/gafas-graduadas/scuderia-ferrari-fz7009-103/8056262407639,optica2000,8056262407639,Scuderia Ferrari FZ7009 103,Scuderia Ferrari,,Plata,Metal,,,Hombre,125.0,17.0,54.0,145.0,FZ7009 103,175.0,,175.0,False,,False,True,True,False,2026-08-02T09:40:45+00:00
https://www.optica2000.com/gafas-graduadas/scuderia-ferrari-fz8002u-513/8056262071380,optica2000,8056262071380,Scuderia Ferrari FZ8002U 513,Scuderia Ferrari,,Transparente,Inyectado,Redondo,Aro Completo,Hombre,121.0,21.0,50.0,145.0,FZ8002U 513,105.0,,105.0,False,,False,True,True,True,2026-08-02T09:39:24+00:00
https://www.optica2000.com/gafas-graduadas/scuderia-ferrari-fz8020u-501/8056262407714,optica2000,8056262407714,Scuderia Ferrari FZ8020U 501,Scuderia Ferrari,,Negro,Inyectado,,,"Unisex, Mujer, Hombre",127.0,17.0,55.0,145.0,FZ8020U 501,155.0,,155.0,False,,False,True,True,True,2026-08-02T09:45:23+00:00
https://www.optica2000.com/gafas-graduadas/scuderia-ferrari-fz8020u-529/8056262407820,optica2000,8056262407820,Scuderia Ferrari FZ8020U 529,Scuderia Ferrari,,Transparente,Inyectado,,Aro Completo,"Unisex, Hombre, Mujer",123.0,17.0,53.0,145.0,FZ8020U 529,155.0,,155.0,False,,False,True,True,True,2026-08-02T10:09:18+00:00
https://www.optica2000.com/gafas-graduadas/scuderia-ferrari-fz8027u-508/8056262827239,optica2000,8056262827239,Scuderia Ferrari FZ8027U 508,Scuderia Ferrari,,Violeta,Inyectado,Cuadrado,Aro Completo,Hombre,123.0,17.0,53.0,145.0,FZ8027U 508,155.0,,155.0,False,,False,True,True,True,2026-08-02T10:08:52+00:00
https://www.optica2000.com/gafas-graduadas/scuderia-ferrari-fz8027u-508/8056262827260,optica2000,8056262827260,Scuderia Ferrari FZ8027U 513,Scuderia Ferrari,,Blanco,Inyectado,Cuadrado,Aro Completo,Hombre,129.0,17.0,56.0,145.0,FZ8027U 513,155.0,,155.0,False,,False,True,True,True,2026-08-02T10:05:40+00:00
https://www.optica2000.com/gafas-graduadas/scuderia-ferrari-fz8029d-757/8056262828601,optica2000,8056262828601,Scuderia Ferrari FZ8029D 757,Scuderia Ferrari,,Negro,Acetato,Cuadrado,Aro Completo,"Unisex, Hombre, Mujer",124.0,16.0,54.0,145.0,FZ8029D 757,175.0,,175.0,False,,False,True,True,True,2026-08-02T09:59:05+00:00
https://www.optica2000.com/gafas-graduadas/seen-ne1015-1500/8719154778865,optica2000,8719154778865,Seen NE1015 2600,Seen,,Gris,Acero,Rectángulo,Aro Completo,Hombre,120.0,16.0,52.0,140.0,NE1015 2600,49.0,,49.0,False,,False,True,True,False,2026-08-02T10:03:31+00:00
https://www.optica2000.com/gafas-graduadas/seen-ne1028-1500/8719154685217,optica2000,8719154685217,Seen NE1028 2600,Seen,,Gris,Acero,Rectángulo,Aro Completo,Hombre,126.0,16.0,55.0,140.0,NE1028 2600,49.0,,49.0,False,,False,True,True,True,2026-08-02T09:44:26+00:00
https://www.optica2000.com/gafas-graduadas/seen-ne1028-1500/8719154685224,optica2000,8719154685224,Seen NE1028 1500,Seen,,Azul,Acero,Rectángulo,Aro Completo,Hombre,126.0,16.0,55.0,140.0,NE1028 1500,49.0,,49.0,False,,False,True,True,False,2026-08-02T10:02:14+00:00
https://www.optica2000.com/gafas-graduadas/seen-ne1042-2/8056597986663,optica2000,8056597986663,Seen NE1042 2,Seen,,Rojo,Metal,Redondo,Aro Completo,Mujer,121.0,17.0,52.0,135.0,NE1042 2,49.0,,49.0,False,,False,True,True,False,2026-08-02T09:55:34+00:00
https://www.optica2000.com/gafas-graduadas/seen-ne3022-1500/8719154832352,optica2000,8719154832352,Seen NE3022 1500,Seen,,Azul,Propionato,Rectángulo,Aro Completo,Junior,111.0,17.0,47.0,135.0,NE3022 1500,49.0,,49.0,False,,False,True,True,True,2026-08-02T09:50:32+00:00
https://www.optica2000.com/gafas-graduadas/seen-ne3039-303901/8719154723261,optica2000,8719154723261,Seen NE3039 303901,Seen,,Havana,Propionato,Rectángulo,Aro Completo,Mujer,123.0,15.0,54.0,145.0,NE3039 303901,49.0,,49.0,False,,False,True,True,False,2026-08-02T09:59:16+00:00
https://www.optica2000.com/gafas-graduadas/seen-ne3044-4402/8719154084256,optica2000,8719154084256,Seen NE3044 4402,Seen,,Havana,Propionato,Ojo de gato,Aro Completo,Mujer,121.0,17.0,52.0,145.0,NE3044 4402,49.0,,49.0,False,,False,True,True,True,2026-08-02T10:04:17+00:00
https://www.optica2000.com/gafas-graduadas/seen-ne3046-304601/8719154727023,optica2000,8719154727023,Seen NE3046 304601,Seen,,Rosa,Propionato,Redondo,Aro Completo,Junior,107.0,17.0,45.0,130.0,NE3046 304601,49.0,,49.0,False,,False,True,True,True,2026-08-02T09:42:05+00:00
https://www.optica2000.com/gafas-graduadas/seen-ne3054-3/8056597893541,optica2000,8056597893541,Seen NE3054 3,Seen,,Naranja,Inyectado,Redondo,Aro Completo,Mujer,121.0,19.0,51.0,145.0,NE3054 3,49.0,,49.0,False,,False,True,True,True,2026-08-02T10:04:37+00:00
https://www.optica2000.com/gafas-graduadas/seen-ne3055-1/8056597892155,optica2000,8056597892155,Seen NE3055 1,Seen,,Negro,Inyectado,Redondo,Aro Completo,Hombre,124.0,20.0,52.0,145.0,NE3055 1,49.0,,49.0,False,,False,True,True,True,2026-08-02T10:03:20+00:00
https://www.optica2000.com/gafas-graduadas/seen-ne3076-2/8056262099483,optica2000,8056262099483,Seen NE3076 2,Seen,,Rojo,Inyectado,Ojo de gato,Aro Completo,Mujer,129.0,17.0,56.0,145.0,NE3076 2,49.0,,49.0,False,,False,True,True,True,2026-08-02T09:56:23+00:00
https://www.optica2000.com/gafas-graduadas/seen-ne3076-2/8056262099506,optica2000,8056262099506,Seen NE3076 4,Seen,,Rosa,Inyectado,Ojo de gato,Aro Completo,Mujer,129.0,17.0,56.0,145.0,NE3076 4,49.0,,49.0,False,,False,True,True,True,2026-08-02T09:39:58+00:00
https://www.optica2000.com/gafas-graduadas/seen-nj1013-1/8056597986809,optica2000,8056597986809,Seen NJ1013 1,Seen,,Oro,Metal,Irregular,Aro Completo,Junior,112.0,16.0,48.0,130.0,NJ1013 1,49.0,,49.0,False,,False,True,True,True,2026-08-02T10:03:57+00:00
https://www.optica2000.com/gafas-graduadas/seen-nj1014-1/8056597986847,optica2000,8056597986847,Seen NJ1014 1,Seen,,Oro,Metal,Redondo,Aro Completo,Junior,112.0,16.0,48.0,130.0,NJ1014 1,49.0,,49.0,False,,False,True,True,False,2026-08-02T09:45:33+00:00
https://www.optica2000.com/gafas-graduadas/seen-nj3020-302001/8719154727092,optica2000,8719154727092,Seen NJ3020 302001,Seen,,Oro,Propionato,Ojo de gato,Aro Completo,Junior,111.0,15.0,48.0,135.0,NJ3020 302001,49.0,,49.0,False,,False,True,True,True,2026-08-02T10:05:30+00:00
https://www.optica2000.com/gafas-graduadas/seen-nj3022-1/8056597893558,optica2000,8056597893558,Seen NJ3022 1,Seen,,Verde,Inyectado,Rectángulo,Aro Completo,Junior,107.0,15.0,46.0,125.0,NJ3022 1,49.0,,49.0,False,,False,True,True,True,2026-08-02T10:01:10+00:00
https://www.optica2000.com/gafas-graduadas/seen-nj3022-1/8056597893565,optica2000,8056597893565,Seen NJ3022 2,Seen,,Gris,Inyectado,Rectángulo,Aro Completo,Junior,107.0,15.0,46.0,125.0,NJ3022 2,49.0,,49.0,False,,False,True,True,True,2026-08-02T09:40:36+00:00
https://www.optica2000.com/gafas-graduadas/seen-nj3034-2/8056262737064,optica2000,8056262737064,Seen NJ3034 2,Seen,,Gris,Inyectado,Cuadrado,Aro Completo,Junior,115.0,19.0,48.0,135.0,NJ3034 2,21.0,,21.0,False,,False,True,True,False,2026-08-02T09:39:40+00:00
https://www.optica2000.com/gafas-graduadas/seen-nj3035-2/8056262737040,optica2000,8056262737040,Seen NJ3035 2,Seen,,Violeta,Inyectado,Redondo,Aro Completo,Junior,111.0,15.0,48.0,130.0,NJ3035 2,21.0,,21.0,False,,False,True,True,True,2026-08-02T09:44:23+00:00
https://www.optica2000.com/gafas-graduadas/seen-snam08-ss-56-16/6928121400223,optica2000,6928121400223,Seen SNAM08 SS,Seen,,Plata,Acero,Aviador,Aro Completo,Hombre,128.0,16.0,56.0,140.0,SNAM08 SS,19.5,39.0,39.0,True,50.0,True,True,True,False,2026-08-02T09:51:45+00:00
https://www.optica2000.com/gafas-graduadas/seen-snam21-bx00-52-16/8719154778957,optica2000,8719154778957,Seen SNAM21 BX00,Seen,,Negro,Propionato,Rectángulo,Aro Completo,Hombre,120.0,16.0,52.0,145.0,SNAM21 BX00,19.5,39.0,39.0,True,50.0,True,True,True,True,2026-08-02T09:53:07+00:00
https://www.optica2000.com/gafas-graduadas/seen-snbf06-vt-51-15/8719154746482,optica2000,8719154746482,Seen SNBF06 VT,Seen,,Violeta,Propionato,Ojo de gato,Aro Completo,Mujer,117.0,15.0,51.0,135.0,SNBF06 VT,27.3,39.0,39.0,True,30.0,True,True,True,True,2026-08-02T09:52:12+00:00
https://www.optica2000.com/gafas-graduadas/seen-sncm18-bb-54-14/8719154673306,optica2000,8719154673306,Seen SNCM18 BB,Seen,,Negro,Propionato,Rectángulo,Aro Completo,Hombre,122.0,14.0,54.0,140.0,SNCM18 BB,19.5,39.0,39.0,True,50.0,True,True,True,True,2026-08-02T09:55:22+00:00
https://www.optica2000.com/gafas-graduadas/seen-sndf02-nn-51-18/8719154082955,optica2000,8719154082955,Seen SNDF02 NN,Seen,,Marrón,Acero,Rectángulo,Aro Completo,Mujer,120.0,18.0,51.0,135.0,SNDF02 NN,19.5,39.0,39.0,True,50.0,True,True,True,True,2026-08-02T09:58:52+00:00
https://www.optica2000.com/gafas-graduadas/seen-snef09-vt-51-19/8719154746529,optica2000,8719154746529,Seen SNEF09 VT,Seen,,Violeta,Inyectado,Ojo de gato,Aro Completo,Mujer,121.0,19.0,51.0,135.0,SNEF09 VT,19.5,39.0,39.0,True,50.0,True,True,True,True,2026-08-02T09:45:38+00:00
https://www.optica2000.com/gafas-graduadas/seen-snem02-bb-58-15/8719154100284,optica2000,8719154100284,Seen SNEM02 BB,Seen,,Negro,Acero,Aviador,Aro Completo,Hombre,131.0,15.0,58.0,135.0,SNEM02 BB,19.5,39.0,39.0,True,50.0,True,True,True,False,2026-08-02T09:51:54+00:00
https://www.optica2000.com/gafas-graduadas/seen-snff06-bb-53-15/8719154239427,optica2000,8719154239427,Seen SNFF06 BB,Seen,,Negro,Propionato,Ojo de gato,Aro Completo,Mujer,121.0,15.0,53.0,138.0,SNFF06 BB,19.5,39.0,39.0,True,50.0,True,True,True,False,2026-08-02T09:39:33+00:00
https://www.optica2000.com/gafas-graduadas/seen-snff10-vt-53-15/8719154746543,optica2000,8719154746543,Seen SNFF10 VT,Seen,,Violeta,Propionato,Cuadrado,Aro Completo,Mujer,121.0,15.0,53.0,140.0,SNFF10 VT,19.5,39.0,39.0,True,50.0,True,True,True,False,2026-08-02T09:44:49+00:00
https://www.optica2000.com/gafas-graduadas/seen-snif09-gg-54-15/8719154520143,optica2000,8719154520143,Seen SNIF09 GG,Seen,,Gris,Propionato,Rectángulo,Aro Completo,Mujer,123.0,15.0,54.0,145.0,SNIF09 GG,19.5,39.0,39.0,True,50.0,True,True,True,True,2026-08-02T10:01:59+00:00
https://www.optica2000.com/gafas-graduadas/seen-snif10-pp-52-15/8719154673542,optica2000,8719154673542,Seen SNIF10 PP,Seen,,Rosa,Propionato,Rectángulo Cuadrado,Aro Completo,Mujer,119.0,15.0,52.0,140.0,SNIF10 PP,19.5,39.0,39.0,True,50.0,True,True,True,False,2026-08-02T09:45:42+00:00
https://www.optica2000.com/gafas-graduadas/seen-snof0008-vv00-56-15/8719154674068,optica2000,8719154674068,Seen SNOF0008 VV00,Seen,,Violeta,Propionato,Ojo de gato,Aro Completo,Mujer,127.0,15.0,56.0,145.0,SNOF0008 VV00,19.5,39.0,39.0,True,50.0,True,True,True,True,2026-08-02T09:49:59+00:00
https://www.optica2000.com/gafas-graduadas/seen-snom0003-bb00-56-18/8719154674259,optica2000,8719154674259,Seen SNOM0003 BB00,Seen,,Negro,Acero,Rectángulo,Aro Completo,Hombre,130.0,18.0,56.0,140.0,SNOM0003 BB00,19.5,39.0,39.0,True,50.0,True,True,True,True,2026-08-02T09:55:18+00:00
https://www.optica2000.com/gafas-graduadas/seen-snom0006-gg00-55-14/8719154674402,optica2000,8719154674402,Seen SNOM0006 GG00,Seen,,Gris,Propionato,Rectángulo,Aro Completo,Hombre,124.0,14.0,55.0,145.0,SNOM0006 GG00,19.5,39.0,39.0,True,50.0,True,True,True,False,2026-08-02T09:55:03+00:00
https://www.optica2000.com/gafas-graduadas/seen-snom5003-bb00-48-21/8719154685149,optica2000,8719154685149,Seen SNOM5003 BB00,Seen,,Negro,Propionato,Cuadrado,Aro Completo,Hombre,117.0,21.0,48.0,145.0,SNOM5003 BB00,19.5,39.0,39.0,True,50.0,True,True,True,False,2026-08-02T09:53:21+00:00
https://www.optica2000.com/gafas-graduadas/seen-snou5003-hh00-50-17/8719154674730,optica2000,8719154674730,Seen SNOU5003 HH00,Seen,,Havana,Propionato,Redondo,Aro Completo,Hombre,117.0,17.0,50.0,140.0,SNOU5003 HH00,19.5,39.0,39.0,True,50.0,True,True,True,False,2026-08-02T09:44:40+00:00
https://www.optica2000.com/gafas-graduadas/seen-snou5007-dd00-50-21/8719154675287,optica2000,8719154675287,Seen SNOU5007 DD00,Seen,,Oro,Acero,Redondo,Aro Completo,Hombre,121.0,21.0,50.0,145.0,SNOU5007 DD00,19.5,39.0,39.0,True,50.0,True,True,True,False,2026-08-02T09:54:22+00:00
https://www.optica2000.com/gafas-graduadas/seen-snou5008-hh00-48-20/8719154685262,optica2000,8719154685262,Seen SNOU5008 HH00,Seen,,Havana,Propionato,Redondo,Aro Completo,Hombre,116.0,20.0,48.0,140.0,SNOU5008 HH00,19.5,39.0,39.0,True,50.0,True,True,True,True,2026-08-02T10:08:58+00:00
https://www.optica2000.com/gafas-graduadas/seen-snou5010-dd00-53-20/8719154685606,optica2000,8719154685606,Seen SNOU5010 DD00,Seen,,Oro,Acero,Cuadrado,Aro Completo,Mujer,126.0,20.0,53.0,140.0,SNOU5010 DD00,19.5,39.0,39.0,True,50.0,True,True,True,True,2026-08-02T09:41:48+00:00
https://www.optica2000.com/gafas-graduadas/seen-snou5010-gg00-53-20/8719154685613,optica2000,8719154685613,Seen SNOU5010 GG00,Seen,,Gris,Acero,Cuadrado,Aro Completo,Mujer,126.0,20.0,53.0,140.0,SNOU5010 GG00,19.5,39.0,39.0,True,50.0,True,True,True,True,2026-08-02T09:32:18+00:00
https://www.optica2000.com/gafas-graduadas/silhouette-2s000707/888465378984,optica2000,888465378984,Silhouette 1590 2S000707 1105,Silhouette,,Negro,Inyectado,Rectángulo Cuadrado,,Mujer,119.0,15.0,52.0,140.0,1590 2S000707 1105,375.0,,375.0,False,,False,True,True,True,2026-08-02T09:45:47+00:00
https://www.optica2000.com/gafas-graduadas/silhouette-2s000750/888465343029,optica2000,888465343029,Silhouette 5529/FG 2S000750 4100,Silhouette,,Plata P,Metal,Rectángulo Cuadrado,,Hombre,123.0,19.0,52.0,140.0,5529/FG 2S000750 4100,475.0,,475.0,False,,False,True,True,True,2026-08-02T09:53:45+00:00
https://www.optica2000.com/gafas-graduadas/silhouette-2s000754/888465257326,optica2000,888465257326,Silhouette 1562 2S000754 3900,Silhouette,,Rojo,Inyectado,Redondo,Aro Completo,Mujer,144.0,16.0,64.0,140.0,1562 2S000754 3900,262.5,375.0,375.0,True,30.0,True,True,True,True,2026-08-02T09:40:44+00:00
https://www.optica2000.com/gafas-graduadas/silhouette-2s000787/888465521533,optica2000,888465521533,Silhouette 5561 2S000787 3500,Silhouette,,Rosa,Titanio,Rectángulo,Rimless,"Unisex, Hombre, Mujer",123.0,19.0,52.0,140.0,5561 2S000787 3500,415.0,,415.0,False,,False,True,True,True,2026-08-02T10:05:29+00:00
https://www.optica2000.com/gafas-graduadas/silhouette-2s000787/888465521618,optica2000,888465521618,Silhouette 5561 2S000787 1500,Silhouette,,Azul,Titanio,Rectángulo,Rimless,"Unisex, Hombre, Mujer",161.0,19.0,71.0,145.0,5561 2S000787 1500,415.0,,415.0,False,,False,True,True,True,2026-08-02T10:00:41+00:00
https://www.optica2000.com/gafas-graduadas/swarovski-0sk1001-4004-53-20/8056597956154,optica2000,8056597956154,Swarovski 0SK1001 4004,Swarovski,,Oro,Metal,Redondo,Aro Completo,Mujer,126.0,20.0,53.0,130.0,0SK1001 4004,115.0,230.0,230.0,True,50.0,True,True,True,False,2026-08-02T09:54:25+00:00
https://www.optica2000.com/gafas-graduadas/swarovski-0sk1004-4014-49-19/8056597958714,optica2000,8056597958714,Swarovski 0SK1004 4014,Swarovski,,Bronce,Metal,Redondo,Semi al aire,Mujer,117.0,19.0,49.0,135.0,0SK1004 4014,163.0,,163.0,False,,False,True,True,True,2026-08-02T09:49:52+00:00
https://www.optica2000.com/gafas-graduadas/swarovski-0sk2005-1008-53-17/8056597955928,optica2000,8056597955928,Swarovski 0SK2005 1008,Swarovski,,Burdeos,Acetato,Ojo de gato,Aro Completo,Mujer,123.0,17.0,53.0,135.0,0SK2005 1008,115.0,230.0,230.0,True,50.0,True,True,True,False,2026-08-02T10:08:03+00:00
https://www.optica2000.com/gafas-graduadas/swarovski-SK2002-1035-51-17/8056597943901,optica2000,8056597943901,Swarovski SK2002 1001,Swarovski,,Negro,Acetato,Cuadrado,Aro Completo,Mujer,123.0,17.0,53.0,140.0,SK2002 1001,150.0,,150.0,False,,False,True,True,True,2026-08-02T10:06:28+00:00
https://www.optica2000.com/gafas-graduadas/swarovski-SK2002-1035-51-17/8056597943949,optica2000,8056597943949,Swarovski SK2002 1008,Swarovski,,Rojo,Acetato,Cuadrado,Aro Completo,Mujer,123.0,17.0,53.0,140.0,SK2002 1008,150.0,,150.0,False,,False,True,True,True,2026-08-02T09:46:58+00:00
https://www.optica2000.com/gafas-graduadas/swarovski-SK2002-1035-51-17/8056597943963,optica2000,8056597943963,Swarovski SK2002 1034,Swarovski,,Marrón,Acetato,Cuadrado,Aro Completo,Mujer,123.0,17.0,53.0,140.0,SK2002 1034,150.0,,150.0,False,,False,True,True,True,2026-08-02T09:54:36+00:00
https://www.optica2000.com/gafas-graduadas/swarovski-SK2002-1035-51-17/8056597943970,optica2000,8056597943970,Swarovski SK2002 1035,Swarovski,,Transparente,Acetato,Cuadrado,Aro Completo,"Unisex, Hombre, Mujer",119.0,17.0,51.0,140.0,SK2002 1035,150.0,,150.0,False,,False,True,True,True,2026-08-02T10:02:19+00:00
https://www.optica2000.com/gafas-graduadas/swarovski-SK2008-1001-53-17/8056597958998,optica2000,8056597958998,Swarovski SK2008 1001,Swarovski,,Negro,Acetato,Irregular,Aro Completo,Hombre,123.0,17.0,53.0,140.0,SK2008 1001,163.0,,163.0,False,,False,True,True,True,2026-08-02T10:01:24+00:00
https://www.optica2000.com/gafas-graduadas/swarovski-SK2008-1001-53-17/8056597959018,optica2000,8056597959018,Swarovski SK2008 1002,Swarovski,,Havana,Acetato,Irregular,Aro Completo,Mujer,123.0,17.0,53.0,140.0,SK2008 1002,163.0,,163.0,False,,False,True,True,True,2026-08-02T09:47:43+00:00
https://www.optica2000.com/gafas-graduadas/swarovski-SK2008-1001-53-17/8056597959056,optica2000,8056597959056,Swarovski SK2008 1027,Swarovski,,Transparente,Acetato,Irregular,Aro Completo,Mujer,123.0,17.0,53.0,140.0,SK2008 1027,163.0,,163.0,False,,False,True,True,True,2026-08-02T09:41:50+00:00
https://www.optica2000.com/gafas-graduadas/swarovski-sk1007/8056597967723,optica2000,8056597967723,Swarovski SK1007 4021,Swarovski,,Oro,Metal,Ojo de gato,Aro completo,Mujer,128.0,18.0,55.0,140.0,SK1007 4021,150.0,,150.0,False,,False,True,True,True,2026-08-02T09:42:46+00:00
https://www.optica2000.com/gafas-graduadas/swarovski-sk1011-4014/8056262079263,optica2000,8056262079263,Swarovski SK1011 4014,Swarovski,,Oro,Metal,Irregular,Aro Completo,Mujer,124.0,18.0,53.0,135.0,SK1011 4014,163.0,,163.0,False,,False,True,True,True,2026-08-02T09:55:45+00:00
https://www.optica2000.com/gafas-graduadas/swarovski-sk1024-401m/8056262466216,optica2000,8056262466216,Swarovski SK1024 401M,Swarovski,,Plata,Metal,Ojo de gato,Aro Completo,Mujer,125.0,19.0,53.0,140.0,SK1024 401M,161.0,230.0,230.0,True,30.0,True,True,True,True,2026-08-02T10:07:19+00:00
https://www.optica2000.com/gafas-graduadas/swarovski-sk1024-404m/8056262466148,optica2000,8056262466148,Swarovski SK1024 404M,Swarovski,,Oro,Metal,Ojo de gato,Aro Completo,Mujer,121.0,19.0,51.0,140.0,SK1024 404M,250.0,,250.0,False,,False,True,True,True,2026-08-02T10:08:30+00:00
https://www.optica2000.com/gafas-graduadas/swarovski-sk1025-404g/8056262466261,optica2000,8056262466261,Swarovski SK1025 404G,Swarovski,,Oro,Metal,Ojo de gato,Aro Completo,Mujer,122.0,18.0,52.0,140.0,SK1025 404G,163.0,,163.0,False,,False,True,True,False,2026-08-02T09:51:12+00:00
https://www.optica2000.com/gafas-graduadas/swarovski-sk1025-404m/8056262466230,optica2000,8056262466230,Swarovski SK1025 404M,Swarovski,,Oro,Metal,Ojo de gato,Aro Completo,Mujer,126.0,18.0,54.0,140.0,SK1025 404M,163.0,,163.0,False,,False,True,True,False,2026-08-02T09:56:52+00:00
https://www.optica2000.com/gafas-graduadas/swarovski-sk1031-4004/8056262553237,optica2000,8056262553237,Swarovski SK1031 4004,Swarovski,,Oro,Metal,Rectángulo,Al Aire,Mujer,132.0,16.0,58.0,140.0,SK1031 4004,195.0,,195.0,False,,False,True,True,True,2026-08-02T09:58:24+00:00
https://www.optica2000.com/gafas-graduadas/swarovski-sk1036-4013/8056262844168,optica2000,8056262844168,Swarovski SK1036 4013,Swarovski,,Oro,Metal,Cuadrado,Aro completo,Mujer,128.0,18.0,55.0,140.0,SK1036 4013,163.0,,163.0,False,,False,True,True,True,2026-08-02T09:45:26+00:00
https://www.optica2000.com/gafas-graduadas/swarovski-sk1036-4013/8056262844199,optica2000,8056262844199,Swarovski SK1036 4036,Swarovski,,Oro,Metal,Cuadrado,Aro completo,Mujer,124.0,18.0,53.0,140.0,SK1036 4036,163.0,,163.0,False,,False,True,True,True,2026-08-02T10:03:56+00:00
https://www.optica2000.com/gafas-graduadas/swarovski-sk2010-3001/8056597958332,optica2000,8056597958332,Swarovski SK2010 1008,Swarovski,,Burdeos,Acetato,Cuadrado,Aro Completo,Hombre,121.0,17.0,52.0,140.0,SK2010 1008,195.0,,195.0,False,,False,True,True,True,2026-08-02T10:07:45+00:00
https://www.optica2000.com/gafas-graduadas/swarovski-sk2010-3001/8056597958394,optica2000,8056597958394,Swarovski SK2010 3001,Swarovski,,Transparente,Acetato,Cuadrado,Aro Completo,Hombre,121.0,17.0,52.0,140.0,SK2010 3001,195.0,,195.0,False,,False,True,True,True,2026-08-02T09:46:40+00:00
https://www.optica2000.com/gafas-graduadas/swarovski-sk2010-3001/8056597958400,optica2000,8056597958400,Swarovski SK2010 3001,Swarovski,,Rosa,Acetato,Cuadrado,Aro Completo,Mujer,125.0,17.0,54.0,140.0,SK2010 3001,195.0,,195.0,False,,False,True,True,True,2026-08-02T10:03:34+00:00
https://www.optica2000.com/gafas-graduadas/swarovski-sk2020/8056262078150,optica2000,8056262078150,Swarovski SK2020 1043,Swarovski,,Verde,Acetato,Cuadrado,Aro Completo,Hombre,126.0,18.0,54.0,140.0,SK2020 1043,150.0,,150.0,False,,False,True,True,True,2026-08-02T09:56:34+00:00
https://www.optica2000.com/gafas-graduadas/swarovski-sk2020/8056262078181,optica2000,8056262078181,Swarovski SK2020 3003,Swarovski,,Marrón,Acetato,Cuadrado,Aro Completo,Mujer,122.0,18.0,52.0,140.0,SK2020 3003,150.0,,150.0,False,,False,True,True,True,2026-08-02T09:38:32+00:00
https://www.optica2000.com/gafas-graduadas/swarovski-sk2043-1004/8056262457733,optica2000,8056262457733,Swarovski SK2043 1004,Swarovski,,Azul,Propionato,Cuadrado,Aro Completo,Mujer,120.0,18.0,51.0,140.0,SK2043 1004,230.0,,230.0,False,,False,True,True,True,2026-08-02T09:59:40+00:00
https://www.optica2000.com/gafas-graduadas/swarovski-sk2043-1038/8056262457702,optica2000,8056262457702,Swarovski SK2043 1038,Swarovski,,Negro,Propionato,Cuadrado,Aro Completo,Mujer,116.0,18.0,49.0,140.0,SK2043 1038,230.0,,230.0,False,,False,True,True,True,2026-08-02T09:53:54+00:00
https://www.optica2000.com/gafas-graduadas/swarovski-sk2048-1001/8056262466506,optica2000,8056262466506,Swarovski SK2048 1001,Swarovski,,Negro,Acetato,Cuadrado,Aro Completo,Mujer,119.0,19.0,50.0,140.0,SK2048 1001,150.0,,150.0,False,,False,True,True,True,2026-08-02T09:52:22+00:00
https://www.optica2000.com/gafas-graduadas/swarovski-sk2048-1026/8056262466551,optica2000,8056262466551,Swarovski SK2048 1026,Swarovski,,Verde,Acetato,Cuadrado,Aro Completo,Mujer,123.0,19.0,52.0,140.0,SK2048 1026,150.0,,150.0,False,,False,True,True,False,2026-08-02T09:45:13+00:00
https://www.optica2000.com/gafas-graduadas/swarovski-sk2048-3001/8056262466575,optica2000,8056262466575,Swarovski SK2048 3001,Swarovski,,Rosa,Acetato,Cuadrado,Aro Completo,Mujer,123.0,19.0,52.0,140.0,SK2048 3001,150.0,,150.0,False,,False,True,True,True,2026-08-02T10:02:55+00:00
https://www.optica2000.com/gafas-graduadas/swarovski-sk2051-1079/8056262553916,optica2000,8056262553916,Swarovski SK2051 1002,Swarovski,,Havana,Acetato,Ojo de gato,Aro Completo,Mujer,118.0,16.0,51.0,140.0,SK2051 1002,163.0,,163.0,False,,False,True,True,True,2026-08-02T09:46:57+00:00
https://www.optica2000.com/gafas-graduadas/swarovski-sk2051-1079/8056262553961,optica2000,8056262553961,Swarovski SK2051 1079,Swarovski,,Violeta,Acetato,Ojo de gato,Aro Completo,Mujer,122.0,16.0,53.0,140.0,SK2051 1079,163.0,,163.0,False,,False,True,True,True,2026-08-02T10:01:21+00:00
https://www.optica2000.com/gafas-graduadas/swarovski-sk2052-1001/8056262552919,optica2000,8056262552919,Swarovski SK2052 1001,Swarovski,,Negro,Inyectado,Ojo de gato,Aro Completo,Mujer,116.0,18.0,49.0,140.0,SK2052 1001,230.0,,230.0,False,,False,True,True,True,2026-08-02T10:06:44+00:00
https://www.optica2000.com/gafas-graduadas/swarovski-sk2060-1002/8056262844663,optica2000,8056262844663,Swarovski SK2060 1002,Swarovski,,Havana,Acetato,Ojo de gato,Aro Completo,Mujer,126.0,16.0,55.0,140.0,SK2060 1002,163.0,,163.0,False,,False,True,True,True,2026-08-02T09:32:42+00:00
https://www.optica2000.com/gafas-graduadas/swarovski-sk2060-1002/8056262844700,optica2000,8056262844700,Swarovski SK2060 1043,Swarovski,,Verde,Acetato,Ojo de gato,Aro Completo,Mujer,126.0,16.0,55.0,140.0,SK2060 1043,163.0,,163.0,False,,False,True,True,True,2026-08-02T09:39:52+00:00
https://www.optica2000.com/gafas-graduadas/swarovski-sk2064-1043/8056262850763,optica2000,8056262850763,Swarovski SK2064 3001,Swarovski,,Rosa,Acetato,Redondo,Aro Completo,Mujer,120.0,18.0,51.0,140.0,SK2064 3001,150.0,,150.0,False,,False,True,True,True,2026-08-02T09:56:03+00:00
https://www.optica2000.com/gafas-graduadas/swarovski-sk2064-1043/8056262850848,optica2000,8056262850848,Swarovski SK2064 1043,Swarovski,,Verde,Acetato,Redondo,Aro Completo,Mujer,124.0,18.0,53.0,140.0,SK2064 1043,150.0,,150.0,False,,False,True,True,True,2026-08-02T09:42:55+00:00
https://www.optica2000.com/gafas-graduadas/swarovski-sk2065-1096/8056262839065,optica2000,8056262839065,Swarovski SK2065 3003,Swarovski,,Beige,Acetato,Cuadrado,Aro Completo,Mujer,121.0,17.0,52.0,140.0,SK2065 3003,150.0,,150.0,False,,False,True,True,True,2026-08-02T09:46:11+00:00
https://www.optica2000.com/gafas-graduadas/swarovski-sk2065-1096/8056262839119,optica2000,8056262839119,Swarovski SK2065 1096,Swarovski,,Violeta,Acetato,Cuadrado,Aro Completo,Mujer,125.0,17.0,54.0,140.0,SK2065 1096,150.0,,150.0,False,,False,True,True,True,2026-08-02T09:46:31+00:00
https://www.optica2000.com/gafas-graduadas/tiffany-0tf1127-6122-54-16/8053672752762,optica2000,8053672752762,Tiffany & Co. 0TF1127 6122,Tiffany & Co.,,Negro,Metal,Ojo de gato,Aro Completo,Mujer,124.0,16.0,54.0,140.0,0TF1127 6122,320.0,,320.0,False,,False,True,True,True,2026-08-02T09:48:04+00:00
https://www.optica2000.com/gafas-graduadas/tiffany-0tf1141-6164-54-16/8056597492553,optica2000,8056597492553,Tiffany & Co. 0TF1141 6164,Tiffany & Co.,,Negro,Metal,Ojo de gato,Semi al aire,Mujer,124.0,16.0,54.0,140.0,0TF1141 6164,145.0,290.0,290.0,True,50.0,True,True,True,False,2026-08-02T09:46:47+00:00
https://www.optica2000.com/gafas-graduadas/tiffany-0tf1151-6164-54-16/8056597846721,optica2000,8056597846721,Tiffany & Co. 0TF1151 6164,Tiffany & Co.,,Negro,Metal,Cuadrado,Aro Completo,Mujer,124.0,16.0,54.0,140.0,0TF1151 6164,142.0,284.0,284.0,True,50.0,True,True,True,False,2026-08-02T10:00:55+00:00
https://www.optica2000.com/gafas-graduadas/tiffany-0tf2109hb-8134-51-17/8053672362091,optica2000,8053672362091,Tiffany & Co. 0TF2109HB 8134,Tiffany & Co.,,Havana,Acetato,Cuadrado,Aro Completo,Mujer,119.0,17.0,51.0,140.0,0TF2109HB 8134,320.0,,320.0,False,,False,True,True,True,2026-08-02T09:43:58+00:00
https://www.optica2000.com/gafas-graduadas/tiffany-0tf2207-8055-52-15/8056597382434,optica2000,8056597382434,Tiffany & Co. 0TF2207 8055,Tiffany & Co.,,Negro,Acetato,Rectángulo,Aro Completo,Mujer,119.0,15.0,52.0,140.0,0TF2207 8055,290.0,,290.0,False,,False,True,True,True,2026-08-02T10:04:56+00:00
https://www.optica2000.com/gafas-graduadas/tiffany-0tf2209-8328-54-17/8056597383240,optica2000,8056597383240,Tiffany & Co. 0TF2209 8328,Tiffany & Co.,,Beige,Acetato,Redondo,Aro Completo,Mujer,125.0,17.0,54.0,140.0,0TF2209 8328,320.0,,320.0,False,,False,True,True,True,2026-08-02T09:58:29+00:00
https://www.optica2000.com/gafas-graduadas/tiffany-0tf2231-8001-52-16/8056597846486,optica2000,8056597846486,Tiffany & Co. 0TF2231 8001,Tiffany & Co.,,Negro,Acetato,Ojo de gato,Aro Completo,Mujer,120.0,16.0,52.0,140.0,0TF2231 8001,142.0,284.0,284.0,True,50.0,True,True,True,False,2026-08-02T09:39:11+00:00
https://www.optica2000.com/gafas-graduadas/tiffany-0tf2232u-8366-53-16/8056597848428,optica2000,8056597848428,Tiffany & Co. 0TF2232U 8366,Tiffany & Co.,,Rojo,Inyectado,Rectángulo,Aro Completo,Mujer,122.0,16.0,53.0,140.0,0TF2232U 8366,228.2,326.0,326.0,True,30.0,True,True,True,False,2026-08-02T09:58:23+00:00
https://www.optica2000.com/gafas-graduadas/tiffany-co-tf1150/8056597807258,optica2000,8056597807258,Tiffany & Co. TF1150 6002,Tiffany & Co.,,Oro O,Metal,Irregular,,Mujer,125.0,15.0,55.0,140.0,TF1150 6002,284.0,,284.0,False,,False,True,True,True,2026-08-02T09:52:03+00:00
https://www.optica2000.com/gafas-graduadas/tiffany-co-tf2217/8056262009871,optica2000,8056262009871,Tiffany & Co. TF2217 8134,Tiffany & Co.,,Oro O,Acetato,Ojo de gato,,Mujer,123.0,17.0,53.0,140.0,TF2217 8134,290.0,,290.0,False,,False,True,True,True,2026-08-02T10:05:44+00:00
https://www.optica2000.com/gafas-graduadas/tiffany-tf2223b-8001/8056262010969,optica2000,8056262010969,Tiffany & Co. TF2223B 8001,Tiffany & Co.,,Negro,Acetato,Ojo de gato,Aro Completo,Mujer,124.0,16.0,54.0,140.0,TF2223B 8001,242.9,347.0,347.0,True,30.0,True,True,True,False,2026-08-02T10:03:07+00:00
https://www.optica2000.com/gafas-graduadas/tiffany-tf2266-8001/8056262361528,optica2000,8056262361528,Tiffany & Co. TF2266 8001,Tiffany & Co.,,Negro,Acetato,Ojo de gato,Aro Completo,Mujer,119.0,17.0,51.0,140.0,TF2266 8001,305.0,,305.0,False,,False,True,True,False,2026-08-02T09:55:19+00:00
https://www.optica2000.com/gafas-graduadas/tiffany-tf2266-8405/8056262361597,optica2000,8056262361597,Tiffany & Co. TF2266 8405,Tiffany & Co.,,Violeta,Acetato,Ojo de gato,Aro Completo,Mujer,123.0,17.0,53.0,140.0,TF2266 8405,320.0,,320.0,False,,False,True,True,False,2026-08-02T09:39:48+00:00
https://www.optica2000.com/gafas-graduadas/tiffany-tf2269u-8001/8056262364208,optica2000,8056262364208,Tiffany & Co. TF2269U 8001,Tiffany & Co.,,Negro,Acetato,Rectángulo,Aro Completo,Mujer,124.0,16.0,54.0,140.0,TF2269U 8001,347.0,,347.0,False,,False,True,True,True,2026-08-02T09:42:33+00:00
https://www.optica2000.com/gafas-graduadas/tiffany-tf2269u-8389/8056262364239,optica2000,8056262364239,Tiffany & Co. TF2269U 8389,Tiffany & Co.,,Rojo,Acetato,Rectángulo,Aro Completo,Mujer,120.0,16.0,52.0,140.0,TF2269U 8389,242.9,347.0,347.0,True,30.0,True,True,True,True,2026-08-02T09:53:46+00:00
https://www.optica2000.com/gafas-graduadas/tiffany-tf2270b-8001/8056262364390,optica2000,8056262364390,Tiffany & Co. TF2270B 8001,Tiffany & Co.,,Negro,Acetato,Rectángulo,Aro Completo,Mujer,122.0,16.0,53.0,140.0,TF2270B 8001,320.0,,320.0,False,,False,True,True,True,2026-08-02T09:42:12+00:00
https://www.optica2000.com/gafas-graduadas/tiffany-tf2270b-8015/8056262364420,optica2000,8056262364420,Tiffany & Co. TF2270B 8015,Tiffany & Co.,,Havana,Acetato,Rectángulo,Aro Completo,Mujer,126.0,16.0,55.0,140.0,TF2270B 8015,320.0,,320.0,False,,False,True,True,True,2026-08-02T10:02:29+00:00
https://www.optica2000.com/gafas-graduadas/tiffany-tf2281-8015/8056262540879,optica2000,8056262540879,Tiffany & Co. TF2281 8055,Tiffany & Co.,,Negro,Acetato,Rectángulo,Aro Completo,Mujer,118.0,16.0,51.0,140.0,TF2281 8055,400.0,,400.0,False,,False,True,True,True,2026-08-02T09:39:25+00:00
https://www.optica2000.com/gafas-graduadas/tiffany-tf2281-8015/8056262540909,optica2000,8056262540909,Tiffany & Co. TF2281 8015,Tiffany & Co.,,Havana,Acetato,Rectángulo,Aro Completo,Mujer,122.0,16.0,53.0,140.0,TF2281 8015,400.0,,400.0,False,,False,True,True,True,2026-08-02T09:43:01+00:00
https://www.optica2000.com/gafas-graduadas/tom-ford-tr001756/889214489302,optica2000,889214489302,Tom Ford FT5958-B TR001756 1330,Tom Ford,,Negro,Acetato,Aviador,Aro Completo,Hombre,132.0,12.0,60.0,140.0,FT5958-B TR001756 1330,252.0,360.0,360.0,True,30.0,True,True,True,False,2026-08-02T09:41:23+00:00
https://www.optica2000.com/gafas-graduadas/tom-ford-tr001850/889214488459,optica2000,889214488459,Tom Ford FT5937-B TR001850 1330,Tom Ford,,Negro,Acetato,Redondo,Aro Completo,Hombre,122.0,18.0,52.0,145.0,FT5937-B TR001850 1330,270.0,,270.0,False,,False,True,True,True,2026-08-02T10:02:05+00:00
https://www.optica2000.com/gafas-graduadas/tom-ford-tr001860/889214488824,optica2000,889214488824,Tom Ford TR001860 4400,Tom Ford,,Havana,Acetato,Ojo de gato,Aro Completo,Mujer,125.0,15.0,55.0,140.0,TR001860 4400,310.0,,310.0,False,,False,True,True,True,2026-08-02T09:47:46+00:00
https://www.optica2000.com/gafas-graduadas/tom-ford-tr001943-1330/889214522313,optica2000,889214522313,Tom Ford TR001943 1330,Tom Ford,,Negro,Acetato,Redondo,Aro completo,Hombre,114.0,20.0,47.0,138.0,TR001943 1330,260.0,,260.0,False,,False,True,True,True,2026-08-02T09:59:13+00:00
https://www.optica2000.com/gafas-graduadas/tom-ford-tr001954-1100/889214522825,optica2000,889214522825,Tom Ford TR001954 1100,Tom Ford,,Negro,Acetato,Cuadrado,Aro completo,Mujer,125.0,15.0,55.0,140.0,TR001954 1100,320.0,,320.0,False,,False,True,True,True,2026-08-02T09:43:35+00:00
https://www.optica2000.com/gafas-graduadas/tomford-ft5616-b-056-54-14/889214074119,optica2000,889214074119,Tom Ford FT5616-B 056,Tom Ford,,Havana,Acetato,Cuadrado,Aro Completo,Mujer,122.0,14.0,54.0,140.0,FT5616-B 056,270.0,,270.0,False,,False,True,True,True,2026-08-02T09:58:09+00:00
https://www.optica2000.com/gafas-graduadas/tomford-ft5745-b-001-54-16/889214257659,optica2000,889214257659,Tom Ford FT5745-B 001,Tom Ford,,Negro,Acetato,Cuadrado,Aro Completo,Mujer,124.0,16.0,54.0,140.0,FT5745-B 001,310.0,,310.0,False,,False,True,True,False,2026-08-02T09:58:36+00:00
https://www.optica2000.com/gafas-graduadas/tomford-ft5804-b-090-50-19/889214327369,optica2000,889214327369,Tom Ford FT5804-B 090,Tom Ford,,Azul,Acetato,Redondo,Aro Completo,Hombre,119.0,19.0,50.0,145.0,FT5804-B 090,270.0,,270.0,False,,False,True,True,False,2026-08-02T09:39:14+00:00
https://www.optica2000.com/gafas-graduadas/tomford-ft5805-b-055-52-17/889214327390,optica2000,889214327390,Tom Ford FT5805-B 55,Tom Ford,,Havana,Acetato,Redondo,Aro Completo,Hombre,121.0,17.0,52.0,145.0,FT5805-B 55,250.0,,250.0,False,,False,True,True,False,2026-08-02T09:57:36+00:00
https://www.optica2000.com/gafas-graduadas/tomford-ft5806-b-052-55-17/889214327413,optica2000,889214327413,Tom Ford FT5806-B 052,Tom Ford,,Havana,Acetato,Cuadrado,Aro Completo,Hombre,127.0,17.0,55.0,145.0,FT5806-B 052,310.0,,310.0,False,,False,True,True,False,2026-08-02T09:40:29+00:00
https://www.optica2000.com/gafas-graduadas/tomford-ft5811-b-001-58-14/889214327598,optica2000,889214327598,Tom Ford FT5811-B 1,Tom Ford,,Negro,Acetato,Cuadrado,Aro Completo,Mujer,130.0,14.0,58.0,140.0,FT5811-B 1,280.0,,280.0,False,,False,True,True,False,2026-08-02T10:05:01+00:00
https://www.optica2000.com/gafas-graduadas/tomford-ft5812-b-052-53-15/889214327635,optica2000,889214327635,Tom Ford FT5812-B 052,Tom Ford,,Havana,Acetato,Ojo de gato,Aro Completo,Mujer,121.0,15.0,53.0,140.0,FT5812-B 052,270.0,,270.0,False,,False,True,True,True,2026-08-02T10:05:50+00:00
https://www.optica2000.com/gafas-graduadas/tomford-ft5814-b-052-55-19/889214327710,optica2000,889214327710,Tom Ford FT5814-B 052,Tom Ford,,Havana,Inyectado,Cuadrado,Aro Completo,Mujer,129.0,19.0,55.0,135.0,FT5814-B 052,330.0,,330.0,False,,False,True,True,True,2026-08-02T09:42:20+00:00
https://www.optica2000.com/gafas-graduadas/tomford-ft5830-b-028-54-17/889214357489,optica2000,889214357489,Tom Ford FT5830-B 028,Tom Ford,,Oro,Metal,Aviador,Aro Completo,Hombre,125.0,17.0,54.0,145.0,FT5830-B 028,340.0,,340.0,False,,False,True,True,False,2026-08-02T09:57:24+00:00
https://www.optica2000.com/gafas-graduadas/tomford-ft5833-b-056-49-20/889214358615,optica2000,889214358615,Tom Ford FT5833-B 056,Tom Ford,,Havana,Acetato,Redondo,Aro Completo,Hombre,118.0,20.0,49.0,145.0,FT5833-B 056,270.0,,270.0,False,,False,True,True,True,2026-08-02T10:02:46+00:00
https://www.optica2000.com/gafas-graduadas/tomford-ft5835-b-001-54-17/889214358684,optica2000,889214358684,Tom Ford FT5835-B 1,Tom Ford,,Negro,Acetato,Rectángulo,Aro Completo,Hombre,125.0,17.0,54.0,145.0,FT5835-B 1,155.0,310.0,310.0,True,50.0,True,True,True,False,2026-08-02T09:56:07+00:00
https://www.optica2000.com/gafas-graduadas/tomford-ft5841-b-028-59-10/889214358912,optica2000,889214358912,Tom Ford FT5841-B 028,Tom Ford,,Oro,Metal,Ojo de gato,Aro Completo,Mujer,128.0,10.0,59.0,135.0,FT5841-B 028,365.0,,365.0,False,,False,True,True,False,2026-08-02T10:06:05+00:00
https://www.optica2000.com/gafas-graduadas/tomford-ft5867-b-001-49-20/889214415400,optica2000,889214415400,Tom Ford FT5867-B 001,Tom Ford,,Negro,Acetato,Redondo,Aro Completo,Hombre,113.0,15.0,49.0,140.0,FT5867-B 001,182.0,260.0,260.0,True,30.0,True,True,True,False,2026-08-02T09:57:11+00:00
https://www.optica2000.com/gafas-graduadas/tomford-ft5868-b-052-53-18/889214415530,optica2000,889214415530,Tom Ford FT5868-B 052,Tom Ford,,Havana,Acetato,Cuadrado,Aro Completo,Hombre,124.0,18.0,53.0,145.0,FT5868-B 052,270.0,,270.0,False,,False,True,True,True,2026-08-02T09:31:56+00:00
https://www.optica2000.com/gafas-graduadas/tomford-ft5869-b-020-54-16/889214415561,optica2000,889214415561,Tom Ford FT5869-B 020,Tom Ford,,Havana,Acetato,Aviador,Aro Completo,Hombre,124.0,16.0,54.0,145.0,FT5869-B 020,130.0,260.0,260.0,True,50.0,True,True,True,False,2026-08-02T10:03:50+00:00
https://www.optica2000.com/gafas-graduadas/tomford-ft5874-b-048-54-17/889214415752,optica2000,889214415752,Tom Ford FT5874-B 048,Tom Ford,,Marrón,Inyectado,Aviador,Aro Completo,Hombre,125.0,17.0,54.0,145.0,FT5874-B 048,177.5,355.0,355.0,True,50.0,True,True,True,False,2026-08-02T09:41:06+00:00
https://www.optica2000.com/gafas-graduadas/tomford-ft5880-b-020-51-22/889214415974,optica2000,889214415974,Tom Ford FT5880-B 020,Tom Ford,,Transparente,Acetato,Cuadrado,Aro Completo,Mujer,124.0,22.0,51.0,140.0,FT5880-B 020,231.0,330.0,330.0,True,30.0,True,True,True,False,2026-08-02T09:43:08+00:00
https://www.optica2000.com/gafas-graduadas/tomford-ft5881-b-081-52-19/889214416049,optica2000,889214416049,Tom Ford FT5881-B 081,Tom Ford,,Violeta,Acetato,Cuadrado,Aro Completo,Mujer,123.0,19.0,52.0,135.0,FT5881-B 081,330.0,,330.0,False,,False,True,True,False,2026-08-02T09:51:20+00:00
https://www.optica2000.com/gafas-graduadas/tomford-ft5882-b-044-55-15/889214416063,optica2000,889214416063,Tom Ford FT5882-B 044,Tom Ford,,Naranja,Acetato,Ojo de gato,Aro Completo,Mujer,125.0,15.0,55.0,135.0,FT5882-B 044,345.0,,345.0,False,,False,True,True,False,2026-08-02T09:56:13+00:00
https://www.optica2000.com/gafas-graduadas/tomford-ft5886-b-052-52-20/889214418777,optica2000,889214418777,Tom Ford FT5886-B 052,Tom Ford,,Havana,Acetato,Cuadrado,Aro Completo,Hombre,124.0,20.0,52.0,145.0,FT5886-B 052,210.0,300.0,300.0,True,30.0,True,True,True,False,2026-08-02T10:04:29+00:00
https://www.optica2000.com/gafas-graduadas/tomford-ft5890-b-005-51-19/889214418883,optica2000,889214418883,Tom Ford FT5890-B 005,Tom Ford,,Negro,Acetato,Redondo,Aro Completo,"Unisex, Hombre, Mujer",121.0,19.0,51.0,145.0,FT5890-B 005,340.0,,340.0,False,,False,True,True,True,2026-08-02T10:03:45+00:00
https://www.optica2000.com/gafas-graduadas/tomford-ft5892-b-001-56-16/889214418982,optica2000,889214418982,Tom Ford FT5892-B 001,Tom Ford,,Negro,Acetato,Cuadrado,Aro Completo,Mujer,128.0,16.0,56.0,140.0,FT5892-B 001,350.0,,350.0,False,,False,True,True,False,2026-08-02T09:53:49+00:00
https://www.optica2000.com/gafas-graduadas/tomford-ft5893-b-052-55-16/889214419057,optica2000,889214419057,Tom Ford FT5893-B 052,Tom Ford,,Havana,Acetato,Ojo de gato,Aro Completo,Mujer,126.0,16.0,55.0,140.0,FT5893-B 052,238.0,340.0,340.0,True,30.0,True,True,True,True,2026-08-02T10:06:59+00:00
https://www.optica2000.com/gafas-graduadas/tous-vto376-0301-52-19/190605170960,optica2000,190605170960,Tous VTO376 301,Tous,,Rojo,Metal,,Aro Completo,Mujer,,19.0,52.0,160.0,VTO376 301,139.0,,139.0,False,,False,True,True,False,2026-08-02T10:00:29+00:00
https://www.optica2000.com/gafas-graduadas/tous-vto427s-02am-53-19/190605339282,optica2000,190605339282,Tous VTO427S 02AM,Tous,,Rojo,Metal,Hexagonal,Aro Completo,Mujer,126.0,19.0,53.0,,VTO427S 02AM,150.0,,150.0,False,,False,True,True,False,2026-08-02T09:52:27+00:00
https://www.optica2000.com/gafas-graduadas/tous-vto429-0301-53-18/190605344767,optica2000,190605344767,Tous VTO429 301,Tous,,Oro,Metal,Ojo de gato,Semi al aire,Mujer,131.0,18.0,53.0,,VTO429 301,75.0,150.0,150.0,True,50.0,True,True,True,False,2026-08-02T09:32:32+00:00
https://www.optica2000.com/gafas-graduadas/tous-vtob03-08la-53-16/190605307199,optica2000,190605307199,Tous VTOB03 08LA,Tous,,Burdeos,Plástico,Cuadrado,Aro Completo,Mujer,124.0,16.0,53.0,,VTOB03 08LA,90.3,129.0,129.0,True,30.0,True,True,True,True,2026-08-02T09:49:03+00:00
https://www.optica2000.com/gafas-graduadas/tous-vtob04-09jc-53-16/190605317099,optica2000,190605317099,Tous VTOB04 09JC,Tous,,Rojo,Plástico,Cuadrado,Aro Completo,Mujer,,16.0,53.0,,VTOB04 09JC,105.0,150.0,150.0,True,30.0,True,True,True,True,2026-08-02T09:32:04+00:00
https://www.optica2000.com/gafas-graduadas/tous-vtob06s-0apj-51-17/190605307298,optica2000,190605307298,Tous VTOB06S 0APJ,Tous,,Havana,Plástico,,Aro Completo,Mujer,124.0,17.0,51.0,,VTOB06S 0APJ,161.0,,161.0,False,,False,True,True,False,2026-08-02T09:43:25+00:00
https://www.optica2000.com/gafas-graduadas/tous-vtob55-0vbh-53-16/190605402580,optica2000,190605402580,Tous VTOB55 0VBH,Tous,,Rosa,Plástico,Cuadrado,Aro Completo,Mujer,125.0,16.0,53.0,,VTOB55 0VBH,97.3,139.0,139.0,True,30.0,True,True,True,False,2026-08-02T09:52:46+00:00
https://www.optica2000.com/gafas-graduadas/tous-vtob57-09bd-54-16/190605398883,optica2000,190605398883,Tous VTOB57 09BD,Tous,,Marrón,Plástico,Cuadrado,Aro Completo,Mujer,125.0,16.0,54.0,,VTOB57 09BD,129.0,,129.0,False,,False,True,True,True,2026-08-02T09:43:49+00:00
https://www.optica2000.com/gafas-graduadas/unofficial-0uo1134-002-56-17/8056597827904,optica2000,8056597827904,Unofficial 0UO1134 002,Unofficial,,Oro,Metal,Ojo de gato,Aro Completo,Mujer,129.0,17.0,56.0,140.0,0UO1134 002,41.3,59.0,59.0,True,30.0,True,True,True,False,2026-08-02T09:58:32+00:00
https://www.optica2000.com/gafas-graduadas/unofficial-uj1019-1/8056262740088,optica2000,8056262740088,Unofficial UJ1019 1,Unofficial,,Negro,Metal,Rectángulo,Aro Completo,Junior,111.0,17.0,47.0,130.0,UJ1019 1,59.0,,59.0,False,,False,True,True,True,2026-08-02T09:56:35+00:00
https://www.optica2000.com/gafas-graduadas/unofficial-uj1019-1/8056262740132,optica2000,8056262740132,Unofficial UJ1019 2,Unofficial,,Azul,Metal,Rectángulo,Aro Completo,Junior,111.0,17.0,47.0,130.0,UJ1019 2,59.0,,59.0,False,,False,True,True,True,2026-08-02T09:41:12+00:00
https://www.optica2000.com/gafas-graduadas/unofficial-uj1020-1/8056262740125,optica2000,8056262740125,Unofficial UJ1020 1,Unofficial,,Havana,Metal,Cuadrado,Aro Completo,Junior,110.0,18.0,46.0,125.0,UJ1020 1,59.0,,59.0,False,,False,True,True,True,2026-08-02T10:07:22+00:00
https://www.optica2000.com/gafas-graduadas/unofficial-uj1020-1/8056262740170,optica2000,8056262740170,Unofficial UJ1020 2,Unofficial,,Rosa,Metal,Cuadrado,Aro Completo,Junior,110.0,18.0,46.0,125.0,UJ1020 2,59.0,,59.0,False,,False,True,True,True,2026-08-02T09:43:55+00:00
https://www.optica2000.com/gafas-graduadas/unofficial-uj1022-1/8056262740194,optica2000,8056262740194,Unofficial UJ1022 1,Unofficial,,Negro,Metal,Rectángulo,Aro Completo,Junior,116.0,20.0,48.0,130.0,UJ1022 1,59.0,,59.0,False,,False,True,True,True,2026-08-02T09:53:16+00:00
https://www.optica2000.com/gafas-graduadas/unofficial-uj1022-1/8056262740248,optica2000,8056262740248,Unofficial UJ1022 2,Unofficial,,Azul,Metal,Rectángulo,Aro Completo,Junior,116.0,20.0,48.0,130.0,UJ1022 2,59.0,,59.0,False,,False,True,True,True,2026-08-02T10:06:23+00:00
https://www.optica2000.com/gafas-graduadas/unofficial-uj2004/8719154721649,optica2000,8719154721649,Unofficial UJ2004 Unoj0004 UJ2004 1105,Unofficial,,Negro,Acetato,Rectángulo Cuadrado,,Junior,107.0,17.0,45.0,125.0,UJ2004 Unoj0004 UJ2004 1105,59.99,,59.99,False,,False,True,True,True,2026-08-02T09:52:55+00:00
https://www.optica2000.com/gafas-graduadas/unofficial-uj2020/8719154721182,optica2000,8719154721182,Unofficial UJ2020 Unok0060 UJ2020 3700,Unofficial,,Violeta,Acetato,Rectángulo Cuadrado,,Junior,101.0,15.0,43.0,120.0,UJ2020 Unok0060 UJ2020 3700,29.99,,29.99,False,,False,True,True,True,2026-08-02T10:03:25+00:00
https://www.optica2000.com/gafas-graduadas/unofficial-uj2096-1/8056262739891,optica2000,8056262739891,Unofficial UJ2096 1,Unofficial,,Violeta,Acetato,Redondo,Aro Completo,Junior,104.0,16.0,44.0,120.0,UJ2096 1,59.0,,59.0,False,,False,True,True,True,2026-08-02T10:04:53+00:00
https://www.optica2000.com/gafas-graduadas/unofficial-uj2096-1/8056262739938,optica2000,8056262739938,Unofficial UJ2096 2,Unofficial,,Rosa,Acetato,Redondo,Aro Completo,Junior,104.0,16.0,44.0,120.0,UJ2096 2,59.0,,59.0,False,,False,True,True,True,2026-08-02T10:00:14+00:00
https://www.optica2000.com/gafas-graduadas/unofficial-uj2097-1/8056262739914,optica2000,8056262739914,Unofficial UJ2097 1,Unofficial,,Rosa,Acetato,Rectángulo,Aro Completo,Junior,102.0,14.0,44.0,120.0,UJ2097 1,59.0,,59.0,False,,False,True,True,True,2026-08-02T09:52:36+00:00
https://www.optica2000.com/gafas-graduadas/unofficial-uj2097-1/8056262739976,optica2000,8056262739976,Unofficial UJ2097 2,Unofficial,,Azul,Acetato,Rectángulo,Aro Completo,Junior,102.0,14.0,44.0,120.0,UJ2097 2,59.0,,59.0,False,,False,True,True,True,2026-08-02T09:41:03+00:00
https://www.optica2000.com/gafas-graduadas/unofficial-uj2098-1/8056262739952,optica2000,8056262739952,Unofficial UJ2098 1,Unofficial,,Marrón,Acetato,Cuadrado,Aro Completo,Junior,108.0,16.0,46.0,125.0,UJ2098 1,59.0,,59.0,False,,False,True,True,True,2026-08-02T09:54:34+00:00
https://www.optica2000.com/gafas-graduadas/unofficial-uj2098-1/8056262740019,optica2000,8056262740019,Unofficial UJ2098 2,Unofficial,,Azul,Acetato,Cuadrado,Aro Completo,Junior,108.0,16.0,46.0,125.0,UJ2098 2,59.0,,59.0,False,,False,True,True,True,2026-08-02T09:47:07+00:00
https://www.optica2000.com/gafas-graduadas/unofficial-uj2099-1/8056262739990,optica2000,8056262739990,Unofficial UJ2099 1,Unofficial,,Azul,Acetato,Redondo,Aro Completo,Junior,104.0,16.0,44.0,120.0,UJ2099 1,59.0,,59.0,False,,False,True,True,True,2026-08-02T10:09:09+00:00
https://www.optica2000.com/gafas-graduadas/unofficial-uj2099-1/8056262740033,optica2000,8056262740033,Unofficial UJ2099 2,Unofficial,,Rojo,Acetato,Redondo,Aro Completo,Junior,104.0,16.0,44.0,120.0,UJ2099 2,59.0,,59.0,False,,False,True,True,True,2026-08-02T09:40:09+00:00
https://www.optica2000.com/gafas-graduadas/unofficial-uj2102-1/8056262740200,optica2000,8056262740200,Unofficial UJ2102 1,Unofficial,,Havana,Acetato,Ojo de gato,Aro Completo,Junior,113.0,17.0,48.0,130.0,UJ2102 1,59.0,,59.0,False,,False,True,True,True,2026-08-02T09:47:03+00:00
https://www.optica2000.com/gafas-graduadas/unofficial-uj2102-1/8056262740286,optica2000,8056262740286,Unofficial UJ2102 2,Unofficial,,Rosa,Acetato,Ojo de gato,Aro Completo,Junior,113.0,17.0,48.0,130.0,UJ2102 2,59.0,,59.0,False,,False,True,True,True,2026-08-02T09:52:34+00:00
https://www.optica2000.com/gafas-graduadas/unofficial-uj2103-1/8056262740217,optica2000,8056262740217,Unofficial UJ2103 1,Unofficial,,Marrón,Acetato,Rectángulo,Aro Completo,Junior,116.0,18.0,49.0,135.0,UJ2103 1,59.0,,59.0,False,,False,True,True,True,2026-08-02T10:01:12+00:00
https://www.optica2000.com/gafas-graduadas/unofficial-uj2103-1/8056262740255,optica2000,8056262740255,Unofficial UJ2103 2,Unofficial,,Rosa,Acetato,Rectángulo,Aro Completo,Junior,116.0,18.0,49.0,135.0,UJ2103 2,59.0,,59.0,False,,False,True,True,True,2026-08-02T10:06:20+00:00
https://www.optica2000.com/gafas-graduadas/unofficial-uj2105-1/8056262740262,optica2000,8056262740262,Unofficial UJ2105 1,Unofficial,,Azul,Acetato,Cuadrado,Aro Completo,Junior,115.0,19.0,48.0,135.0,UJ2105 1,59.0,,59.0,False,,False,True,True,True,2026-08-02T10:05:05+00:00
https://www.optica2000.com/gafas-graduadas/unofficial-uj2105-1/8056262740330,optica2000,8056262740330,Unofficial UJ2105 2,Unofficial,,Negro,Acetato,Cuadrado,Aro Completo,Junior,115.0,19.0,48.0,135.0,UJ2105 2,59.0,,59.0,False,,False,True,True,True,2026-08-02T09:49:21+00:00
https://www.optica2000.com/gafas-graduadas/unofficial-unof0176-bd00-51-17/8719154749391,optica2000,8719154749391,Unofficial UNOF0176 BD00,Unofficial,,Negro,Acero,Ojo de gato,Aro Completo,Mujer,119.0,17.0,51.0,140.0,UNOF0176 BD00,59.0,,59.0,False,,False,True,True,False,2026-08-02T09:46:05+00:00
https://www.optica2000.com/gafas-graduadas/unofficial-unof0179-bb00-52-17/8719154749490,optica2000,8719154749490,Unofficial UNOF0179 BB00,Unofficial,,Negro,Plástico,Ojo de gato,Aro Completo,Mujer,126.0,17.0,52.0,145.0,UNOF0179 BB00,59.0,,59.0,False,,False,True,True,True,2026-08-02T10:07:00+00:00
https://www.optica2000.com/gafas-graduadas/unofficial-unof0179-hh00-52-17/8719154749506,optica2000,8719154749506,Unofficial UNOF0179 HH00,Unofficial,,Havana,Acetato,Ojo de gato,Aro Completo,Mujer,121.0,17.0,52.0,140.0,UNOF0179 HH00,59.0,,59.0,False,,False,True,True,True,2026-08-02T09:48:54+00:00
https://www.optica2000.com/gafas-graduadas/unofficial-unof0240-ee00-52-17/8719154772818,optica2000,8719154772818,Unofficial UNOF0240 EE00,Unofficial,,Verde,Inyectado,Cuadrado,Aro Completo,Mujer,121.0,17.0,52.0,140.0,UNOF0240 EE00,59.0,,59.0,False,,False,True,True,False,2026-08-02T09:40:18+00:00
https://www.optica2000.com/gafas-graduadas/unofficial-unof0242-vv00-51-20/8719154772900,optica2000,8719154772900,Unofficial UNOF0242 VV00,Unofficial,,Violeta,Inyectado,Ojo de gato,Aro Completo,Mujer,122.0,20.0,51.0,140.0,UNOF0242 VV00,59.0,,59.0,False,,False,True,True,True,2026-08-02T09:42:58+00:00
https://www.optica2000.com/gafas-graduadas/unofficial-unof0305-dd00-57-16/8719154807930,optica2000,8719154807930,Unofficial UNOF0305 DD00,Unofficial,,Oro,Acero,Cuadrado,Aro Completo,Mujer,130.0,16.0,57.0,140.0,UNOF0305 DD00,29.5,59.0,59.0,True,50.0,True,True,True,True,2026-08-02T09:54:09+00:00
https://www.optica2000.com/gafas-graduadas/unofficial-unof0430-vd00-54-17/8719154041716,optica2000,8719154041716,Unofficial UNOF0430 VD00,Unofficial,,Marrón,Acetato,Cuadrado,Aro Completo,Mujer,125.0,17.0,54.0,145.0,UNOF0430 VD00,59.0,,59.0,False,,False,True,True,True,2026-08-02T09:45:57+00:00
https://www.optica2000.com/gafas-graduadas/unofficial-unof0432-hv00-50-20/8719154041921,optica2000,8719154041921,Unofficial UNOF0432 HV00,Unofficial,,Havana,Acetato,Ojo de gato,Aro Completo,Mujer,120.0,20.0,50.0,145.0,UNOF0432 HV00,29.5,59.0,59.0,True,50.0,True,True,True,False,2026-08-02T09:49:55+00:00
https://www.optica2000.com/gafas-graduadas/unofficial-unof0492-yy00-52-20/8719154118838,optica2000,8719154118838,Unofficial UNOF0492 YY00,Unofficial,,Amarillo,Acero,Redondo,Semi al aire,Mujer,124.0,20.0,52.0,140.0,UNOF0492 YY00,29.5,59.0,59.0,True,50.0,True,True,True,True,2026-08-02T10:03:17+00:00
https://www.optica2000.com/gafas-graduadas/unofficial-unoj0006-ee00-44-19/8719154721403,optica2000,8719154721403,Unofficial UNOJ0006 EE00,Unofficial,,Verde,Acetato,Redondo,Aro Completo,Junior,107.0,19.0,44.0,125.0,UNOJ0006 EE00,29.5,59.0,59.0,True,50.0,True,True,True,False,2026-08-02T09:57:18+00:00
https://www.optica2000.com/gafas-graduadas/unofficial-unok0065-hv00-43-15/8719154721472,optica2000,8719154721472,Unofficial UNOK0065 HV00,Unofficial,,Havana,Acetato,Redondo,Aro Completo,Junior,101.0,15.0,43.0,120.0,UNOK0065 HV00,29.5,59.0,59.0,True,50.0,True,True,True,False,2026-08-02T09:40:47+00:00
https://www.optica2000.com/gafas-graduadas/unofficial-unok0066-ge00-44-16/8719154721571,optica2000,8719154721571,Unofficial UNOK0066 GE00,Unofficial,,Transparente,Acetato,Rectángulo,Aro Completo,Junior,104.0,16.0,44.0,120.0,UNOK0066 GE00,29.5,59.0,59.0,True,50.0,True,True,True,True,2026-08-02T09:47:21+00:00
https://www.optica2000.com/gafas-graduadas/unofficial-unok5054-hd00-45-17/8719154839061,optica2000,8719154839061,Unofficial UNOK5054 HD00,Unofficial,,Havana,Acero,Redondo,Aro Completo,Junior,107.0,17.0,45.0,125.0,UNOK5054 HD00,59.0,,59.0,False,,False,True,True,True,2026-08-02T09:56:29+00:00
https://www.optica2000.com/gafas-graduadas/unofficial-unok5065-ll00-46-15/8719154840524,optica2000,8719154840524,Unofficial UNOK5065 LL00,Unofficial,,Azul,Inyectado,Hexagonal,Aro Completo,Junior,107.0,15.0,46.0,125.0,UNOK5065 LL00,29.5,59.0,59.0,True,50.0,True,True,True,True,2026-08-02T09:47:20+00:00
https://www.optica2000.com/gafas-graduadas/unofficial-unom0066-dd00-50-19/8719154738647,optica2000,8719154738647,Unofficial UNOM0066 DD00,Unofficial,,Oro,Metal,Rectángulo Cuadrado,Aro Completo,Hombre,126.0,19.0,50.0,140.0,UNOM0066 DD00,59.0,,59.0,False,,False,True,True,True,2026-08-02T10:04:41+00:00
https://www.optica2000.com/gafas-graduadas/unofficial-unom0074-dd00-54-17/8719154738715,optica2000,8719154738715,Unofficial UNOM0074 DD00,Unofficial,,Oro,Metal,Rectángulo,Aro Completo,Hombre,125.0,17.0,54.0,145.0,UNOM0074 DD00,29.5,59.0,59.0,True,50.0,True,True,True,True,2026-08-02T09:49:29+00:00
https://www.optica2000.com/gafas-graduadas/unofficial-unom0075-bb00-53-18/8719154738425,optica2000,8719154738425,Unofficial UNOM0075 BB00,Unofficial,,Negro,Acetato,Rectángulo,Aro Completo,Hombre,124.0,18.0,53.0,140.0,UNOM0075 BB00,59.0,,59.0,False,,False,True,True,False,2026-08-02T09:42:59+00:00
https://www.optica2000.com/gafas-graduadas/unofficial-unom0156-bb00-51-18/8719154774317,optica2000,8719154774317,Unofficial UNOM0156 BB00,Unofficial,,Negro,Acetato,Cuadrado,Aro Completo,Hombre,120.0,18.0,51.0,145.0,UNOM0156 BB00,29.5,59.0,59.0,True,50.0,True,True,True,False,2026-08-02T09:56:31+00:00
https://www.optica2000.com/gafas-graduadas/unofficial-unom0182-bh00-53-18/8719154772023,optica2000,8719154772023,Unofficial UNOM0182 BH00,Unofficial,,Negro,Metal,Rectángulo Cuadrado,,Hombre,128.0,18.0,53.0,136.0,UNOM0182 BH00,59.0,,59.0,False,,False,True,True,True,2026-08-02T09:42:40+00:00
https://www.optica2000.com/gafas-graduadas/unofficial-unom0192-hh00-55-14/8719154777400,optica2000,8719154777400,Unofficial UNOM0192 HH00,Unofficial,,Havana,Acetato,Aviador,Aro Completo,Hombre,124.0,14.0,55.0,145.0,UNOM0192 HH00,41.3,59.0,59.0,True,30.0,True,True,True,False,2026-08-02T09:51:44+00:00
https://www.optica2000.com/gafas-graduadas/unofficial-unom0203-hb00-49-21/8719154809163,optica2000,8719154809163,Unofficial UNOM0203 HB00,Unofficial,,Havana,Acetato,Redondo,Aro Completo,Hombre,119.0,21.0,49.0,145.0,UNOM0203 HB00,41.3,59.0,59.0,True,30.0,True,True,True,False,2026-08-02T09:59:46+00:00
https://www.optica2000.com/gafas-graduadas/unofficial-unom0212-hd00-49-21/8719154808272,optica2000,8719154808272,Unofficial UNOM0212 HD00,Unofficial,,Havana,Acero,Redondo,Aro Completo,Hombre,119.0,21.0,49.0,145.0,UNOM0212 HD00,29.5,59.0,59.0,True,50.0,True,True,True,True,2026-08-02T09:53:43+00:00
https://www.optica2000.com/gafas-graduadas/unofficial-unom0245-bs00-54-17/8719154840968,optica2000,8719154840968,Unofficial UNOM0245 BS00,Unofficial,,Plata,Acero,Aviador,Aro Completo,Hombre,125.0,17.0,54.0,145.0,UNOM0245 BS00,29.5,59.0,59.0,True,50.0,True,True,True,True,2026-08-02T09:49:06+00:00
https://www.optica2000.com/gafas-graduadas/unofficial-unom0255-bg00-51-23/8719154854385,optica2000,8719154854385,Unofficial UNOM0255 BG00,Unofficial,,Negro,Acetato,Cuadrado,Aro Completo,Hombre,125.0,23.0,51.0,145.0,UNOM0255 BG00,41.3,59.0,59.0,True,30.0,True,True,True,True,2026-08-02T09:39:54+00:00
https://www.optica2000.com/gafas-graduadas/unofficial-unom0258-bg00-55-19/8719154854859,optica2000,8719154854859,Unofficial UNOM0258 BG00,Unofficial,,Gris,Acero,Cuadrado,Aro Completo,Hombre,129.0,19.0,55.0,145.0,UNOM0258 BG00,29.5,59.0,59.0,True,50.0,True,True,True,False,2026-08-02T10:02:20+00:00
https://www.optica2000.com/gafas-graduadas/unofficial-unom0270-hg00-52-21/8719154862397,optica2000,8719154862397,Unofficial UNOM0270 HG00,Unofficial,,Havana,Inyectado,Rectángulo,Aro Completo,Hombre,125.0,21.0,52.0,145.0,UNOM0270 HG00,29.5,59.0,59.0,True,50.0,True,True,True,True,2026-08-02T09:49:39+00:00
https://www.optica2000.com/gafas-graduadas/unofficial-unom0327-le00-53-17/8719154719042,optica2000,8719154719042,Unofficial UNOM0327 LE00,Unofficial,,Azul,Inyectado,Rectángulo,Aro Completo,Hombre,123.0,17.0,53.0,140.0,UNOM0327 LE00,59.0,,59.0,False,,False,True,True,False,2026-08-02T10:00:13+00:00
https://www.optica2000.com/gafas-graduadas/unofficial-unom0351-dd00-57-13/8719154118548,optica2000,8719154118548,Unofficial UNOM0351 DD00,Unofficial,,Oro,Acero,Aviador,Aro Completo,Hombre,127.0,13.0,57.0,140.0,UNOM0351 DD00,41.3,59.0,59.0,True,30.0,True,True,True,False,2026-08-02T09:51:23+00:00
https://www.optica2000.com/gafas-graduadas/unofficial-unot0005-bb00-50-15/8719154809484,optica2000,8719154809484,Unofficial UNOT0005 BB00,Unofficial,,Negro,Acetato,Rectángulo,Aro Completo,Junior,115.0,15.0,50.0,130.0,UNOT0005 BB00,41.3,59.0,59.0,True,30.0,True,True,True,True,2026-08-02T09:42:21+00:00
https://www.optica2000.com/gafas-graduadas/unofficial-unot0013-hd00-46-18/8719154777578,optica2000,8719154777578,Unofficial UNOT0013 HD00,Unofficial,,Havana,Acero,Panto,,Junior,110.0,18.0,46.0,135.0,UNOT0013 HD00,59.0,,59.0,False,,False,True,True,True,2026-08-02T09:54:51+00:00
https://www.optica2000.com/gafas-graduadas/unofficial-unot0017-hc00-46-18/8719154739415,optica2000,8719154739415,Unofficial UNOT0017 HC00,Unofficial,,Havana,Acetato,Redondo,Aro Completo,Junior,110.0,18.0,46.0,130.0,UNOT0017 HC00,59.0,,59.0,False,,False,True,True,True,2026-08-02T09:52:04+00:00
https://www.optica2000.com/gafas-graduadas/unofficial-unot0045-cc00-49-14/8719154739897,optica2000,8719154739897,Unofficial UNOT0045 CC00,Unofficial,,Azul,Acero,Aviador,Aro Completo,Junior,112.0,14.0,49.0,135.0,UNOT0045 CC00,41.3,59.0,59.0,True,30.0,True,True,True,True,2026-08-02T09:57:57+00:00
https://www.optica2000.com/gafas-graduadas/unofficial-unot0070-pp00-47-19/8719154748431,optica2000,8719154748431,Unofficial UNOT0070 PP00,Unofficial,,Rosa,Acero,Hexagonal,Aro Completo,Junior,113.0,19.0,47.0,135.0,UNOT0070 PP00,59.0,,59.0,False,,False,True,True,True,2026-08-02T09:58:06+00:00
https://www.optica2000.com/gafas-graduadas/unofficial-unot0072-df00-49-16/8719154774928,optica2000,8719154774928,Unofficial UNOT0072 DF00,Unofficial,,Oro,Acero,Cuadrado,Aro Completo,Junior,114.0,16.0,49.0,135.0,UNOT0072 DF00,59.0,,59.0,False,,False,True,True,True,2026-08-02T09:39:22+00:00
https://www.optica2000.com/gafas-graduadas/unofficial-unot0082-hh00-45-20/8719154777615,optica2000,8719154777615,Unofficial UNOT0082 HH00,Unofficial,,Havana,Acetato,Redondo,Aro Completo,Junior,110.0,20.0,45.0,135.0,UNOT0082 HH00,59.0,,59.0,False,,False,True,True,False,2026-08-02T09:56:46+00:00
https://www.optica2000.com/gafas-graduadas/unofficial-unot0186-hh00-50-18/8719154120329,optica2000,8719154120329,Unofficial UNOT0186 HH00,Unofficial,,Havana,Acetato,Ojo de gato,Aro Completo,Junior,118.0,18.0,50.0,140.0,UNOT0186 HH00,29.5,59.0,59.0,True,50.0,True,True,True,False,2026-08-02T09:48:38+00:00
https://www.optica2000.com/gafas-graduadas/unofficial-uo1025-1500/8719154808753,optica2000,8719154808753,Unofficial UO1025 1500,Unofficial,,Azul,Acero,Rectángulo,Aro Completo,Hombre,128.0,16.0,56.0,145.0,UO1025 1500,59.0,,59.0,False,,False,True,True,True,2026-08-02T10:02:34+00:00
https://www.optica2000.com/gafas-graduadas/unofficial-uo1071-bd00/8056262324158,optica2000,8056262324158,Unofficial UO1071 BD00,Unofficial,,Negro,Acero,Rectángulo,Aro Completo,Hombre,125.0,17.0,54.0,145.0,UO1071 BD00,59.0,,59.0,False,,False,True,True,True,2026-08-02T09:38:46+00:00
https://www.optica2000.com/gafas-graduadas/unofficial-uo1151-2/8056597893916,optica2000,8056597893916,Unofficial UO1151 2,Unofficial,,Gris,Metal,Rectángulo,Aro Completo,Hombre,132.0,16.0,58.0,145.0,UO1151 2,59.0,,59.0,False,,False,True,True,False,2026-08-02T09:50:51+00:00
https://www.optica2000.com/gafas-graduadas/unofficial-uo1182-2/8056262133477,optica2000,8056262133477,Unofficial UO1182 2,Unofficial,,Negro,Metal,Aviador,Aro Completo,Hombre,124.0,16.0,54.0,145.0,UO1182 2,59.0,,59.0,False,,False,True,True,True,2026-08-02T09:43:52+00:00
https://www.optica2000.com/gafas-graduadas/unofficial-uo1184-1/8056262133712,optica2000,8056262133712,Unofficial UO1184 1,Unofficial,,Havana,Metal,Redondo,Aro Completo,Hombre,123.0,21.0,51.0,145.0,UO1184 1,59.0,,59.0,False,,False,True,True,True,2026-08-02T09:51:58+00:00
https://www.optica2000.com/gafas-graduadas/unofficial-uo1189-1/8056262324035,optica2000,8056262324035,Unofficial UO1189 1,Unofficial,,Negro,Metal,Rectángulo,Aro Completo,Hombre,127.0,17.0,55.0,145.0,UO1189 1,59.0,,59.0,False,,False,True,True,False,2026-08-02T10:06:42+00:00
https://www.optica2000.com/gafas-graduadas/unofficial-uo1189-2/8056262324097,optica2000,8056262324097,Unofficial UO1189 2,Unofficial,,Negro,Metal,Rectángulo,Aro Completo,Hombre,127.0,17.0,55.0,145.0,UO1189 2,59.0,,59.0,False,,False,True,True,False,2026-08-02T10:06:16+00:00
https://www.optica2000.com/gafas-graduadas/unofficial-uo1200-1/8056262521052,optica2000,8056262521052,Unofficial UO1200 1,Unofficial,,Negro,Metal,Rectángulo,Semi Al Aire,Hombre,124.0,18.0,53.0,140.0,UO1200 1,59.0,,59.0,False,,False,True,True,True,2026-08-02T09:47:50+00:00
https://www.optica2000.com/gafas-graduadas/unofficial-uo1205-1/8056262739303,optica2000,8056262739303,Unofficial UO1205 1,Unofficial,,Azul,Metal,Aviador,Aro Completo,Hombre,128.0,18.0,55.0,145.0,UO1205 1,59.0,,59.0,False,,False,True,True,True,2026-08-02T09:59:41+00:00
https://www.optica2000.com/gafas-graduadas/unofficial-uo1205-1/8056262739341,optica2000,8056262739341,Unofficial UO1205 2,Unofficial,,Verde,Metal,Aviador,Aro Completo,Hombre,128.0,18.0,55.0,145.0,UO1205 2,59.0,,59.0,False,,False,True,True,True,2026-08-02T09:48:45+00:00
https://www.optica2000.com/gafas-graduadas/unofficial-uo1207-1/8056262739556,optica2000,8056262739556,Unofficial UO1207 1,Unofficial,,Rojo,Metal,Ojo de gato,Aro Completo,Mujer,126.0,18.0,54.0,140.0,UO1207 1,59.0,,59.0,False,,False,True,True,True,2026-08-02T09:53:13+00:00
https://www.optica2000.com/gafas-graduadas/unofficial-uo1207-1/8056262739631,optica2000,8056262739631,Unofficial UO1207 2,Unofficial,,Rosa,Metal,Ojo de gato,Aro Completo,Mujer,126.0,18.0,54.0,140.0,UO1207 2,59.0,,59.0,False,,False,True,True,True,2026-08-02T09:53:15+00:00
https://www.optica2000.com/gafas-graduadas/unofficial-uo1209-1/8056262739419,optica2000,8056262739419,Unofficial UO1209 1,Unofficial,,Negro,Aluminio,Rectángulo,Aro Completo,Hombre,129.0,17.0,56.0,145.0,UO1209 1,59.0,,59.0,False,,False,True,True,True,2026-08-02T10:01:31+00:00
https://www.optica2000.com/gafas-graduadas/unofficial-uo1210-1/8056262739440,optica2000,8056262739440,Unofficial UO1210 1,Unofficial,,Gris,Aluminio,Rectángulo,Aro Completo,Hombre,124.0,18.0,53.0,140.0,UO1210 1,59.0,,59.0,False,,False,True,True,True,2026-08-02T09:41:05+00:00
https://www.optica2000.com/gafas-graduadas/unofficial-uo1211-1/8056262739464,optica2000,8056262739464,Unofficial UO1211 1,Unofficial,,Azul,Metal,Cuadrado,Aro Completo,Hombre,125.0,19.0,53.0,145.0,UO1211 1,59.0,,59.0,False,,False,True,True,True,2026-08-02T09:40:30+00:00
https://www.optica2000.com/gafas-graduadas/unofficial-uo1211-1/8056262739525,optica2000,8056262739525,Unofficial UO1211 2,Unofficial,,Gris,Metal,Cuadrado,Aro Completo,Hombre,125.0,19.0,53.0,145.0,UO1211 2,59.0,,59.0,False,,False,True,True,True,2026-08-02T10:07:49+00:00
https://www.optica2000.com/gafas-graduadas/unofficial-uo2072-ll00/8056262840276,optica2000,8056262840276,Unofficial UO2072 LL00,Unofficial,,Azul,Acetato,Rectángulo,Aro Completo,Hombre,124.0,18.0,53.0,140.0,UO2072 LL00,59.0,,59.0,False,,False,True,True,True,2026-08-02T09:50:54+00:00
https://www.optica2000.com/gafas-graduadas/unofficial-uo2155-2/8056597894111,optica2000,8056597894111,Unofficial UO2155 2,Unofficial,,Verde,Acetato,Redondo,Aro Completo,Hombre,122.0,20.0,51.0,145.0,UO2155 2,59.0,,59.0,False,,False,True,True,False,2026-08-02T09:52:43+00:00
https://www.optica2000.com/gafas-graduadas/unofficial-uo2157-1/8056597894173,optica2000,8056597894173,Unofficial UO2157 1,Unofficial,,Negro,Acetato,Ojo de gato,Aro Completo,Mujer,128.0,18.0,55.0,145.0,UO2157 1,59.0,,59.0,False,,False,True,True,True,2026-08-02T09:44:04+00:00
https://www.optica2000.com/gafas-graduadas/unofficial-uo2159-1/8056597894234,optica2000,8056597894234,Unofficial UO2159 1,Unofficial,,Negro,Acetato,Rectángulo,Aro Completo,Hombre,131.0,19.0,56.0,145.0,UO2159 1,59.0,,59.0,False,,False,True,True,True,2026-08-02T09:47:00+00:00
https://www.optica2000.com/gafas-graduadas/unofficial-uo2182-3/8056597987080,optica2000,8056597987080,Unofficial UO2182 3,Unofficial,,Havana,Acetato,Cuadrado,Aro Completo,Mujer,122.0,18.0,52.0,145.0,UO2182 3,59.0,,59.0,False,,False,True,True,True,2026-08-02T10:08:29+00:00
https://www.optica2000.com/gafas-graduadas/unofficial-uo2197-1/8056597988018,optica2000,8056597988018,Unofficial UO2197 1,Unofficial,,Gris,Acetato,Redondo,Aro Completo,Hombre,126.0,18.0,54.0,145.0,UO2197 1,59.0,,59.0,False,,False,True,True,False,2026-08-02T09:48:10+00:00
https://www.optica2000.com/gafas-graduadas/unofficial-uo2197-1/8056597988025,optica2000,8056597988025,Unofficial UO2197 2,Unofficial,,Azul,Acetato,Redondo,Aro Completo,Hombre,126.0,18.0,54.0,145.0,UO2197 2,59.0,,59.0,False,,False,True,True,True,2026-08-02T09:53:09+00:00
https://www.optica2000.com/gafas-graduadas/unofficial-uo2219b-1/8056262323946,optica2000,8056262323946,Unofficial UO2219B 1,Unofficial,,Havana,Acetato,Ojo de gato,Aro Completo,Mujer,122.0,16.0,53.0,140.0,UO2219B 1,59.0,,59.0,False,,False,True,True,True,2026-08-02T09:32:23+00:00
https://www.optica2000.com/gafas-graduadas/unofficial-uo2219b-2/8056262324004,optica2000,8056262324004,Unofficial UO2219B 2,Unofficial,,Rosa,Acetato,Ojo de gato,Aro Completo,Mujer,122.0,16.0,53.0,140.0,UO2219B 2,59.0,,59.0,False,,False,True,True,False,2026-08-02T09:41:11+00:00
https://www.optica2000.com/gafas-graduadas/unofficial-uo2221-1/8056262520857,optica2000,8056262520857,Unofficial UO2221 1,Unofficial,,Havana,Acetato,Ojo de gato,Aro Completo,Mujer,123.0,19.0,52.0,145.0,UO2221 1,59.0,,59.0,False,,False,True,True,True,2026-08-02T09:56:18+00:00
https://www.optica2000.com/gafas-graduadas/unofficial-uo2221-1/8056262520994,optica2000,8056262520994,Unofficial UO2221 3,Unofficial,,Rojo,Acetato,Ojo de gato,Aro Completo,Mujer,123.0,19.0,52.0,145.0,UO2221 3,59.0,,59.0,False,,False,True,True,True,2026-08-02T10:07:12+00:00
https://www.optica2000.com/gafas-graduadas/unofficial-uo2223-1/8056262520345,optica2000,8056262520345,Unofficial UO2223 1,Unofficial,,Rojo,Acetato,Ojo de gato,Aro Completo,Mujer,120.0,18.0,51.0,140.0,UO2223 1,59.0,,59.0,False,,False,True,True,True,2026-08-02T09:44:56+00:00
https://www.optica2000.com/gafas-graduadas/unofficial-uo2223-1/8056262520468,optica2000,8056262520468,Unofficial UO2223 3,Unofficial,,Marrón,Acetato,Ojo de gato,Aro Completo,Mujer,120.0,18.0,51.0,140.0,UO2223 3,59.0,,59.0,False,,False,True,True,True,2026-08-02T09:53:48+00:00
https://www.optica2000.com/gafas-graduadas/unofficial-uo2224-1/8056262520529,optica2000,8056262520529,Unofficial UO2224 1,Unofficial,,Azul,Acetato,Cuadrado,Aro Completo,Hombre,123.0,21.0,51.0,145.0,UO2224 1,59.0,,59.0,False,,False,True,True,True,2026-08-02T10:06:13+00:00
https://www.optica2000.com/gafas-graduadas/unofficial-uo2224-1/8056262520574,optica2000,8056262520574,Unofficial UO2224 2,Unofficial,,Havana,Acetato,Cuadrado,Aro Completo,Hombre,123.0,21.0,51.0,145.0,UO2224 2,59.0,,59.0,False,,False,True,True,True,2026-08-02T09:54:42+00:00
https://www.optica2000.com/gafas-graduadas/unofficial-uo2224-1/8056262520628,optica2000,8056262520628,Unofficial UO2224 3,Unofficial,,Gris,Acetato,Cuadrado,Aro Completo,Hombre,123.0,21.0,51.0,145.0,UO2224 3,59.0,,59.0,False,,False,True,True,True,2026-08-02T09:39:39+00:00
https://www.optica2000.com/gafas-graduadas/unofficial-uo2229-1/8056262520505,optica2000,8056262520505,Unofficial UO2229 1,Unofficial,,Marrón,Acetato,Rectángulo,Aro Completo,Hombre,125.0,17.0,54.0,145.0,UO2229 1,59.0,,59.0,False,,False,True,True,False,2026-08-02T09:52:31+00:00
https://www.optica2000.com/gafas-graduadas/unofficial-uo2229-1/8056262520604,optica2000,8056262520604,Unofficial UO2229 3,Unofficial,,Negro,Acetato,Rectángulo,Aro Completo,Hombre,125.0,17.0,54.0,145.0,UO2229 3,59.0,,59.0,False,,False,True,True,False,2026-08-02T10:02:35+00:00
https://www.optica2000.com/gafas-graduadas/unofficial-uo2239-1/8056262740446,optica2000,8056262740446,Unofficial UO2239 1,Unofficial,,Negro,Acetato,Ojo de gato,Aro Completo,Mujer,124.0,16.0,54.0,145.0,UO2239 1,59.0,,59.0,False,,False,True,True,True,2026-08-02T09:57:51+00:00
https://www.optica2000.com/gafas-graduadas/unofficial-uo2239-1/8056262740514,optica2000,8056262740514,Unofficial UO2239 3,Unofficial,,Violeta,Acetato,Ojo de gato,Aro Completo,Mujer,124.0,16.0,54.0,145.0,UO2239 3,59.0,,59.0,False,,False,True,True,True,2026-08-02T09:59:38+00:00
https://www.optica2000.com/gafas-graduadas/unofficial-uo2240-1/8056262739327,optica2000,8056262739327,Unofficial UO2240 1,Unofficial,,Havana,Acetato,Irregular,Aro Completo,Mujer,122.0,18.0,52.0,140.0,UO2240 1,59.0,,59.0,False,,False,True,True,True,2026-08-02T09:48:01+00:00
https://www.optica2000.com/gafas-graduadas/unofficial-uo2240-1/8056262739365,optica2000,8056262739365,Unofficial UO2240 2,Unofficial,,Blanco,Acetato,Irregular,Aro Completo,Mujer,122.0,18.0,52.0,140.0,UO2240 2,59.0,,59.0,False,,False,True,True,True,2026-08-02T09:38:52+00:00
https://www.optica2000.com/gafas-graduadas/unofficial-uo2241-1/8056262739334,optica2000,8056262739334,Unofficial UO2241 1,Unofficial,,Havana,Acetato,Irregular,Aro Completo,Mujer,118.0,16.0,51.0,140.0,UO2241 1,59.0,,59.0,False,,False,True,True,True,2026-08-02T10:05:34+00:00
https://www.optica2000.com/gafas-graduadas/unofficial-uo2241-1/8056262739372,optica2000,8056262739372,Unofficial UO2241 2,Unofficial,,Rojo,Acetato,Irregular,Aro Completo,Mujer,118.0,16.0,51.0,140.0,UO2241 2,59.0,,59.0,False,,False,True,True,True,2026-08-02T09:31:47+00:00
https://www.optica2000.com/gafas-graduadas/unofficial-uo2242-2/8056262739310,optica2000,8056262739310,Unofficial UO2242 2,Unofficial,,Verde,Acetato,Irregular,Aro Completo,Hombre,117.0,21.0,48.0,148.0,UO2242 2,59.0,,59.0,False,,False,True,True,True,2026-08-02T10:09:21+00:00
https://www.optica2000.com/gafas-graduadas/unofficial-uo2242-2/8056262739358,optica2000,8056262739358,Unofficial UO2242 3,Unofficial,,Azul,Acetato,Irregular,Aro Completo,Hombre,117.0,21.0,48.0,148.0,UO2242 3,59.0,,59.0,False,,False,True,True,True,2026-08-02T09:49:00+00:00
https://www.optica2000.com/gafas-graduadas/unofficial-uo2243-1/8056262739471,optica2000,8056262739471,Unofficial UO2243 1,Unofficial,,Negro,Acetato,Aviador,Aro Completo,Hombre,127.0,17.0,55.0,145.0,UO2243 1,59.0,,59.0,False,,False,True,True,False,2026-08-02T09:58:58+00:00
https://www.optica2000.com/gafas-graduadas/unofficial-uo2243-1/8056262739532,optica2000,8056262739532,Unofficial UO2243 2,Unofficial,,Marrón,Acetato,Aviador,Aro Completo,Hombre,127.0,17.0,55.0,145.0,UO2243 2,59.0,,59.0,False,,False,True,True,True,2026-08-02T09:40:04+00:00
https://www.optica2000.com/gafas-graduadas/unofficial-uo2244-1/8056262739488,optica2000,8056262739488,Unofficial UO2244 1,Unofficial,,Negro,Acetato,Cuadrado,Aro Completo,Hombre,124.0,20.0,52.0,145.0,UO2244 1,59.0,,59.0,False,,False,True,True,True,2026-08-02T10:04:02+00:00
https://www.optica2000.com/gafas-graduadas/unofficial-uo2244-1/8056262739549,optica2000,8056262739549,Unofficial UO2244 2,Unofficial,,Gris,Acetato,Cuadrado,Aro Completo,Hombre,124.0,20.0,52.0,145.0,UO2244 2,59.0,,59.0,False,,False,True,True,True,2026-08-02T10:05:41+00:00
https://www.optica2000.com/gafas-graduadas/unofficial-uo2247-2/8056262739839,optica2000,8056262739839,Unofficial UO2247 2,Unofficial,,Havana,Acetato,Ojo de gato,Aro Completo,Mujer,126.0,16.0,55.0,140.0,UO2247 2,59.0,,59.0,False,,False,True,True,True,2026-08-02T10:03:01+00:00
https://www.optica2000.com/gafas-graduadas/unofficial-uo2247-2/8056262739945,optica2000,8056262739945,Unofficial UO2247 3,Unofficial,,Marrón,Acetato,Ojo de gato,Aro Completo,Mujer,126.0,16.0,55.0,140.0,UO2247 3,59.0,,59.0,False,,False,True,True,True,2026-08-02T09:38:44+00:00
https://www.optica2000.com/gafas-graduadas/unofficial-uo3011-tt00/8056262840283,optica2000,8056262840283,Unofficial UO3011 TT00,Unofficial,,Transparente,Nylon,Redondo,Aro Completo,Hombre,120.0,20.0,50.0,145.0,UO3011 TT00,59.0,,59.0,False,,False,True,True,True,2026-08-02T09:49:04+00:00
https://www.optica2000.com/gafas-graduadas/unofficial-uo3050-1/8056597987912,optica2000,8056597987912,Unofficial UO3050 1,Unofficial,,Verde,Inyectado,Rectángulo,Aro Completo,Hombre,124.0,18.0,53.0,145.0,UO3050 1,59.0,,59.0,False,,False,True,True,True,2026-08-02T09:47:15+00:00
https://www.optica2000.com/gafas-graduadas/unofficial-uo3050-1/8056597987943,optica2000,8056597987943,Unofficial UO3050 2,Unofficial,,Negro,Inyectado,Rectángulo,Aro Completo,Hombre,128.0,18.0,55.0,145.0,UO3050 2,59.0,,59.0,False,,False,True,True,True,2026-08-02T09:54:43+00:00
https://www.optica2000.com/gafas-graduadas/unofficial-uo3051-1/8056597987028,optica2000,8056597987028,Unofficial UO3051 1,Unofficial,,Negro,Inyectado,Rectángulo,Aro Completo,Hombre,129.0,17.0,56.0,140.0,UO3051 1,59.0,,59.0,False,,False,True,True,True,2026-08-02T09:54:58+00:00
https://www.optica2000.com/gafas-graduadas/unofficial-uo3051-1/8056597987073,optica2000,8056597987073,Unofficial UO3051 2,Unofficial,,Azul,Inyectado,Rectángulo,Aro Completo,Hombre,129.0,17.0,56.0,140.0,UO3051 2,59.0,,59.0,False,,False,True,True,True,2026-08-02T10:04:05+00:00
https://www.optica2000.com/gafas-graduadas/unofficial-uo3054-1/8056262133385,optica2000,8056262133385,Unofficial UO3054 1,Unofficial,,Havana,Inyectado,Ojo de gato,Aro Completo,Mujer,119.0,17.0,51.0,145.0,UO3054 1,59.0,,59.0,False,,False,True,True,True,2026-08-02T10:00:50+00:00
https://www.optica2000.com/gafas-graduadas/unofficial-uo3054-1/8056262133439,optica2000,8056262133439,Unofficial UO3054 2,Unofficial,,Rojo,Inyectado,Ojo de gato,Aro Completo,Mujer,119.0,17.0,51.0,145.0,UO3054 2,59.0,,59.0,False,,False,True,True,True,2026-08-02T10:08:22+00:00
https://www.optica2000.com/gafas-graduadas/unofficial-uo3055-1/8056262133699,optica2000,8056262133699,Unofficial UO3055 1,Unofficial,,Rosa,Inyectado,Ojo de gato,Aro Completo,Mujer,120.0,18.0,51.0,140.0,UO3055 1,59.0,,59.0,False,,False,True,True,True,2026-08-02T09:46:54+00:00
https://www.optica2000.com/gafas-graduadas/unofficial-uo3057-3/8056262133989,optica2000,8056262133989,Unofficial UO3057 3,Unofficial,,Azul,Inyectado,Cuadrado,Aro Completo,Hombre,119.0,19.0,50.0,140.0,UO3057 3,59.0,,59.0,False,,False,True,True,True,2026-08-02T09:41:20+00:00
https://www.optica2000.com/gafas-graduadas/unofficial-uo3059-1/8056262323960,optica2000,8056262323960,Unofficial UO3059 1,Unofficial,,Negro,Inyectado,Ojo de gato,Aro Completo,Mujer,125.0,17.0,54.0,145.0,UO3059 1,59.0,,59.0,False,,False,True,True,False,2026-08-02T09:53:34+00:00
https://www.optica2000.com/gafas-graduadas/unofficial-uo3061-1/8056262323496,optica2000,8056262323496,Unofficial UO3061 1,Unofficial,,Rosa,Inyectado,Redondo,Aro Completo,Mujer,117.0,19.0,49.0,140.0,UO3061 1,59.0,,59.0,False,,False,True,True,True,2026-08-02T10:01:04+00:00
https://www.optica2000.com/gafas-graduadas/unofficial-uo3061-2/8056262323557,optica2000,8056262323557,Unofficial UO3061 2,Unofficial,,Marrón,Inyectado,Redondo,Aro Completo,Mujer,117.0,19.0,49.0,140.0,UO3061 2,59.0,,59.0,False,,False,True,True,True,2026-08-02T09:59:14+00:00
https://www.optica2000.com/gafas-graduadas/unofficial-uo3063-1/8056262324080,optica2000,8056262324080,Unofficial UO3063 1,Unofficial,,Negro,Inyectado,Rectángulo,Aro Completo,Hombre,123.0,17.0,53.0,145.0,UO3063 1,59.0,,59.0,False,,False,True,True,False,2026-08-02T09:42:24+00:00
https://www.optica2000.com/gafas-graduadas/unofficial-uo3063-2/8056262324103,optica2000,8056262324103,Unofficial UO3063 2,Unofficial,,Azul,Inyectado,Rectángulo,Aro Completo,Hombre,123.0,17.0,53.0,145.0,UO3063 2,59.0,,59.0,False,,False,True,True,True,2026-08-02T10:07:04+00:00
https://www.optica2000.com/gafas-graduadas/unofficial-uo3063-3/8056262324110,optica2000,8056262324110,Unofficial UO3063 3,Unofficial,,Havana,Inyectado,Rectángulo,Aro Completo,Hombre,123.0,17.0,53.0,145.0,UO3063 3,59.0,,59.0,False,,False,True,True,True,2026-08-02T09:43:29+00:00
https://www.optica2000.com/gafas-graduadas/unofficial-uo3064-1/8056262324127,optica2000,8056262324127,Unofficial UO3064 1,Unofficial,,Gris,Inyectado,Cuadrado,Aro Completo,Hombre,122.0,18.0,52.0,145.0,UO3064 1,59.0,,59.0,False,,False,True,True,True,2026-08-02T09:49:50+00:00
https://www.optica2000.com/gafas-graduadas/unofficial-uo3064-3/8056262324233,optica2000,8056262324233,Unofficial UO3064 3,Unofficial,,Marrón,Inyectado,Cuadrado,Aro Completo,Hombre,122.0,18.0,52.0,145.0,UO3064 3,59.0,,59.0,False,,False,True,True,True,2026-08-02T09:46:50+00:00
https://www.optica2000.com/gafas-graduadas/unofficial-uo3067-1/8056262739563,optica2000,8056262739563,Unofficial UO3067 1,Unofficial,,Negro,Inyectado,Redondo,Aro Completo,Hombre,122.0,20.0,51.0,140.0,UO3067 1,59.0,,59.0,False,,False,True,True,True,2026-08-02T09:56:15+00:00
https://www.optica2000.com/gafas-graduadas/unofficial-uo3067-1/8056262739648,optica2000,8056262739648,Unofficial UO3067 2,Unofficial,,Gris,Inyectado,Redondo,Aro Completo,Hombre,122.0,20.0,51.0,140.0,UO3067 2,59.0,,59.0,False,,False,True,True,True,2026-08-02T09:42:31+00:00
https://www.optica2000.com/gafas-graduadas/unofficial-uo3067-1/8056262739709,optica2000,8056262739709,Unofficial UO3067 3,Unofficial,,Transparente,Inyectado,Redondo,Aro Completo,Hombre,122.0,20.0,51.0,140.0,UO3067 3,59.0,,59.0,False,,False,True,True,True,2026-08-02T09:57:45+00:00
https://www.optica2000.com/gafas-graduadas/unofficial-uo3068-1/8056262739884,optica2000,8056262739884,Unofficial UO3068 1,Unofficial,,Negro,Inyectado,Ojo de gato,Aro Completo,Mujer,124.0,16.0,54.0,140.0,UO3068 1,59.0,,59.0,False,,False,True,True,True,2026-08-02T09:50:57+00:00
https://www.optica2000.com/gafas-graduadas/unofficial-uo3068-1/8056262740026,optica2000,8056262740026,Unofficial UO3068 2,Unofficial,,Violeta,Inyectado,Ojo de gato,Aro Completo,Mujer,124.0,16.0,54.0,140.0,UO3068 2,59.0,,59.0,False,,False,True,True,True,2026-08-02T09:39:51+00:00
https://www.optica2000.com/gafas-graduadas/unofficial-uo3068-1/8056262740064,optica2000,8056262740064,Unofficial UO3068 3,Unofficial,,Azul,Inyectado,Ojo de gato,Aro Completo,Mujer,124.0,16.0,54.0,140.0,UO3068 3,59.0,,59.0,False,,False,True,True,True,2026-08-02T10:06:37+00:00
https://www.optica2000.com/gafas-graduadas/versace-0ve1275-1433-54-15/8056597384520,optica2000,8056597384520,Versace 0VE1275 1433,Versace,,Negro,Acero,Rectángulo,Aro Completo,Mujer,123.0,15.0,54.0,140.0,0VE1275 1433,200.0,,200.0,False,,False,True,True,True,2026-08-02T10:01:39+00:00
https://www.optica2000.com/gafas-graduadas/versace-0ve1288-1002-52-18/8056597832335,optica2000,8056597832335,Versace 0VE1288 1002,Versace,,Oro,Acero,Oval,Aro Completo,Mujer,122.0,18.0,52.0,140.0,0VE1288 1002,210.0,,210.0,False,,False,True,True,False,2026-08-02T09:56:48+00:00
https://www.optica2000.com/gafas-graduadas/versace-0ve3186-gb1-54-16/8053672109238,optica2000,8053672109238,Versace 0VE3186 GB1,Versace,,Negro,Acetato,Ojo de gato,Aro Completo,Mujer,124.0,16.0,54.0,140.0,0VE3186 GB1,200.0,,200.0,False,,False,True,True,True,2026-08-02T10:09:06+00:00
https://www.optica2000.com/gafas-graduadas/versace-0ve3294-gb1-53-18/8056597340786,optica2000,8056597340786,Versace 0VE3294 GB1,Versace,,Negro,Acetato,Ojo de gato,Aro Completo,Mujer,124.0,18.0,53.0,140.0,0VE3294 GB1,220.0,,220.0,False,,False,True,True,True,2026-08-02T09:50:04+00:00
https://www.optica2000.com/gafas-graduadas/versace-0ve3304-gb1-53-18/8056597535908,optica2000,8056597535908,Versace 0VE3304 GB1,Versace,,Negro,Acetato,Ojo de gato,Aro Completo,Mujer,124.0,18.0,53.0,140.0,0VE3304 GB1,200.0,,200.0,False,,False,True,True,True,2026-08-02T09:46:10+00:00
https://www.optica2000.com/gafas-graduadas/versace-0ve3320u-gb1-56-16/8056597683272,optica2000,8056597683272,Versace 0VE3320U GB1,Versace,,Negro,Acetato,Hexagonal,Aro Completo,Hombre,128.0,16.0,56.0,145.0,0VE3320U GB1,242.0,,242.0,False,,False,True,True,True,2026-08-02T09:43:26+00:00
https://www.optica2000.com/gafas-graduadas/versace-0ve3334-gb1-53-17/8056597829519,optica2000,8056597829519,Versace 0VE3334 GB1,Versace,,Negro,Acetato,Ojo de gato,Aro Completo,Mujer,123.0,17.0,53.0,140.0,0VE3334 GB1,245.0,,245.0,False,,False,True,True,True,2026-08-02T10:02:53+00:00
https://www.optica2000.com/gafas-graduadas/versace-0ve3338-5409-54-18/8056597831512,optica2000,8056597831512,Versace 0VE3338 5409,Versace,,Transparente,Acetato,Rectángulo,Aro Completo,Mujer,126.0,18.0,54.0,140.0,0VE3338 5409,131.5,263.0,263.0,True,50.0,True,True,True,False,2026-08-02T09:49:12+00:00
https://www.optica2000.com/gafas-graduadas/versace-0ve3341u-gb1-50-18/8056597892926,optica2000,8056597892926,Versace 0VE3341U GB1,Versace,,Negro,Acetato,Cuadrado,Aro Completo,Mujer,118.0,18.0,50.0,145.0,0VE3341U GB1,242.0,,242.0,False,,False,True,True,False,2026-08-02T09:40:56+00:00
https://www.optica2000.com/gafas-graduadas/versace-ve1305-1002/8056262427736,optica2000,8056262427736,Versace VE1305 1002,Versace,,Oro,Metal,Redondo,Al aire,Mujer,126.0,16.0,55.0,140.0,VE1305 1002,330.0,,330.0,False,,False,True,True,True,2026-08-02T09:55:39+00:00
https://www.optica2000.com/gafas-graduadas/versace-ve1305-1412/8056262427750,optica2000,8056262427750,Versace VE1305 1412,Versace,,Oro,Metal,Redondo,Al aire,Mujer,126.0,16.0,55.0,140.0,VE1305 1412,330.0,,330.0,False,,False,True,True,True,2026-08-02T09:58:03+00:00
https://www.optica2000.com/gafas-graduadas/versace-ve1306-1436/8056262476086,optica2000,8056262476086,Versace VE1306 1436,Versace,,Negro,Metal,Rectángulo,Aro Completo,Hombre,130.0,16.0,57.0,140.0,VE1306 1436,284.0,,284.0,False,,False,True,True,True,2026-08-02T10:01:46+00:00
https://www.optica2000.com/gafas-graduadas/versace-ve1307-1001/8056262422045,optica2000,8056262422045,Versace VE1307 1001,Versace,,Gris,Metal,Aviador,Aro Completo,Hombre,126.0,12.0,57.0,140.0,VE1307 1001,284.0,,284.0,False,,False,True,True,True,2026-08-02T09:55:01+00:00
https://www.optica2000.com/gafas-graduadas/versace-ve1307-1002/8056262422014,optica2000,8056262422014,Versace VE1307 1002,Versace,,Oro,Metal,Aviador,Aro Completo,Hombre,130.0,12.0,59.0,140.0,VE1307 1002,284.0,,284.0,False,,False,True,True,True,2026-08-02T09:49:16+00:00
https://www.optica2000.com/gafas-graduadas/versace-ve1313d-1252/8056262581384,optica2000,8056262581384,Versace VE1313D 1252,Versace,,Oro,Metal,Redondo,Aro Completo,Mujer,128.0,18.0,55.0,145.0,VE1313D 1252,230.0,,230.0,False,,False,True,True,True,2026-08-02T09:49:36+00:00
https://www.optica2000.com/gafas-graduadas/versace-ve3303-593/8056597535779,optica2000,8056597535779,Versace VE3303 593,Versace,,Gris,Acetato,Rectángulo,Aro Completo,Hombre,128.0,18.0,55.0,140.0,VE3303 593,200.0,,200.0,False,,False,True,True,True,2026-08-02T09:54:54+00:00
https://www.optica2000.com/gafas-graduadas/versace-ve3303-gb1/8056597896733,optica2000,8056597896733,Versace VE3303 GB1,Versace,,Negro,Acetato,Rectángulo,Aro Completo,Hombre,132.0,18.0,57.0,140.0,VE3303 GB1,140.0,200.0,200.0,True,30.0,True,True,True,True,2026-08-02T09:48:20+00:00
https://www.optica2000.com/gafas-graduadas/versace-ve3342-gb1/8056597920575,optica2000,8056597920575,Versace VE3342 GB1,Versace,,Negro,Acetato,Rectángulo,Aro Completo,Hombre,131.0,17.0,57.0,150.0,VE3342 GB1,230.0,,230.0,False,,False,True,True,True,2026-08-02T09:42:22+00:00
https://www.optica2000.com/gafas-graduadas/versace-ve3347/8056597921350,optica2000,8056597921350,Versace VE3347 5435,Versace,,Rosa,Acetato,Rectángulo Cuadrado,,Mujer,124.0,16.0,54.0,140.0,VE3347 5435,270.0,,270.0,False,,False,True,True,True,2026-08-02T09:40:01+00:00
https://www.optica2000.com/gafas-graduadas/versace-ve3354-5456/8056262011812,optica2000,8056262011812,Versace VE3354 5456,Versace,,Havana,Acetato,Rectángulo,Aro Completo,Hombre,128.0,18.0,55.0,145.0,VE3354 5456,284.0,,284.0,False,,False,True,True,True,2026-08-02T10:05:53+00:00
https://www.optica2000.com/gafas-graduadas/versace-ve3354-gb1/8056262011843,optica2000,8056262011843,Versace VE3354 GB1,Versace,,Negro,Acetato,Rectángulo,Aro Completo,Hombre,124.0,18.0,53.0,145.0,VE3354 GB1,284.0,,284.0,False,,False,True,True,True,2026-08-02T09:38:39+00:00
https://www.optica2000.com/gafas-graduadas/versace-ve3357/8056262010983,optica2000,8056262010983,Versace VE3357 108,Versace,,Havana,Acetato,Rectángulo,Aro Completo,Mujer,127.0,17.0,55.0,145.0,VE3357 108,121.0,242.0,242.0,True,50.0,True,True,True,False,2026-08-02T10:03:59+00:00
https://www.optica2000.com/gafas-graduadas/versace-ve3357/8056262011034,optica2000,8056262011034,Versace VE3357 GB1,Versace,,Negro,Acetato,Rectángulo,Aro Completo,Mujer,123.0,17.0,53.0,145.0,VE3357 GB1,169.4,242.0,242.0,True,30.0,True,True,True,False,2026-08-02T10:02:25+00:00
https://www.optica2000.com/gafas-graduadas/versace-ve3362u/8056262142394,optica2000,8056262142394,Versace VE3362U GB1,Versace,,Negro,Acetato,Rectángulo Cuadrado,,Mujer,123.0,17.0,53.0,140.0,VE3362U GB1,250.0,,250.0,False,,False,True,True,True,2026-08-02T09:50:10+00:00
https://www.optica2000.com/gafas-graduadas/versace-ve3373u-5512/8056262421611,optica2000,8056262421611,Versace VE3373U 5512,Versace,,Rojo,Acetato,Ojo de gato,Aro Completo,Mujer,121.0,17.0,52.0,140.0,VE3373U 5512,221.0,,221.0,False,,False,True,True,True,2026-08-02T09:45:41+00:00
https://www.optica2000.com/gafas-graduadas/versace-ve3373u-gb1/8056262421581,optica2000,8056262421581,Versace VE3373U GB1,Versace,,Negro,Acetato,Ojo de gato,Aro Completo,Mujer,125.0,17.0,54.0,140.0,VE3373U GB1,230.0,,230.0,False,,False,True,True,True,2026-08-02T10:00:28+00:00
https://www.optica2000.com/gafas-graduadas/versace-ve3375-5234/8056262420775,optica2000,8056262420775,Versace VE3375 5234,Versace,,Rojo,Acetato,Ojo de gato,Aro Completo,Mujer,120.0,16.0,52.0,140.0,VE3375 5234,200.0,,200.0,False,,False,True,True,True,2026-08-02T09:50:29+00:00
https://www.optica2000.com/gafas-graduadas/versace-ve3375-gb1/8056262420829,optica2000,8056262420829,Versace VE3375 GB1,Versace,,Negro,Acetato,Ojo de gato,Aro Completo,Mujer,124.0,16.0,54.0,140.0,VE3375 GB1,200.0,,200.0,False,,False,True,True,True,2026-08-02T10:02:50+00:00
https://www.optica2000.com/gafas-graduadas/versace-ve3383-gb1/8056262551608,optica2000,8056262551608,Versace VE3383 GB1,Versace,,Negro,Acetato,Ojo de gato,Aro Completo,Mujer,125.0,17.0,54.0,140.0,VE3383 GB1,270.0,,270.0,False,,False,True,True,True,2026-08-02T09:42:50+00:00
https://www.optica2000.com/gafas-graduadas/vogue-0vo4108-280-51-18/8053672967944,optica2000,8053672967944,Vogue Eyewear 0VO4108 280,Vogue Eyewear,,Negro,Metal,Redondo,Aro Completo,Mujer,120.0,18.0,51.0,135.0,0VO4108 280,131.0,,131.0,False,,False,True,True,True,2026-08-02T10:08:06+00:00
https://www.optica2000.com/gafas-graduadas/vogue-0vo4196-848-53-16/8056597423588,optica2000,8056597423588,Vogue Eyewear 0VO4196 848,Vogue Eyewear,,Oro,Metal,Ojo de gato,Aro Completo,Mujer,122.0,16.0,53.0,140.0,0VO4196 848,110.0,,110.0,False,,False,True,True,False,2026-08-02T09:50:39+00:00
https://www.optica2000.com/gafas-graduadas/vogue-0vo4209-5140-52-18/8056597447096,optica2000,8056597447096,Vogue Eyewear 0VO4209 5140,Vogue Eyewear,,Violeta,Metal,Redondo,Aro Completo,Mujer,122.0,18.0,52.0,140.0,0VO4209 5140,121.0,,121.0,False,,False,True,True,True,2026-08-02T10:01:28+00:00
https://www.optica2000.com/gafas-graduadas/vogue-0vo5413-2903-51-14/8056597519748,optica2000,8056597519748,Vogue Eyewear 0VO5413 2903,Vogue Eyewear,,Transparente,Nylon,Ojo de gato,Aro Completo,Mujer,116.0,14.0,51.0,140.0,0VO5413 2903,47.5,95.0,95.0,True,50.0,True,True,True,False,2026-08-02T10:04:32+00:00
https://www.optica2000.com/gafas-graduadas/vogue-0vo5420-2804-53-17/8056597602174,optica2000,8056597602174,Vogue Eyewear 0VO5420 2804,Vogue Eyewear,,Transparente,Inyectado,Rectángulo,Aro Completo,Mujer,123.0,17.0,53.0,140.0,0VO5420 2804,50.0,100.0,100.0,True,50.0,True,True,True,False,2026-08-02T09:31:48+00:00
https://www.optica2000.com/gafas-graduadas/vogue-0vo5421-2992-53-18/8056597607735,optica2000,8056597607735,Vogue Eyewear 0VO5421 2992,Vogue Eyewear,,Negro,Inyectado,Redondo,Aro Completo,Mujer,124.0,18.0,53.0,140.0,0VO5421 2992,55.0,110.0,110.0,True,50.0,True,True,True,False,2026-08-02T09:58:59+00:00
https://www.optica2000.com/gafas-graduadas/vogue-0vo5423-2987-53-18/8056597602747,optica2000,8056597602747,Vogue Eyewear 0VO5423 2987,Vogue Eyewear,,Transparente,Inyectado,Redondo,Aro Completo,Mujer,124.0,18.0,53.0,140.0,0VO5423 2987,57.5,115.0,115.0,True,50.0,True,True,True,False,2026-08-02T09:51:36+00:00
https://www.optica2000.com/gafas-graduadas/vogue-0vo5443-3007-52-17/8056597683647,optica2000,8056597683647,Vogue Eyewear 0VO5443 3007,Vogue Eyewear,,Blanco,Acetato,Rectángulo,Aro Completo,Mujer,121.0,17.0,52.0,135.0,0VO5443 3007,49.5,99.0,99.0,True,50.0,True,True,True,False,2026-08-02T10:08:04+00:00
https://www.optica2000.com/gafas-graduadas/vogue-eyewear-vo4177-280/8056597234221,optica2000,8056597234221,Vogue Eyewear VO4177 280,Vogue Eyewear,,Negro,Metal,Redondo,Aro Completo,Mujer,119.0,19.0,50.0,135.0,VO4177 280,110.0,,110.0,False,,False,True,True,True,2026-08-02T10:06:35+00:00
https://www.optica2000.com/gafas-graduadas/vogue-eyewear-vo4178-848/8056597234139,optica2000,8056597234139,Vogue Eyewear VO4178 848,Vogue Eyewear,,Oro,Metal,Cuadrado,Aro Completo,Mujer,122.0,18.0,52.0,135.0,VO4178 848,121.0,,121.0,False,,False,True,True,True,2026-08-02T09:47:52+00:00
https://www.optica2000.com/gafas-graduadas/vogue-eyewear-vo4196-5152/8056262285633,optica2000,8056262285633,Vogue Eyewear VO4196 5152,Vogue Eyewear,,Oro,Metal,Ojo de gato,Aro Completo,Mujer,122.0,16.0,53.0,140.0,VO4196 5152,110.0,,110.0,False,,False,True,True,False,2026-08-02T09:46:52+00:00
https://www.optica2000.com/gafas-graduadas/vogue-eyewear-vo4280t-5194/8056262363843,optica2000,8056262363843,Vogue Eyewear VO4280T 5194,Vogue Eyewear,,Rojo,Titanio,Redondo,Aro Completo,Mujer,120.0,18.0,51.0,140.0,VO4280T 5194,152.0,,152.0,False,,False,True,True,True,2026-08-02T09:51:32+00:00
https://www.optica2000.com/gafas-graduadas/vogue-eyewear-vo4280t-5212/8056262412268,optica2000,8056262412268,Vogue Eyewear VO4280T 5212,Vogue Eyewear,,Gris,Titanio,Redondo,Aro Completo,Mujer,120.0,18.0,51.0,140.0,VO4280T 5212,152.0,,152.0,False,,False,True,True,True,2026-08-02T10:08:49+00:00
https://www.optica2000.com/gafas-graduadas/vogue-eyewear-vo4331-5207/8056262348703,optica2000,8056262348703,Vogue Eyewear VO4331 5207,Vogue Eyewear,,Rosa,Metal,Ojo de gato,Semi Al Aire,Mujer,123.0,17.0,53.0,140.0,VO4331 5207,100.0,,100.0,False,,False,True,True,True,2026-08-02T10:00:47+00:00
https://www.optica2000.com/gafas-graduadas/vogue-eyewear-vo4331-5208/8056262348727,optica2000,8056262348727,Vogue Eyewear VO4331 5208,Vogue Eyewear,,Oro,Metal,Ojo de gato,Semi Al Aire,Mujer,119.0,17.0,51.0,140.0,VO4331 5208,100.0,,100.0,False,,False,True,True,True,2026-08-02T10:05:17+00:00
https://www.optica2000.com/gafas-graduadas/vogue-eyewear-vo4351-5138/8056262732359,optica2000,8056262732359,Vogue Eyewear VO4351 848,Vogue Eyewear,,Oro,Metal,Irregular,Aro Completo,Mujer,125.0,19.0,53.0,140.0,VO4351 848,121.0,,121.0,False,,False,True,True,True,2026-08-02T09:45:01+00:00
https://www.optica2000.com/gafas-graduadas/vogue-eyewear-vo4351-5138/8056262732397,optica2000,8056262732397,Vogue Eyewear VO4351 5138,Vogue Eyewear,,Marrón,Metal,Irregular,Aro Completo,Mujer,121.0,19.0,51.0,140.0,VO4351 5138,121.0,,121.0,False,,False,True,True,True,2026-08-02T09:43:13+00:00
https://www.optica2000.com/gafas-graduadas/vogue-eyewear-vo4357d-5152/8056262750667,optica2000,8056262750667,Vogue Eyewear VO4357D 848,Vogue Eyewear,,Oro,Metal,Irregular,Aro Completo,Mujer,124.0,18.0,53.0,145.0,VO4357D 848,93.0,,93.0,False,,False,True,True,True,2026-08-02T09:32:07+00:00
https://www.optica2000.com/gafas-graduadas/vogue-eyewear-vo4357d-5152/8056262750674,optica2000,8056262750674,Vogue Eyewear VO4357D 5152,Vogue Eyewear,,Bronce,Metal,Irregular,Aro Completo,Mujer,124.0,18.0,53.0,145.0,VO4357D 5152,93.0,,93.0,False,,False,True,True,True,2026-08-02T10:06:14+00:00
https://www.optica2000.com/gafas-graduadas/vogue-eyewear-vo5163-2557/8053672759068,optica2000,8053672759068,Vogue Eyewear VO5163 2557,Vogue Eyewear,,Violeta,Inyectado,Cuadrado,Aro Completo,Mujer,118.0,16.0,51.0,140.0,VO5163 2557,131.0,,131.0,False,,False,True,True,True,2026-08-02T09:52:06+00:00
https://www.optica2000.com/gafas-graduadas/vogue-eyewear-vo5276-2736/8056597062558,optica2000,8056597062558,Vogue Eyewear VO5276 W44,Vogue Eyewear,,Negro,Inyectado,Ojo de gato,Aro Completo,Hombre,119.0,17.0,51.0,140.0,VO5276 W44,121.0,,121.0,False,,False,True,True,True,2026-08-02T09:32:36+00:00
https://www.optica2000.com/gafas-graduadas/vogue-eyewear-vo5276-2736/8056597062602,optica2000,8056597062602,Vogue Eyewear VO5276 2736,Vogue Eyewear,,Marrón,Inyectado,Ojo de gato,Aro Completo,Mujer,123.0,17.0,53.0,140.0,VO5276 2736,121.0,,121.0,False,,False,True,True,True,2026-08-02T09:50:24+00:00
https://www.optica2000.com/gafas-graduadas/vogue-eyewear-vo5518/8056597926522,optica2000,8056597926522,Vogue Eyewear VO5518 2942,Vogue Eyewear,,Rosa,Nailon,Rectángulo Cuadrado,,Mujer,122.0,16.0,53.0,140.0,VO5518 2942,100.0,,100.0,False,,False,True,True,True,2026-08-02T09:46:44+00:00
https://www.optica2000.com/gafas-graduadas/vogue-eyewear-vo5522-3100/8056597934107,optica2000,8056597934107,Vogue Eyewear VO5522 3100,Vogue Eyewear,,Rojo,Inyectado,Irregular,Aro Completo,Mujer,124.0,16.0,54.0,140.0,VO5522 3100,121.0,,121.0,False,,False,True,True,True,2026-08-02T10:08:09+00:00
https://www.optica2000.com/gafas-graduadas/vogue-eyewear-vo5523/8056597927291,optica2000,8056597927291,Vogue Eyewear VO5523 W656,Vogue Eyewear,,Marrón,Acetato,Ojo de gato,,Mujer,121.0,17.0,52.0,140.0,VO5523 W656,110.0,,110.0,False,,False,True,True,True,2026-08-02T09:46:38+00:00
https://www.optica2000.com/gafas-graduadas/vogue-eyewear-vo5563/8056262005415,optica2000,8056262005415,Vogue Eyewear VO5563 W745,Vogue Eyewear,,Oro O,Nailon,Ojo de gato,,Mujer,123.0,17.0,53.0,140.0,VO5563 W745,110.0,,110.0,False,,False,True,True,True,2026-08-02T09:40:11+00:00
https://www.optica2000.com/gafas-graduadas/vogue-eyewear-vo5602-2990/8056262227558,optica2000,8056262227558,Vogue Eyewear VO5602 2990,Vogue Eyewear,,Marrón,Nylon,Irregular,Aro Completo,Mujer,120.0,16.0,52.0,140.0,VO5602 2990,93.0,,93.0,False,,False,True,True,True,2026-08-02T09:50:53+00:00
https://www.optica2000.com/gafas-graduadas/vogue-eyewear-vo5622-2745/8056262364833,optica2000,8056262364833,Vogue Eyewear VO5622 2745,Vogue Eyewear,,Violeta,Nylon,Hexagonal,Aro Completo,Mujer,124.0,14.0,55.0,140.0,VO5622 2745,65.1,93.0,93.0,True,30.0,True,True,True,True,2026-08-02T10:07:34+00:00
https://www.optica2000.com/gafas-graduadas/vogue-eyewear-vo5622-w745/8056262364772,optica2000,8056262364772,Vogue Eyewear VO5622 W745,Vogue Eyewear,,Transparente,Nylon,Hexagonal,Aro Completo,Mujer,120.0,14.0,53.0,140.0,VO5622 W745,65.1,93.0,93.0,True,30.0,True,True,True,True,2026-08-02T10:06:50+00:00
https://www.optica2000.com/gafas-graduadas/vogue-eyewear-vo5680b-2940/8056262533703,optica2000,8056262533703,Vogue Eyewear VO5680B W656,Vogue Eyewear,,Havana,Nylon,Cuadrado,Aro Completo,Mujer,121.0,17.0,52.0,140.0,VO5680B W656,131.0,,131.0,False,,False,True,True,True,2026-08-02T09:56:01+00:00
https://www.optica2000.com/gafas-graduadas/vogue-eyewear-vo5680b-2940/8056262533734,optica2000,8056262533734,Vogue Eyewear VO5680B 2940,Vogue Eyewear,,Marrón,Nylon,Cuadrado,Aro Completo,Mujer,125.0,17.0,54.0,140.0,VO5680B 2940,131.0,,131.0,False,,False,True,True,True,2026-08-02T10:09:03+00:00
https://www.optica2000.com/gafas-graduadas/vogue-eyewear-vo5699u-3269/8056262729175,optica2000,8056262729175,Vogue Eyewear VO5699U 3291,Vogue Eyewear,,Havana,Acetato,Cuadrado,Aro Completo,Mujer,124.0,18.0,53.0,140.0,VO5699U 3291,100.0,,100.0,False,,False,True,True,True,2026-08-02T10:08:43+00:00
https://www.optica2000.com/gafas-graduadas/vogue-eyewear-vo5699u-3269/8056262729199,optica2000,8056262729199,Vogue Eyewear VO5699U 3269,Vogue Eyewear,,Marrón,Acetato,Cuadrado,Aro Completo,Mujer,124.0,18.0,53.0,140.0,VO5699U 3269,100.0,,100.0,False,,False,True,True,True,2026-08-02T10:07:15+00:00
https://www.optica2000.com/gafas-graduadas/vogue-eyewear-vo5699u-3269/8056262729205,optica2000,8056262729205,Vogue Eyewear VO5699U 3292,Vogue Eyewear,,Azul,Acetato,Cuadrado,Aro Completo,Mujer,120.0,18.0,51.0,140.0,VO5699U 3292,100.0,,100.0,False,,False,True,True,True,2026-08-02T09:41:00+00:00
https://www.optica2000.com/gafas-graduadas/vogue-eyewear-vo5702-2990/8056262729052,optica2000,8056262729052,Vogue Eyewear VO5702 2990,Vogue Eyewear,,Marrón,Nylon,Cuadrado,Aro Completo,Mujer,118.0,16.0,51.0,140.0,VO5702 2990,93.0,,93.0,False,,False,True,True,True,2026-08-02T10:07:48+00:00
https://www.optica2000.com/gafas-graduadas/vogue-eyewear-vo5702-2990/8056262740897,optica2000,8056262740897,Vogue Eyewear VO5702 3284,Vogue Eyewear,,Rojo,Nylon,Cuadrado,Aro Completo,Mujer,114.0,16.0,49.0,140.0,VO5702 3284,93.0,,93.0,False,,False,True,True,True,2026-08-02T10:03:46+00:00
https://www.optica2000.com/gafas-graduadas/vogue-eyewear-vo5702-2990/8056262830246,optica2000,8056262830246,Vogue Eyewear VO5702 3086,Vogue Eyewear,,Verde,Nylon,Cuadrado,Aro Completo,Mujer,114.0,16.0,49.0,140.0,VO5702 3086,93.0,,93.0,False,,False,True,True,True,2026-08-02T09:31:50+00:00
https://www.optica2000.com/gafas-graduadas/vogue-eyewear-vo5703u-2252/8056262728734,optica2000,8056262728734,Vogue Eyewear VO5703U 2252,Vogue Eyewear,,Marrón,Nylon,Redondo,Aro Completo,Mujer,123.0,17.0,53.0,140.0,VO5703U 2252,93.0,,93.0,False,,False,True,True,True,2026-08-02T10:03:43+00:00
https://www.optica2000.com/gafas-graduadas/vogue-eyewear-vo5703u-2252/8056262728741,optica2000,8056262728741,Vogue Eyewear VO5703U 2942,Vogue Eyewear,,Rosa,Nylon,Redondo,Aro Completo,Mujer,119.0,17.0,51.0,140.0,VO5703U 2942,93.0,,93.0,False,,False,True,True,True,2026-08-02T10:06:34+00:00
